Sample,Elapsed_s,Computation_ms
1,0.403533,15.453600000
2,0.425216,15.457100000
3,0.439338,13.753200000
4,0.451972,12.347400000
5,0.464441,12.194300000
6,0.475725,11.001300000
7,0.486444,10.433900000
8,0.496491,9.724500000
9,0.505938,9.182300000
10,0.515294,9.167000000
11,0.524908,9.431300000
12,0.534702,9.610200000
13,0.544231,9.429600000
14,0.553476,9.024500000
15,0.642440,11.762400000
16,0.657277,14.410900000
17,0.688043,13.102000000
18,0.703079,14.643400000
19,0.718037,14.617600000
20,0.731648,13.229500000
21,0.746755,14.781100000
22,0.760196,13.102800000
23,0.771631,11.163600000
24,0.781928,10.123000000
25,0.791622,9.484700000
26,0.800756,8.932600000
27,0.882747,15.021200000
28,0.903329,11.769700000
29,0.917957,14.261700000
30,0.929786,11.493400000
31,0.941054,10.952200000
32,0.952116,10.724200000
33,0.963398,11.016700000
34,0.973230,9.692400000
35,0.982822,9.332200000
36,0.992459,9.437900000
37,1.001642,8.999000000
38,1.010921,9.081700000
39,1.090115,11.288900000
40,1.103099,12.615600000
41,1.119452,15.943000000
42,1.132442,12.662600000
43,1.145106,12.320500000
44,1.157361,11.994200000
45,1.168552,10.973500000
46,1.179003,10.175900000
47,1.188811,9.613400000
48,1.198149,9.129200000
49,1.281939,12.395800000
50,1.296564,14.220800000
51,1.319345,12.478800000
52,1.332478,12.796900000
53,1.344083,11.346400000
54,1.355619,11.333000000
55,1.368157,12.324000000
56,1.380990,12.574400000
57,1.394077,12.806300000
58,1.407695,13.362400000
59,1.496634,12.252800000
60,1.535659,12.463000000
61,1.547616,11.656900000
62,1.559383,11.485800000
63,1.571178,11.550800000
64,1.582869,11.430400000
65,1.594104,11.108400000
66,1.605498,11.086100000
67,1.616626,10.888800000
68,1.627871,10.983100000
69,1.638934,10.813900000
70,1.732090,14.590400000
71,1.764232,12.615400000
72,1.775169,10.645600000
73,1.785619,10.260400000
74,1.795675,9.843400000
75,1.805069,9.184800000
76,1.814546,9.197500000
77,1.823674,8.915500000
78,1.832563,8.677700000
79,1.841604,8.851100000
80,1.850536,8.695000000
81,1.926539,12.552400000
82,1.949399,12.753700000
83,1.967298,13.752900000
84,1.979591,12.008000000
85,1.991085,11.174400000
86,2.001777,10.370100000
87,2.012075,9.991700000
88,2.021267,8.970600000
89,2.031076,9.611200000
90,2.040284,9.019500000
91,2.118048,12.477700000
92,2.133841,12.248600000
93,2.155366,12.021500000
94,2.167438,11.806000000
95,2.178797,11.103400000
96,2.189230,10.311900000
97,2.199351,9.864100000
98,2.208856,9.256800000
99,2.218637,9.580000000
100,2.228021,9.189200000
101,2.312812,12.822000000
102,2.326360,13.207200000
103,2.339416,12.713700000
104,2.354986,15.256200000
105,2.366932,11.672700000
106,2.378338,11.139400000
107,2.389785,11.199300000
108,2.400244,10.181000000
109,2.410693,10.255200000
110,2.488235,11.864800000
111,2.500748,12.163000000
112,2.513552,12.462300000
113,2.528431,14.543800000
114,2.540131,11.292000000
115,2.551310,10.901500000
116,2.561562,10.131800000
117,2.572648,10.850700000
118,2.586438,13.492200000
119,2.675348,12.194100000
120,2.688611,12.885800000
121,2.702385,13.499900000
122,2.722721,16.290400000
123,2.734892,11.869200000
124,2.746819,11.565100000
125,2.759575,12.557300000
126,2.771541,11.787500000
127,2.783783,11.833800000
128,2.875929,11.840900000
129,2.892026,11.485500000
130,2.905556,13.234800000
131,2.917087,11.177800000
132,2.927712,10.391800000
133,2.938451,10.517900000
134,2.948239,9.626700000
135,2.957652,9.204000000
136,2.966939,9.187700000
137,2.976054,8.886600000
138,3.054596,11.627500000
139,3.070269,12.790000000
140,3.084582,13.994900000
141,3.098725,12.775000000
142,3.110948,11.873700000
143,3.122268,11.003900000
144,3.132509,9.983600000
145,3.142473,9.733000000
146,3.152349,9.652600000
147,3.234685,16.735900000
148,3.249227,12.298700000
149,3.264365,14.866300000
150,3.276986,12.280700000
151,3.289307,12.062600000
152,3.301132,11.584800000
153,3.312174,10.812900000
154,3.322799,10.411000000
155,3.332853,9.866200000
156,3.411182,11.307200000
157,3.427669,12.297500000
158,3.442199,14.246700000
159,3.455671,13.068400000
160,3.469495,13.406200000
161,3.481813,11.988100000
162,3.493092,10.923200000
163,3.504035,10.722200000
164,3.515138,10.915000000
165,3.595027,11.309900000
166,3.607079,11.739600000
167,3.633598,11.906500000
168,3.644596,10.699800000
169,3.655614,10.779100000
170,3.666844,11.001700000
171,3.677048,10.012600000
172,3.686817,9.572700000
173,3.697011,9.915700000
174,3.782497,12.825400000
175,3.795293,12.388500000
176,3.809740,14.129100000
177,3.822371,12.252100000
178,3.834411,11.792200000
179,3.845753,11.053200000
180,3.856380,10.244500000
181,3.866448,9.724500000
182,3.875854,9.220800000
183,3.888517,12.418300000
184,3.978598,13.926000000
185,3.996364,13.871300000
186,4.014584,17.912500000
187,4.030545,15.698600000
188,4.044602,13.768100000
189,4.059168,14.265200000
190,4.090112,30.572400000
191,4.101841,11.511500000
192,4.112672,10.518700000
193,4.124719,11.815600000
194,4.210631,11.499200000
195,4.225531,11.830600000
196,4.240680,14.824400000
197,4.252707,11.517500000
198,4.263779,10.890200000
199,4.274873,10.796600000
200,4.284831,9.800100000
201,4.294497,9.472300000
202,4.304513,9.793900000
203,4.313764,9.043700000
204,4.322938,9.009300000
205,4.403727,14.539700000
206,4.420394,12.635700000
207,4.435258,14.538600000
208,4.449804,14.194000000
209,4.461510,11.373500000
210,4.472430,10.689500000
211,4.482756,10.077400000
212,4.492619,9.615100000
213,4.502434,9.580200000
214,4.511787,9.113400000
215,4.591035,14.909000000
216,4.604282,12.141200000
217,4.618514,13.924700000
218,4.630803,11.964800000
219,4.642025,10.963700000
220,4.653380,11.025500000
221,4.664700,11.106600000
222,4.674941,9.978900000
223,4.685327,10.152600000
224,4.766436,14.574600000
225,4.780416,11.396800000
226,4.803175,12.640100000
227,4.814151,10.628800000
228,4.824373,9.929000000
229,4.834178,9.573400000
230,4.843422,9.024700000
231,4.853236,9.589000000
232,4.862716,9.257800000
233,4.941640,12.461600000
234,4.954044,12.066200000
235,4.980454,12.021300000
236,4.991947,11.154800000
237,5.002913,10.647000000
238,5.013063,9.836200000
239,5.022633,9.358900000
240,5.032120,9.192900000
241,5.041094,8.743500000
242,5.129606,12.014900000
243,5.141928,11.982600000
244,5.167466,11.471800000
245,5.180320,12.563900000
246,5.191573,11.102000000
247,5.201911,10.204100000
248,5.212468,10.244000000
249,5.223276,10.561000000
250,5.233115,9.707300000
251,5.309781,11.121400000
252,5.321817,11.633400000
253,5.335841,13.695800000
254,5.350325,14.176400000
255,5.362625,11.974000000
256,5.373852,10.946600000
257,5.384289,10.226700000
258,5.394582,10.006400000
259,5.404623,9.802000000
260,5.486974,13.394600000
261,5.500886,13.572400000
262,5.532655,13.364100000
263,5.545588,12.668000000
264,5.557229,11.411700000
265,5.568157,10.642700000
266,5.578022,9.645100000
267,5.587491,9.228200000
268,5.597281,9.516100000
269,5.672053,11.001100000
270,5.684972,12.597900000
271,5.700579,13.565200000
272,5.716457,15.536300000
273,5.728763,11.962400000
274,5.740603,11.504800000
275,5.752268,11.350600000
276,5.762901,10.330800000
277,5.773805,10.581000000
278,5.869137,15.712900000
279,5.883083,13.587700000
280,5.901159,17.668800000
281,5.920137,18.243200000
282,5.932569,12.131000000
283,5.944468,11.554600000
284,5.956296,11.553900000
285,5.968371,11.800300000
286,5.980644,11.833100000
287,5.992526,11.486300000
288,6.074722,12.697500000
289,6.096597,12.185300000
290,6.112251,15.326300000
291,6.125009,12.455100000
292,6.136622,11.327600000
293,6.147830,10.948700000
294,6.158293,10.353200000
295,6.169067,10.492600000
296,6.179161,9.825100000
297,6.189590,10.205000000
298,6.284985,15.445900000
299,6.321034,12.182800000
300,6.332924,11.567800000
301,6.344935,11.782300000
302,6.355822,10.678600000
303,6.366514,10.410700000
304,6.377426,10.651100000
305,6.388968,11.285700000
306,6.399119,9.969500000
307,6.409699,10.400600000
308,6.419648,9.789400000
309,6.500998,12.414300000
310,6.513647,12.308100000
311,6.529772,15.808100000
312,6.542844,12.701800000
313,6.554987,11.888100000
314,6.566921,11.676700000
315,6.577937,10.825900000
316,6.588282,10.009900000
317,6.598361,9.878600000
318,6.608824,10.197500000
319,6.618608,9.569700000
320,6.692677,12.038100000
321,6.708843,12.926800000
322,6.724433,15.302600000
323,6.736669,11.933900000
324,6.748901,11.999900000
325,6.760090,10.923700000
326,6.770570,10.305800000
327,6.781034,10.271700000
328,6.791468,10.287900000
329,6.872444,12.575500000
330,6.885248,12.498600000
331,6.898752,13.182800000
332,6.917771,18.710800000
333,6.931344,13.250300000
334,6.944005,12.396300000
335,6.956519,12.326300000
336,6.969603,12.879300000
337,6.982091,12.119600000
338,7.064704,12.175200000
339,7.080856,15.766900000
340,7.097918,16.765400000
341,7.111015,12.727200000
342,7.124011,12.739000000
343,7.135625,11.458300000
344,7.146818,10.955600000
345,7.158124,11.071400000
346,7.168550,10.184600000
347,7.178969,10.169700000
348,7.258465,13.589300000
349,7.274025,13.576100000
350,7.289902,15.583900000
351,7.303660,13.441200000
352,7.316069,12.219000000
353,7.327505,11.287800000
354,7.338307,10.558200000
355,7.348534,10.015200000
356,7.358894,10.131800000
357,7.369616,10.524400000
358,7.456764,12.350700000
359,7.471153,14.026400000
360,7.486689,15.139500000
361,7.502305,13.559900000
362,7.515357,12.818300000
363,7.526850,11.373600000
364,7.537919,10.856100000
365,7.548511,10.385500000
366,7.558897,10.089100000
367,7.569142,10.002500000
368,7.648140,11.852400000
369,7.664342,12.853000000
370,7.678918,14.255700000
371,7.691072,11.818900000
372,7.702314,11.003300000
373,7.712640,10.076000000
374,7.722715,9.867400000
375,7.732912,9.987100000
376,7.743465,10.345300000
377,7.822269,11.335600000
378,7.834945,12.293600000
379,7.848712,12.318000000
380,7.863932,12.087200000
381,7.876155,11.943000000
382,7.887006,10.687200000
383,7.897791,10.481800000
384,7.908261,10.202300000
385,7.917794,9.288800000
386,7.998077,11.487800000
387,8.015489,16.855000000
388,8.031057,15.262100000
389,8.043667,12.137900000
390,8.056193,12.225000000
391,8.068189,11.725400000
392,8.079105,10.701400000
393,8.089260,9.926100000
394,8.098866,9.329200000
395,8.182708,14.646400000
396,8.195425,12.324800000
397,8.211123,15.412600000
398,8.223217,11.759500000
399,8.234443,10.956600000
400,8.244716,10.052100000
401,8.255219,10.258100000
402,8.266573,11.152000000
403,8.277425,10.598900000
404,8.357547,11.906200000
405,8.375551,17.426700000
406,8.392173,16.307700000
407,8.404481,11.921900000
408,8.415660,10.898000000
409,8.426780,10.808800000
410,8.438274,11.224800000
411,8.448998,10.483100000
412,8.458658,9.399100000
413,8.551435,13.042200000
414,8.565099,13.286100000
415,8.578807,13.360900000
416,8.596493,12.875700000
417,8.608701,11.866000000
418,8.619782,10.849300000
419,8.629883,9.872000000
420,8.639446,9.359100000
421,8.648524,8.870500000
422,8.724460,11.834100000
423,8.739432,14.558900000
424,8.755630,15.885200000
425,8.770597,14.622000000
426,8.783563,12.694600000
427,8.795586,11.508200000
428,8.807417,11.424000000
429,8.818287,10.653600000
430,8.829994,11.549100000
431,8.913555,15.250800000
432,8.933189,14.859100000
433,8.951416,17.894400000
434,8.963873,12.161600000
435,8.975286,11.200100000
436,8.986654,10.942200000
437,8.997954,11.060400000
438,9.009566,11.238000000
439,9.019937,10.132200000
440,9.104616,12.884700000
441,9.119823,14.774900000
442,9.134699,14.539000000
443,9.148608,13.576100000
444,9.161515,12.578900000
445,9.173822,12.029800000
446,9.184774,10.747700000
447,9.195236,10.243600000
448,9.205073,9.616300000
449,9.215174,9.860300000
450,9.293079,11.838500000
451,9.305018,11.579700000
452,9.316920,11.565600000
453,9.335292,13.112100000
454,9.346552,10.979400000
455,9.358656,11.816800000
456,9.369109,10.166300000
457,9.379251,9.872800000
458,9.389715,10.259200000
459,9.474644,14.676500000
460,9.487954,12.967700000
461,9.503060,14.783900000
462,9.515842,12.407500000
463,9.527493,11.346300000
464,9.538874,11.059100000
465,9.549086,9.988700000
466,9.558862,9.532900000
467,9.568600,9.499100000
468,9.656914,12.017900000
469,9.669018,11.684100000
470,9.685819,16.434700000
471,9.701485,15.163900000
472,9.715167,13.394800000
473,9.728575,13.036000000
474,9.740286,11.536700000
475,9.751577,11.011700000
476,9.762199,10.440700000
477,9.772789,10.298600000
478,9.858558,11.180500000
479,9.874574,11.589900000
480,9.892947,18.059100000
481,9.905497,12.177800000
482,9.917560,11.864100000
483,9.930637,12.926400000
484,9.944142,13.348200000
485,9.955997,11.701900000
486,9.980079,23.793000000
487,9.989000,8.632100000
488,10.066947,10.959500000
489,10.080470,13.160100000
490,10.093117,12.041100000
491,10.108346,14.933800000
492,10.119731,11.114400000
493,10.130133,10.165600000
494,10.139960,9.597100000
495,10.149331,9.233500000
496,10.158444,8.912700000
497,10.167412,8.738300000
498,10.246628,11.360900000
499,10.258509,11.586400000
500,10.272048,13.176600000
501,10.287004,14.522900000
502,10.298949,11.692200000
503,10.310034,10.817700000
504,10.320406,10.066800000
505,10.330015,9.388900000
506,10.339266,9.046500000
507,10.418804,12.195500000
508,10.435860,13.118000000
509,10.450807,14.629300000
510,10.463774,12.514900000
511,10.476177,12.158700000
512,10.488214,11.703400000
513,10.500213,11.754500000
514,10.512360,11.833600000
515,10.524115,11.488200000
516,10.620069,13.911200000
517,10.632293,11.878400000
518,10.649506,16.862900000
519,10.661621,11.699600000
520,10.672648,10.757300000
521,10.682834,9.916500000
522,10.692705,9.629000000
523,10.701783,8.898500000
524,10.711771,9.759600000
525,10.720811,8.782900000
526,10.808106,11.852200000
527,10.820918,12.409400000
528,10.833750,12.470000000
529,10.849113,11.286900000
530,10.860276,10.843100000
531,10.870409,10.013000000
532,10.880069,9.410900000
533,10.889373,9.058600000
534,10.898313,8.720200000
535,10.977955,10.996000000
536,10.991626,13.223800000
537,11.015261,11.730400000
538,11.027181,11.644900000
539,11.038086,10.612100000
540,11.048009,9.688700000
541,11.057559,9.229500000
542,11.066733,8.973100000
543,11.075825,8.892900000
544,11.155934,12.340000000
545,11.169968,11.972400000
546,11.185200,14.951800000
547,11.204549,18.984100000
548,11.215955,11.054900000
549,11.226425,10.333600000
550,11.238465,11.706900000
551,11.249481,10.876700000
552,11.335249,11.673400000
553,11.347587,11.848700000
554,11.360982,13.055600000
555,11.376040,11.414100000
556,11.387117,10.812200000
557,11.397697,10.334600000
558,11.408086,10.158900000
559,11.418914,10.616900000
560,11.428809,9.679000000
561,11.507086,10.684400000
562,11.518094,10.672700000
563,11.530580,11.987600000
564,11.545648,12.217900000
565,11.556454,10.593900000
566,11.567181,10.462100000
567,11.577041,9.624300000
568,11.587095,9.829000000
569,11.596413,9.123300000
570,11.677998,14.041700000
571,11.693208,11.367200000
572,11.713538,11.359300000
573,11.724598,10.745900000
574,11.734764,9.931600000
575,11.744351,9.350500000
576,11.754093,9.560200000
577,11.764296,9.966700000
578,11.854011,11.246300000
579,11.872265,12.878700000
580,11.894354,12.490100000
581,11.906996,12.276100000
582,11.918177,10.900000000
583,11.928977,10.589200000
584,11.939567,10.447900000
585,11.950187,10.313000000
586,11.960591,10.243500000
587,12.041557,10.419700000
588,12.052394,10.432200000
589,12.080194,11.067300000
590,12.090974,10.455700000
591,12.101061,9.909400000
592,12.110643,9.469300000
593,12.121001,10.068700000
594,12.130398,9.261700000
595,12.139830,9.095900000
596,12.148413,8.413100000
597,12.233090,10.677000000
598,12.245503,12.076500000
599,12.259897,14.056900000
600,12.273311,11.648900000
601,12.284598,10.949400000
602,12.295057,10.194500000
603,12.304630,9.461100000
604,12.313890,8.982200000
605,12.322901,8.791600000
606,12.401992,10.983800000
607,12.438989,11.076600000
608,12.449827,10.478300000
609,12.460137,10.054900000
610,12.470016,9.650100000
611,12.480077,9.859000000
612,12.489806,9.496900000
613,12.501005,10.932100000
614,12.512304,11.009300000
615,12.607211,12.962400000
616,12.623904,16.305900000
617,12.638278,14.059000000
618,12.650810,12.122800000
619,12.662160,10.988800000
620,12.672397,9.961700000
621,12.681953,9.346600000
622,12.691521,9.417100000
623,12.701803,10.014600000
624,12.711171,9.126300000
625,12.798246,14.728600000
626,12.810433,11.785100000
627,12.826608,15.773200000
628,12.839213,12.356400000
629,12.850239,10.727800000
630,12.860983,10.476500000
631,12.870958,9.753400000
632,12.880889,9.728500000
633,12.890214,9.103200000
634,12.981350,12.743000000
635,12.993408,11.718200000
636,13.021507,10.716800000
637,13.031843,10.013300000
638,13.042400,10.310900000
639,13.052511,9.880200000
640,13.061979,9.250600000
641,13.071712,9.490800000
642,13.081083,9.134100000
643,13.090547,9.242800000
644,13.172849,10.510900000
645,13.184152,10.961800000
646,13.211235,11.654100000
647,13.221713,10.119300000
648,13.231689,9.751900000
649,13.241799,9.805200000
650,13.252090,10.115900000
651,13.262658,10.313500000
652,13.273154,10.183700000
653,13.353119,10.669300000
654,13.363943,10.495700000
655,13.376984,10.451700000
656,13.390716,13.472700000
657,13.401540,10.541400000
658,13.411555,9.688900000
659,13.421443,9.651100000
660,13.430582,9.018600000
661,13.439476,8.803700000
662,13.524182,14.501500000
663,13.561722,11.189400000
664,13.572701,10.671800000
665,13.583431,10.390700000
666,13.592766,9.182700000
667,13.601792,8.809500000
668,13.610332,8.357900000
669,13.618886,8.366400000
670,13.627420,8.307300000
671,13.716494,18.779800000
672,13.761249,23.563000000
673,13.775470,13.750600000
674,13.787601,11.727500000
675,13.799217,11.315800000
676,13.810491,10.992500000
677,13.820510,9.643500000
678,13.830558,9.795300000
679,13.840885,10.085700000
680,13.926446,11.500600000
681,13.939034,12.200200000
682,13.952685,13.309600000
683,13.966821,12.682400000
684,13.979255,12.019600000
685,13.990087,10.543600000
686,14.001170,10.652200000
687,14.011222,9.810600000
688,14.021333,9.806700000
689,14.030746,9.174600000
690,14.040487,9.563000000
691,14.136694,11.993000000
692,14.149151,12.075100000
693,14.163587,14.090000000
694,14.181008,16.883700000
695,14.193130,11.787400000
696,14.204514,11.095700000
697,14.215875,11.007200000
698,14.226952,10.736800000
699,14.237120,9.984400000
700,14.246986,9.596000000
701,14.257163,9.840200000
702,14.347402,11.913400000
703,14.362983,15.075200000
704,14.389010,11.432100000
705,14.400045,10.708000000
706,14.409954,9.649600000
707,14.419348,9.274600000
708,14.428262,8.630500000
709,14.436819,8.464000000
710,14.445965,8.711000000
711,14.454646,8.391500000
712,14.531403,11.056100000
713,14.548259,16.364400000
714,14.568917,11.099500000
715,14.579805,10.534100000
716,14.590755,10.671800000
717,14.600747,9.690400000
718,14.610061,9.124900000
719,14.619561,9.291900000
720,14.629497,9.707300000
721,14.719510,11.248100000
722,14.731972,12.084100000
723,14.758251,11.071700000
724,14.770162,11.580600000
725,14.781005,10.528100000
726,14.790972,9.667400000
727,14.800277,9.103000000
728,14.810191,9.695000000
729,14.819141,8.687800000
730,14.828641,9.283600000
731,14.912115,10.283400000
732,14.923582,11.153100000
733,14.954229,15.569200000
734,14.965641,11.120400000
735,14.975721,9.810500000
736,14.985523,9.566700000
737,14.994845,8.987600000
738,15.004194,9.198200000
739,15.013034,8.732600000
740,15.095231,11.071200000
741,15.111392,15.538800000
742,15.126582,14.803300000
743,15.140471,13.547300000
744,15.151639,10.878400000
745,15.161842,9.969800000
746,15.172056,9.993100000
747,15.181480,9.312600000
748,15.191145,9.366400000
749,15.200213,8.846900000
750,15.295479,11.921300000
751,15.307682,11.825400000
752,15.340246,15.150200000
753,15.352317,11.733900000
754,15.363399,10.780900000
755,15.374496,10.869800000
756,15.385215,10.540800000
757,15.395811,10.475600000
758,15.406536,10.545500000
759,15.490150,11.967000000
760,15.511609,9.916000000
761,15.524544,12.629300000
762,15.534479,9.693800000
763,15.546052,11.347900000
764,15.555940,9.726800000
765,15.565400,9.286900000
766,15.574291,8.786100000
767,15.583734,9.163700000
768,15.592364,8.475400000
769,15.673016,10.301000000
770,15.694107,15.735400000
771,15.712956,10.879800000
772,15.724633,11.323000000
773,15.735184,10.332800000
774,15.745053,9.649300000
775,15.754168,8.938900000
776,15.763178,8.767100000
777,15.771441,8.055100000
778,15.876453,33.350300000
779,15.901753,17.604400000
780,15.915894,13.905700000
781,15.928854,12.803600000
782,15.941924,12.692300000
783,15.953917,11.774000000
784,15.965480,11.264300000
785,15.976241,10.529300000
786,15.987527,11.017800000
787,16.069631,13.982600000
788,16.108086,18.456100000
789,16.123159,14.671500000
790,16.136574,13.119800000
791,16.148866,12.128500000
792,16.160412,11.275300000
793,16.171752,11.075000000
794,16.182930,10.945600000
795,16.194851,11.680400000
796,16.206469,11.387400000
797,16.217733,10.931500000
798,16.303549,15.035600000
799,16.332836,17.668500000
800,16.347903,14.569000000
801,16.362270,14.051600000
802,16.375166,12.606900000
803,16.387305,11.923400000
804,16.398323,10.803400000
805,16.409981,11.429500000
806,16.421334,11.098000000
807,16.431894,10.353900000
808,16.442829,10.734200000
809,16.454236,11.175400000
810,16.558493,19.764000000
811,16.604880,23.239900000
812,16.620592,15.378800000
813,16.635863,14.805000000
814,16.650955,14.700500000
815,16.665399,14.186900000
816,16.680652,14.972000000
817,16.694749,13.825400000
818,16.709855,14.811400000
819,16.724020,13.852500000
820,16.737095,12.824100000
821,16.749557,12.277800000
822,16.833025,13.394700000
823,16.858762,17.841500000
824,16.874386,15.243000000
825,16.888857,14.102600000
826,16.901411,12.324800000
827,16.913129,11.587900000
828,16.924515,11.161200000
829,16.935982,11.157700000
830,16.947563,11.295400000
831,16.959052,11.195800000
832,16.970205,10.850700000
833,16.981482,11.043700000
834,16.991913,10.206100000
835,17.002732,10.560500000
836,17.092504,14.465800000
837,17.107319,14.501900000
838,17.126790,19.230000000
839,17.142409,15.228400000
840,17.155851,13.201800000
841,17.168139,12.161200000
842,17.180563,11.981500000
843,17.192050,11.127200000
844,17.203596,11.326400000
845,17.214420,10.637600000
846,17.225383,10.756500000
847,17.237142,11.530400000
848,17.248638,11.278800000
849,17.334807,15.046900000
850,17.365855,27.330200000
851,17.382304,16.129900000
852,17.407593,24.973000000
853,17.417284,9.416400000
854,17.426125,8.631900000
855,17.434914,8.615500000
856,17.443951,8.812700000
857,17.452572,8.441800000
858,17.460922,8.161800000
859,17.469150,8.024000000
860,17.477796,8.403300000
861,17.580873,11.994400000
862,17.597464,16.227300000
863,17.608218,10.391000000
864,17.621999,13.424300000
865,17.633276,10.973700000
866,17.644233,10.668900000
867,17.654303,9.848000000
868,17.664144,9.538000000
869,17.673240,8.901400000
870,17.681887,8.375800000
871,17.690328,8.259900000
872,17.698593,8.070500000
873,17.707146,8.287100000
874,17.788529,12.389100000
875,17.800918,11.996700000
876,17.835860,11.863600000
877,17.846550,10.352100000
878,17.856020,9.197700000
879,17.864804,8.586200000
880,17.873267,8.278500000
881,17.881928,8.492000000
882,17.890279,8.128000000
883,17.898506,8.039600000
884,17.976698,10.115100000
885,17.988472,11.386900000
886,18.020426,10.585900000
887,18.032015,11.259300000
888,18.042334,10.086500000
889,18.051908,9.352000000
890,18.061013,8.896900000
891,18.070013,8.792200000
892,18.079991,9.790600000
893,18.089708,9.449700000
894,18.179461,11.642500000
895,18.192200,12.328100000
896,18.209463,13.270800000
897,18.226540,12.542600000
898,18.238702,11.879000000
899,18.250577,11.507500000
900,18.261013,10.096700000
901,18.270184,9.033800000
902,18.279366,8.950200000
903,18.287986,8.345400000
904,18.363739,9.945900000
905,18.375771,11.714600000
906,18.398488,11.159900000
907,18.412423,10.516600000
908,18.422643,9.961900000
909,18.432001,9.141100000
910,18.440793,8.651400000
911,18.449508,8.481600000
912,18.457892,8.199700000
913,18.554903,14.357200000
914,18.570141,11.242500000
915,18.581981,11.499200000
916,18.596804,11.389400000
917,18.607540,10.487000000
918,18.617752,9.981700000
919,18.627555,9.592700000
920,18.637670,9.886400000
921,18.646702,8.932700000
922,18.726260,10.325200000
923,18.737298,10.714500000
924,18.771870,14.888400000
925,18.782891,10.743100000
926,18.793795,10.686300000
927,18.803461,9.546200000
928,18.813434,9.726900000
929,18.822637,8.993000000
930,18.832288,9.370400000
931,18.915405,10.440900000
932,18.955967,11.442300000
933,18.966141,9.846500000
934,18.976467,10.055500000
935,18.987060,10.363600000
936,18.996666,9.290100000
937,19.006398,9.520000000
938,19.015354,8.764900000
939,19.024295,8.754300000
940,19.033268,8.786900000
941,19.117828,12.466300000
942,19.129830,11.614100000
943,19.161350,10.990500000
944,19.172577,10.993300000
945,19.182718,9.900400000
946,19.193076,9.927200000
947,19.202476,9.166100000
948,19.212280,9.543800000
949,19.221334,8.773900000
950,19.230382,8.850300000
951,19.310557,11.431700000
952,19.321991,11.118900000
953,19.350460,11.826200000
954,19.361250,10.414700000
955,19.371411,9.898000000
956,19.381603,9.937600000
957,19.390816,8.972000000
958,19.399450,8.529000000
959,19.408947,9.214000000
960,19.488527,11.424600000
961,19.501393,12.507700000
962,19.530303,12.610000000
963,19.541652,11.096400000
964,19.552009,10.183100000
965,19.561557,9.304500000
966,19.570801,8.999800000
967,19.579474,8.489700000
968,19.588193,8.489700000
969,19.679334,11.042400000
970,19.704837,10.499400000
971,19.717738,12.625100000
972,19.728407,10.370700000
973,19.738240,9.573700000
974,19.748075,9.692700000
975,19.758285,9.959500000
976,19.767753,9.278100000
977,19.779323,11.328700000
978,19.789057,9.434500000
979,19.873254,11.417300000
980,19.885472,11.973600000
981,19.920314,17.670000000
982,19.931824,11.140200000
983,19.942248,10.179700000
984,19.952038,9.483400000
985,19.961820,9.495400000
986,19.971413,9.443000000
987,19.981238,9.572500000
988,20.063664,11.210400000
989,20.074523,10.509000000
990,20.103183,11.317400000
991,20.115007,11.487000000
992,20.125671,10.397100000
993,20.135750,9.811900000
994,20.145273,9.333600000
995,20.154231,8.727800000
996,20.163103,8.703400000
997,20.171394,8.187200000
998,20.251525,12.438200000
999,20.262425,10.577900000
1000,20.276908,14.201800000
1001,20.290845,13.609200000
1002,20.302074,10.921300000
1003,20.313305,11.042000000
1004,20.323438,9.927000000
1005,20.333673,9.902700000
1006,20.343199,9.318100000
1007,20.434246,13.663500000
1008,20.470306,11.493100000
1009,20.481271,10.590300000
1010,20.492497,10.944900000
1011,20.503012,10.292100000
1012,20.513445,10.203500000
1013,20.523987,10.211200000
1014,20.534545,10.136700000
1015,20.545113,10.166600000
1016,20.636602,11.913900000
1017,20.652755,15.765300000
1018,20.681029,11.794100000
1019,20.692336,10.919800000
1020,20.703067,10.431600000
1021,20.713757,10.436700000
1022,20.724046,10.059700000
1023,20.734725,10.462700000
1024,20.744763,9.788100000
1025,20.754359,9.442100000
1026,20.763520,8.952800000
1027,20.855001,10.275200000
1028,20.867274,11.929900000
1029,20.894521,11.386500000
1030,20.910507,15.665200000
1031,20.920613,9.850200000
1032,20.929933,9.135000000
1033,20.939926,9.802800000
1034,20.950108,9.857500000
1035,20.960297,9.915400000
1036,20.970583,10.043000000
1037,20.981523,10.674400000
1038,21.071753,11.597600000
1039,21.082863,10.696100000
1040,21.096239,12.927900000
1041,21.111106,12.672200000
1042,21.122609,11.239800000
1043,21.133113,10.227300000
1044,21.143383,9.998000000
1045,21.153717,10.185500000
1046,21.163058,9.149500000
1047,21.172151,8.848800000
1048,21.257206,11.074600000
1049,21.269994,12.413200000
1050,21.297370,10.501000000
1051,21.308697,10.993700000
1052,21.318845,9.876200000
1053,21.328343,9.301900000
1054,21.337281,8.705900000
1055,21.345948,8.467600000
1056,21.354740,8.600300000
1057,21.363375,8.429800000
1058,21.441212,10.749700000
1059,21.485381,10.458000000
1060,21.495784,10.130100000
1061,21.505676,9.600700000
1062,21.515062,9.145800000
1063,21.524936,9.676800000
1064,21.533683,8.509100000
1065,21.542555,8.665500000
1066,21.551087,8.317800000
1067,21.632160,11.224100000
1068,21.658681,11.370500000
1069,21.672907,13.924400000
1070,21.684122,10.850000000
1071,21.694402,10.024300000
1072,21.703935,9.261500000
1073,21.712868,8.738100000
1074,21.721818,8.768800000
1075,21.730117,8.092300000
1076,21.809235,10.515600000
1077,21.820212,10.693700000
1078,21.855803,14.454000000
1079,21.866691,10.590200000
1080,21.877596,10.612400000
1081,21.887557,9.844700000
1082,21.897723,9.837300000
1083,21.907851,9.901300000
1084,21.918255,10.158800000
1085,22.012651,11.290500000
1086,22.023276,10.226400000
1087,22.037215,10.325100000
1088,22.052639,15.127100000
1089,22.063075,10.138500000
1090,22.073027,9.724600000
1091,22.082490,9.167900000
1092,22.091909,9.218100000
1093,22.100680,8.571400000
1094,22.109768,8.891100000
1095,22.191236,10.740900000
1096,22.204032,12.311900000
1097,22.232808,10.771300000
1098,22.243245,10.163300000
1099,22.253748,10.209600000
1100,22.264371,10.255900000
1101,22.274032,9.396700000
1102,22.283291,9.059600000
1103,22.291842,8.334900000
1104,22.372771,10.344700000
1105,22.383618,10.587200000
1106,22.414256,10.210400000
1107,22.424442,9.912200000
1108,22.434359,9.699100000
1109,22.444349,9.778300000
1110,22.453592,9.033300000
1111,22.462628,8.791000000
1112,22.471901,9.042400000
1113,22.549883,10.970100000
1114,22.560670,10.521300000
1115,22.594314,14.992900000
1116,22.605096,10.431300000
1117,22.615344,9.881500000
1118,22.625207,9.652700000
1119,22.635344,9.920100000
1120,22.644617,9.070100000
1121,22.653913,9.103200000
1122,22.737948,14.405700000
1123,22.750117,11.767900000
1124,22.766996,16.558800000
1125,22.782315,15.007900000
1126,22.797763,15.151600000
1127,22.811630,13.618300000
1128,22.833852,21.991000000
1129,22.842801,8.666500000
1130,22.852265,9.259200000
1131,22.935768,10.638600000
1132,22.947435,11.289100000
1133,22.980480,12.539700000
1134,22.994484,13.574500000
1135,23.007757,12.907000000
1136,23.020553,12.426300000
1137,23.032153,11.167700000
1138,23.042728,10.186200000
1139,23.053061,10.006600000
1140,23.063479,10.098500000
1141,23.073788,10.009300000
1142,23.183665,12.998600000
1143,23.197062,13.016800000
1144,23.232375,16.390200000
1145,23.244952,12.219400000
1146,23.257717,12.398200000
1147,23.268976,10.969100000
1148,23.280227,10.965600000
1149,23.290234,9.721400000
1150,23.300196,9.797100000
1151,23.309507,9.070700000
1152,23.320475,10.790000000
1153,23.329351,8.543700000
1154,23.420646,12.540200000
1155,23.435739,14.534800000
1156,23.464587,11.066200000
1157,23.476247,11.191200000
1158,23.487853,11.328100000
1159,23.499894,11.753800000
1160,23.510906,10.748200000
1161,23.521164,10.104400000
1162,23.531186,9.854600000
1163,23.540457,8.916800000
1164,23.549020,8.268700000
1165,23.557886,8.594000000
1166,23.636918,10.345000000
1167,23.651914,14.639900000
1168,23.665100,12.872800000
1169,23.682224,15.899600000
1170,23.693442,10.947600000
1171,23.703953,10.287100000
1172,23.713497,9.326700000
1173,23.722895,9.115400000
1174,23.731942,8.861600000
1175,23.741284,9.109000000
1176,23.750864,9.385000000
1177,23.839080,12.737700000
1178,23.853296,13.734100000
1179,23.885155,12.985200000
1180,23.897014,11.505200000
1181,23.907803,10.490800000
1182,23.918296,10.157100000
1183,23.928746,10.250700000
1184,23.939717,10.638700000
1185,23.948915,8.896300000
1186,23.959623,10.474700000
1187,24.040109,10.735700000
1188,24.051423,10.976600000
1189,24.077914,10.876800000
1190,24.088745,10.525000000
1191,24.099138,10.134100000
1192,24.109397,10.001200000
1193,24.118797,9.143500000
1194,24.128401,9.353700000
1195,24.137359,8.733300000
1196,24.146333,8.720600000
1197,24.236246,11.095600000
1198,24.247639,11.037600000
1199,24.280328,13.338000000
1200,24.291547,10.887400000
1201,24.301651,9.853800000
1202,24.311792,9.896300000
1203,24.322340,10.306100000
1204,24.331769,9.152400000
1205,24.340891,8.912300000
1206,24.349860,8.756900000
1207,24.428896,11.110600000
1208,24.440192,10.977100000
1209,24.453067,11.094700000
1210,24.466812,13.425700000
1211,24.477963,10.839900000
1212,24.488229,10.072400000
1213,24.498011,9.602800000
1214,24.507139,8.889000000
1215,24.516144,8.811600000
1216,24.596124,10.622500000
1217,24.641619,10.703700000
1218,24.651975,10.027700000
1219,24.662075,9.921800000
1220,24.672525,10.220900000
1221,24.682181,9.360300000
1222,24.691308,8.914600000
1223,24.700066,8.537400000
1224,24.709123,8.834700000
1225,24.787960,10.393500000
1226,24.799084,10.642100000
1227,24.829890,11.615000000
1228,24.840595,10.399000000
1229,24.850631,9.806700000
1230,24.860070,9.304600000
1231,24.869424,9.096700000
1232,24.878365,8.697000000
1233,24.887481,8.912700000
1234,24.967516,11.910600000
1235,24.979842,11.950300000
1236,25.010428,13.727500000
1237,25.021087,10.326100000
1238,25.030974,9.622700000
1239,25.040310,9.083900000
1240,25.049319,8.809700000
1241,25.058177,8.623900000
1242,25.066615,8.253800000
1243,25.147467,10.698000000
1244,25.158845,10.905000000
1245,25.192645,12.720600000
1246,25.203243,10.173800000
1247,25.213263,9.760400000
1248,25.223198,9.708300000
1249,25.233248,9.928300000
1250,25.242921,9.403300000
1251,25.252455,9.284300000
1252,25.340627,10.532600000
1253,25.362445,10.426400000
1254,25.380507,10.778200000
1255,25.391858,11.100600000
1256,25.402337,10.220400000
1257,25.412026,9.459400000
1258,25.421269,9.000600000
1259,25.430214,8.701500000
1260,25.438669,8.236900000
1261,25.447782,8.901500000
1262,25.536140,11.826800000
1263,25.548760,12.255100000
1264,25.579154,12.086300000
1265,25.591715,12.238200000
1266,25.602881,10.821400000
1267,25.614627,11.346800000
1268,25.626769,11.752100000
1269,25.639378,12.216000000
1270,25.652586,12.874600000
1271,25.665566,12.685000000
1272,25.758425,10.816300000
1273,25.769399,10.605800000
1274,25.803715,14.540800000
1275,25.814355,10.362100000
1276,25.824048,9.474700000
1277,25.833133,8.855500000
1278,25.842185,8.886300000
1279,25.851081,8.705900000
1280,25.859846,8.572300000
1281,25.868675,8.632000000
1282,25.877168,8.277600000
1283,25.958761,12.282700000
1284,25.989437,11.273600000
1285,26.007641,17.786800000
1286,26.018847,10.887200000
1287,26.030318,11.161900000
1288,26.041865,11.252800000
1289,26.053108,10.911200000
1290,26.064133,10.761100000
1291,26.074051,9.606000000
1292,26.083363,9.113800000
1293,26.163184,10.633600000
1294,26.175809,12.229000000
1295,26.206237,11.782900000
1296,26.217032,10.494400000
1297,26.226983,9.717400000
1298,26.236111,8.967000000
1299,26.245589,9.311900000
1300,26.254643,8.827800000
1301,26.263825,9.008400000
1302,26.273013,8.973700000
1303,26.365077,11.070600000
1304,26.376143,10.670000000
1305,26.390308,10.878500000
1306,26.403990,13.422200000
1307,26.414826,10.550500000
1308,26.425394,10.326600000
1309,26.435109,9.481500000
1310,26.445035,9.680700000
1311,26.454162,8.888200000
1312,26.463720,9.340300000
1313,26.543077,11.265600000
1314,26.554147,10.632100000
1315,26.589947,11.761900000
1316,26.601786,11.496200000
1317,26.612225,10.231600000
1318,26.622651,10.199100000
1319,26.633135,10.285900000
1320,26.643492,10.113800000
1321,26.653614,9.922200000
1322,26.740830,11.910300000
1323,26.753449,12.224500000
1324,26.782367,11.134800000
1325,26.793770,11.080900000
1326,26.804583,10.580000000
1327,26.814459,9.596400000
1328,26.824561,9.769300000
1329,26.834645,9.790000000
1330,26.843914,8.992400000
1331,26.852712,8.530100000
1332,26.928767,10.404900000
1333,26.939766,10.479000000
1334,26.953709,10.302400000
1335,26.968059,13.593400000
1336,26.978920,10.577400000
1337,26.989770,10.544200000
1338,27.000520,10.494000000
1339,27.011223,10.369300000
1340,27.021496,9.970200000
1341,27.101900,11.430500000
1342,27.113421,11.180800000
1343,27.124812,11.057900000
1344,27.139963,14.772500000
1345,27.151360,11.099600000
1346,27.162071,10.460000000
1347,27.172472,10.132500000
1348,27.182134,9.362500000
1349,27.191495,9.112300000
1350,27.270856,11.496000000
1351,27.282022,10.725100000
1352,27.293889,10.524900000
1353,27.310160,10.860900000
1354,27.320993,10.541300000
1355,27.331550,10.311900000
1356,27.342157,10.335000000
1357,27.352014,9.592900000
1358,27.443139,10.473300000
1359,27.458337,14.747100000
1360,27.482094,10.428400000
1361,27.492687,10.307900000
1362,27.502623,9.607100000
1363,27.512004,9.132000000
1364,27.521607,9.358400000
1365,27.530508,8.692600000
1366,27.539927,9.206400000
1367,27.626000,11.852400000
1368,27.642328,15.819000000
1369,27.659242,16.608600000
1370,27.669801,10.257400000
1371,27.680214,10.106100000
1372,27.689936,9.487700000
1373,27.699639,9.465900000
1374,27.708910,9.050800000
1375,27.717684,8.552900000
1376,27.797265,10.349800000
1377,27.808209,10.633100000
1378,27.819553,10.358100000
1379,27.834220,14.393600000
1380,27.844836,10.339700000
1381,27.855397,10.322800000
1382,27.865542,9.839500000
1383,27.874933,9.088700000
1384,27.884073,8.935600000
1385,27.967727,11.999600000
1386,27.985935,12.366500000
1387,28.010410,13.344500000
1388,28.022148,11.344500000
1389,28.033517,11.059600000
1390,28.044329,10.511900000
1391,28.054265,9.665600000
1392,28.063848,9.311200000
1393,28.150544,11.602200000
1394,28.164448,13.395600000
1395,28.181225,16.412700000
1396,28.194469,12.818300000
1397,28.206645,11.790700000
1398,28.217522,10.519300000
1399,28.231851,14.001900000
1400,28.244460,12.350700000
1401,28.260027,15.103400000
1402,28.354617,15.859600000
1403,28.395835,37.807100000
1404,28.407717,11.464100000
1405,28.418492,10.459300000
1406,28.428750,9.935100000
1407,28.438491,9.498400000
1408,28.447688,9.023800000
1409,28.457102,9.207800000
1410,28.466981,9.655200000
1411,28.476652,9.500300000
1412,28.567405,11.815400000
1413,28.581880,12.661700000
1414,28.606845,10.947500000
1415,28.618014,10.906600000
1416,28.629016,10.668600000
1417,28.639137,9.887800000
1418,28.648729,9.366900000
1419,28.657841,8.861600000
1420,28.666518,8.453300000
1421,28.675479,8.738800000
1422,28.684436,8.725500000
1423,28.761742,10.560700000
1424,28.774273,12.144400000
1425,28.809184,11.363100000
1426,28.820773,11.301200000
1427,28.832254,11.152700000
1428,28.843136,10.637900000
1429,28.854203,10.791900000
1430,28.866315,11.794100000
1431,28.876605,10.135900000
1432,28.886652,9.775600000
1433,28.967843,10.272500000
1434,28.978499,10.286000000
1435,29.003269,12.771100000
1436,29.013827,10.169000000
1437,29.023990,9.948800000
1438,29.033858,9.609900000
1439,29.043007,8.872800000
1440,29.052925,9.704000000
1441,29.061921,8.764000000
1442,29.070750,8.634100000
1443,29.149456,10.207900000
1444,29.161376,11.610600000
1445,29.193696,11.692300000
1446,29.206349,12.397400000
1447,29.217625,10.940000000
1448,29.227750,9.887600000
1449,29.236866,8.934900000
1450,29.245581,8.495100000
1451,29.253966,8.193800000
1452,29.330455,10.206400000
1453,29.341860,11.042900000
1454,29.372045,11.158800000
1455,29.383429,11.098700000
1456,29.394637,10.902100000
1457,29.406330,11.334100000
1458,29.416528,9.976200000
1459,29.427175,10.371500000
1460,29.437974,10.505100000
1461,29.526227,10.740000000
1462,29.539034,12.447000000
1463,29.564334,11.488800000
1464,29.575611,10.963300000
1465,29.586075,10.130500000
1466,29.595823,9.494100000
1467,29.605101,9.092900000
1468,29.613884,8.550100000
1469,29.622703,8.627400000
1470,29.631020,8.077300000
1471,29.718751,10.446200000
1472,29.747374,11.599100000
1473,29.762675,11.442900000
1474,29.773694,10.655700000
1475,29.783842,9.873600000
1476,29.793509,9.442400000
1477,29.802722,8.991300000
1478,29.811359,8.360100000
1479,29.819956,8.324200000
1480,29.828738,8.505500000
1481,29.909697,10.596900000
1482,29.923666,13.598600000
1483,29.955445,14.639000000
1484,29.966672,10.948400000
1485,29.977917,10.921900000
1486,29.988027,9.836400000
1487,29.997462,9.219600000
1488,30.006325,8.650200000
1489,30.015050,8.477400000
1490,30.094038,10.375400000
1491,30.105036,10.708500000
1492,30.117449,12.036300000
1493,30.131183,13.438700000
1494,30.142742,11.247400000
1495,30.154024,11.001000000
1496,30.164212,9.997300000
1497,30.173845,9.370600000
1498,30.183583,9.516200000
1499,30.264138,10.927300000
1500,30.276191,11.703000000
1501,30.296161,16.431000000
1502,30.308716,12.123800000
1503,30.319889,10.924800000
1504,30.331006,10.857700000
1505,30.340838,9.611500000
1506,30.350028,8.950500000
1507,30.358597,8.354200000
1508,30.437612,11.697200000
1509,30.450333,12.393600000
1510,30.480316,11.300400000
1511,30.491710,11.137300000
1512,30.502190,10.308100000
1513,30.512171,9.642400000
1514,30.521359,8.945900000
1515,30.530780,9.245300000
1516,30.539791,8.821800000
1517,30.619854,11.668900000
1518,30.632280,12.047100000
1519,30.646367,13.777600000
1520,30.659782,11.315800000
1521,30.670929,10.839900000
1522,30.681903,10.690600000
1523,30.695265,13.068700000
1524,30.707398,11.820000000
1525,30.718886,11.183200000
1526,30.818657,11.387200000
1527,30.830510,11.466700000
1528,30.858494,10.903200000
1529,30.868869,10.047800000
1530,30.879516,10.410100000
1531,30.889843,10.169500000
1532,30.900403,10.205400000
1533,30.910022,9.389900000
1534,30.919136,8.920200000
1535,30.927924,8.528500000
1536,31.005090,10.362300000
1537,31.016419,10.938200000
1538,31.044671,11.090900000
1539,31.056230,11.312800000
1540,31.066642,10.202900000
1541,31.076238,9.455000000
1542,31.085723,9.187500000
1543,31.094995,9.011100000
1544,31.104249,9.032500000
1545,31.187165,11.066800000
1546,31.198816,11.306600000
1547,31.227000,11.781900000
1548,31.238231,10.857700000
1549,31.249131,10.639700000
1550,31.259245,9.906000000
1551,31.269322,9.835800000
1552,31.279016,9.574200000
1553,31.289013,9.728500000
1554,31.372851,10.827900000
1555,31.383984,10.800300000
1556,31.409681,10.547400000
1557,31.421066,11.057200000
1558,31.430976,9.676400000
1559,31.441092,9.893800000
1560,31.452272,10.919700000
1561,31.462581,10.108300000
1562,31.472747,9.909800000
1563,31.553361,10.970300000
1564,31.566239,12.523800000
1565,31.606326,22.938300000
1566,31.617733,11.058400000
1567,31.628562,10.511200000
1568,31.639321,10.462800000
1569,31.649981,10.361600000
1570,31.659272,9.100500000
1571,31.668758,9.277100000
1572,31.751780,11.118600000
1573,31.763696,11.462300000
1574,31.794749,11.404500000
1575,31.805341,10.320000000
1576,31.815081,9.584900000
1577,31.824176,8.999000000
1578,31.832818,8.475300000
1579,31.841927,8.808400000
1580,31.850778,8.557300000
1581,31.859385,8.373300000
1582,31.955388,11.440900000
1583,31.978379,11.330100000
1584,31.992523,13.834200000
1585,32.002740,9.958200000
1586,32.012371,9.477900000
1587,32.021655,9.052800000
1588,32.031346,9.411200000
1589,32.040482,8.940400000
1590,32.049632,8.919600000
1591,32.058890,9.036000000
1592,32.141516,13.076800000
1593,32.163741,10.557700000
1594,32.182760,12.577900000
1595,32.194026,10.909000000
1596,32.206318,11.975300000
1597,32.218808,12.197600000
1598,32.231155,12.012500000
1599,32.242729,11.282300000
1600,32.254959,11.898300000
1601,32.266248,11.012000000
1602,32.352950,11.257600000
1603,32.364745,11.441300000
1604,32.392584,11.123300000
1605,32.403252,10.341000000
1606,32.412994,9.568500000
1607,32.422218,8.971200000
1608,32.431083,8.660100000
1609,32.439771,8.516300000
1610,32.448125,8.153200000
1611,32.456859,8.478300000
1612,32.534796,10.600100000
1613,32.545729,10.630200000
1614,32.556516,10.462200000
1615,32.571367,14.568500000
1616,32.583694,11.999100000
1617,32.595556,11.597700000
1618,32.606229,10.490100000
1619,32.616113,9.591300000
1620,32.624994,8.784300000
1621,32.633970,8.880200000
1622,32.716665,10.599800000
1623,32.728277,11.277900000
1624,32.744870,11.359000000
1625,32.759262,14.098400000
1626,32.770526,10.891200000
1627,32.781208,10.456600000
1628,32.790978,9.540200000
1629,32.800089,8.894800000
1630,32.808928,8.642800000
1631,32.889538,10.982500000
1632,32.900600,10.681500000
1633,32.911835,10.565700000
1634,32.925898,13.760600000
1635,32.937286,11.075400000
1636,32.947665,10.026900000
1637,32.957543,9.561600000
1638,32.966592,8.839700000
1639,33.061990,10.847800000
1640,33.073222,10.844700000
1641,33.103595,10.770700000
1642,33.114192,10.296900000
1643,33.124251,9.846700000
1644,33.133592,9.213200000
1645,33.143216,9.394500000
1646,33.152200,8.778600000
1647,33.160683,8.288800000
1648,33.247176,12.882200000
1649,33.260474,12.917800000
1650,33.285595,11.023300000
1651,33.296273,10.377200000
1652,33.307258,10.739000000
1653,33.316851,9.471400000
1654,33.327030,9.851000000
1655,33.336617,9.271400000
1656,33.345677,8.829500000
1657,33.425933,10.439000000
1658,33.436532,10.297900000
1659,33.449636,10.710500000
1660,33.463764,13.888300000
1661,33.475160,11.001600000
1662,33.485581,10.175200000
1663,33.495225,9.452900000
1664,33.504469,9.049600000
1665,33.513726,9.064500000
1666,33.593835,10.345800000
1667,33.605115,10.911400000
1668,33.620319,12.868200000
1669,33.633461,10.808900000
1670,33.644101,10.369500000
1671,33.654649,10.337500000
1672,33.665324,10.479100000
1673,33.674361,8.877300000
1674,33.757011,10.899800000
1675,33.777444,19.866900000
1676,33.795146,17.418400000
1677,33.808529,13.013200000
1678,33.823281,14.536900000
1679,33.836132,12.642100000
1680,33.856998,20.692700000
1681,33.865880,8.615400000
1682,33.874494,8.332000000
1683,33.963084,16.028200000
1684,34.002572,12.462100000
1685,34.015295,12.369500000
1686,34.026736,11.151700000
1687,34.037850,10.872200000
1688,34.049068,10.967500000
1689,34.060343,10.956700000
1690,34.071453,10.967400000
1691,34.082006,10.166700000
1692,34.092311,9.994300000
1693,34.190169,11.884100000
1694,34.206197,15.551600000
1695,34.220373,13.899500000
1696,34.231832,11.128500000
1697,34.242275,10.165100000
1698,34.251853,9.324600000
1699,34.260817,8.701900000
1700,34.269256,8.256200000
1701,34.277535,8.084600000
1702,34.286159,8.421500000
1703,34.295547,9.190100000
1704,34.381701,14.416200000
1705,34.392916,10.626500000
1706,34.406752,13.516600000
1707,34.423212,15.982700000
1708,34.433628,10.151900000
1709,34.444013,10.073900000
1710,34.454518,10.186200000
1711,34.465192,10.278100000
1712,34.474876,9.415400000
1713,34.484996,9.762200000
1714,34.565418,11.261200000
1715,34.582386,16.635800000
1716,34.597713,15.004500000
1717,34.609106,11.044300000
1718,34.619427,10.112100000
1719,34.629037,9.466500000
1720,34.638053,8.831900000
1721,34.648562,10.327800000
1722,34.657907,8.665700000
1723,34.744273,11.657100000
1724,34.757474,12.811700000
1725,34.783465,11.398900000
1726,34.794916,11.166700000
1727,34.804993,9.887500000
1728,34.814353,9.225500000
1729,34.823475,8.909500000
1730,34.832740,9.100700000
1731,34.841052,8.212400000
1732,34.921422,10.630400000
1733,34.932873,11.028500000
1734,34.960056,12.475800000
1735,34.972998,12.433700000
1736,34.983647,10.418000000
1737,34.994241,10.304200000
1738,35.003811,9.312100000
1739,35.013475,9.415800000
1740,35.022994,9.234900000
1741,35.110190,11.981000000
1742,35.153344,10.869200000
1743,35.164308,10.492600000
1744,35.174158,9.601500000
1745,35.183443,9.077000000
1746,35.192632,9.000300000
1747,35.202291,9.461100000
1748,35.210986,8.453800000
1749,35.219137,7.867200000
1750,35.309449,10.270600000
1751,35.320796,10.967400000
1752,35.333079,11.987100000
1753,35.347913,10.832600000
1754,35.358502,10.276700000
1755,35.368042,9.371700000
1756,35.377618,9.280600000
1757,35.386526,8.734600000
1758,35.394984,8.282300000
1759,35.403679,8.500200000
1760,35.480942,10.875300000
1761,35.491944,10.717500000
1762,35.502445,10.114800000
1763,35.517516,14.238300000
1764,35.529751,11.946100000
1765,35.539770,9.755200000
1766,35.549984,9.893000000
1767,35.559490,9.175300000
1768,35.568490,8.698000000
1769,35.647986,10.219700000
1770,35.686631,11.273000000
1771,35.698891,11.916400000
1772,35.709304,10.091500000
1773,35.718936,9.419000000
1774,35.727880,8.822700000
1775,35.736986,8.875000000
1776,35.746518,9.317800000
1777,35.831370,10.624500000
1778,35.842005,10.295900000
1779,35.868435,10.196300000
1780,35.878441,9.641300000
1781,35.888428,9.815300000
1782,35.897700,9.170200000
1783,35.906430,8.533800000
1784,35.914790,8.207700000
1785,35.923081,8.012100000
1786,36.003582,11.080900000
1787,36.014311,10.378900000
1788,36.028796,13.914600000
1789,36.047723,16.407600000
1790,36.057361,9.354800000
1791,36.067232,9.568700000
1792,36.077339,9.838100000
1793,36.087436,9.802300000
1794,36.096583,8.847600000
1795,36.179627,13.026600000
1796,36.214966,11.276100000
1797,36.226965,11.668200000
1798,36.237726,10.447200000
1799,36.247212,9.175100000
1800,36.256745,9.250700000
1801,36.265618,8.632400000
1802,36.274094,8.193200000
1803,36.282504,8.145300000
1804,36.383029,13.875000000
1805,36.416183,10.859700000
1806,36.426618,10.137200000
1807,36.437080,10.174500000
1808,36.446748,9.396400000
1809,36.456101,9.136100000
1810,36.465551,9.132100000
1811,36.474998,9.191000000
1812,36.483651,8.437800000
1813,36.491864,8.116600000
1814,36.569302,10.966500000
1815,36.581329,11.534300000
1816,36.605644,13.216400000
1817,36.616795,10.825900000
1818,36.626807,9.825600000
1819,36.636749,9.681000000
1820,36.646716,9.756200000
1821,36.656821,9.897900000
1822,36.666994,9.908700000
1823,36.750402,10.613700000
1824,36.761409,10.640800000
1825,36.791025,10.327800000
1826,36.801244,9.910000000
1827,36.811448,10.038800000
1828,36.821698,9.980300000
1829,36.831964,10.034500000
1830,36.842304,10.044000000
1831,36.851618,9.051400000
1832,36.940869,11.899400000
1833,36.953103,11.816500000
1834,36.964457,10.911500000
1835,36.978855,14.070900000
1836,36.992186,12.981600000
1837,37.002877,10.390200000
1838,37.012361,9.313400000
1839,37.021532,9.029900000
1840,37.030731,9.028000000
1841,37.040307,9.375500000
1842,37.127660,11.395000000
1843,37.174849,15.426100000
1844,37.186456,11.228400000
1845,37.196893,10.156300000
1846,37.206436,9.240500000
1847,37.216178,9.492200000
1848,37.226142,9.663600000
1849,37.235169,8.849600000
1850,37.244455,9.046800000
1851,37.328562,11.316500000
1852,37.367007,11.543900000
1853,37.376803,9.481500000
1854,37.386785,9.702300000
1855,37.395910,8.915400000
1856,37.404501,8.396800000
1857,37.412962,8.258700000
1858,37.420907,7.760000000
1859,37.428877,7.773900000
1860,37.436792,7.701300000
1861,37.530938,10.276300000
1862,37.541741,10.443900000
1863,37.557842,11.327800000
1864,37.570612,12.512900000
1865,37.580578,9.677700000
1866,37.590275,9.424800000
1867,37.599944,9.440700000
1868,37.609792,9.641800000
1869,37.619819,9.820300000
1870,37.630028,9.988300000
1871,37.712495,12.501700000
1872,37.724827,11.889400000
1873,37.753336,11.065800000
1874,37.764337,10.698200000
1875,37.775241,10.568400000
1876,37.785001,9.479700000
1877,37.794539,9.188800000
1878,37.804825,10.094800000
1879,37.816143,10.969500000
1880,37.906048,11.120300000
1881,37.917094,10.704500000
1882,37.946032,11.517100000
1883,37.956788,10.493600000
1884,37.967381,10.303200000
1885,37.978165,10.513000000
1886,37.988483,10.106800000
1887,37.997764,9.163300000
1888,38.006599,8.639700000
1889,38.015628,8.788400000
1890,38.098316,10.958500000
1891,38.109300,10.620000000
1892,38.140686,10.919700000
1893,38.151418,10.424400000
1894,38.161990,10.320400000
1895,38.171768,9.479800000
1896,38.181462,9.336500000
1897,38.191661,9.804200000
1898,38.201776,9.722400000
1899,38.212980,10.947100000
1900,38.299833,13.269800000
1901,38.337160,11.954500000
1902,38.348125,10.610200000
1903,38.358002,9.520200000
1904,38.366851,8.659400000
1905,38.375219,8.173000000
1906,38.383135,7.685300000
1907,38.391469,8.151200000
1908,38.399699,7.926300000
1909,38.407701,7.775500000
1910,38.485067,9.858900000
1911,38.495998,10.564800000
1912,38.512814,10.626000000
1913,38.526058,12.961000000
1914,38.537078,10.637400000
1915,38.547260,9.946200000
1916,38.556826,9.301800000
1917,38.565787,8.771200000
1918,38.574886,8.896400000
1919,38.668426,11.151000000
1920,38.680385,11.541600000
1921,38.708333,13.140500000
1922,38.719247,10.676100000
1923,38.728998,9.573200000
1924,38.738930,9.688000000
1925,38.748048,8.872100000
1926,38.756855,8.604100000
1927,38.765403,8.359000000
1928,38.844655,11.315600000
1929,38.856542,11.556700000
1930,38.868700,11.636900000
1931,38.883517,13.875900000
1932,38.894914,11.067900000
1933,38.905019,9.838700000
1934,38.914582,9.353300000
1935,38.924243,9.421200000
1936,38.933236,8.780500000
1937,39.014119,10.870900000
1938,39.025935,11.463300000
1939,39.052777,13.306500000
1940,39.062775,9.704000000
1941,39.073017,9.985000000
1942,39.082639,9.397400000
1943,39.091853,8.919700000
1944,39.100619,8.566300000
1945,39.182357,11.053800000
1946,39.195157,12.399500000
1947,39.218666,13.460500000
1948,39.229722,10.719300000
1949,39.240046,10.064300000
1950,39.249725,9.464900000
1951,39.262138,12.142700000
1952,39.272252,9.927500000
1953,39.282886,10.411700000
1954,39.370306,15.677400000
1955,39.407852,37.207200000
1956,39.418941,10.760200000
1957,39.429837,10.595500000
1958,39.440270,10.072300000
1959,39.453455,12.872900000
1960,39.464056,10.320600000
1961,39.474634,10.271700000
1962,39.484988,10.088000000
1963,39.567931,10.397500000
1964,39.579298,10.855800000
1965,39.611729,14.008000000
1966,39.623732,11.590400000
1967,39.635209,11.201100000
1968,39.649566,14.063100000
1969,39.661123,11.319800000
1970,39.671848,10.542900000
1971,39.681689,9.517100000
1972,39.690937,9.092200000
1973,39.782968,13.304900000
1974,39.794267,10.869900000
1975,39.819973,11.370200000
1976,39.831418,11.118000000
1977,39.841714,10.044500000
1978,39.851865,9.832600000
1979,39.861220,9.115900000
1980,39.869806,8.394900000
1981,39.878309,8.337500000
1982,39.887076,8.584200000
1983,39.895094,7.864500000
1984,39.978010,11.709300000
1985,39.990382,11.992400000
1986,40.021743,16.537700000
1987,40.033871,11.717000000
1988,40.046165,11.953700000
1989,40.057586,11.279900000
1990,40.068207,10.243000000
1991,40.078620,10.072200000
1992,40.088889,10.045700000
1993,40.099340,10.172100000
1994,40.181926,11.798600000
1995,40.193794,11.428100000
1996,40.219923,11.815800000
1997,40.230723,10.500200000
1998,40.240677,9.684500000
1999,40.249789,8.902300000
2000,40.259248,9.288300000
2001,40.268973,9.532500000
2002,40.277801,8.685800000
2003,40.287706,9.735500000
2004,40.372436,10.710700000
2005,40.383526,10.765500000
2006,40.395693,10.110600000
2007,40.409877,13.940200000
2008,40.421413,11.268500000
2009,40.431666,9.975600000
2010,40.441324,9.400700000
2011,40.450299,8.735700000
2012,40.458950,8.463700000
2013,40.537828,10.336500000
2014,40.549682,11.530700000
2015,40.577486,10.506900000
2016,40.588439,10.245300000
2017,40.598375,9.669600000
2018,40.607875,9.123400000
2019,40.620081,11.942200000
2020,40.630301,9.952800000
2021,40.640770,10.084300000
2022,40.733940,15.237200000
2023,40.771033,14.711200000
2024,40.781686,10.294400000
2025,40.792040,10.069000000
2026,40.802319,10.056900000
2027,40.811924,9.356700000
2028,40.821797,9.647200000
2029,40.830978,8.808700000
2030,40.840351,9.043100000
2031,40.932638,10.218300000
2032,40.943459,10.512200000
2033,40.973307,9.807000000
2034,40.983337,9.723100000
2035,40.993417,9.872200000
2036,41.002688,8.967100000
2037,41.012126,9.208700000
2038,41.020927,8.597300000
2039,41.029737,8.592500000
2040,41.038161,8.195500000
2041,41.116068,11.171000000
2042,41.158842,12.269300000
2043,41.168898,9.722600000
2044,41.178233,9.032800000
2045,41.187300,8.798300000
2046,41.196459,8.901900000
2047,41.205487,8.767800000
2048,41.214673,8.937000000
2049,41.223478,8.617100000
2050,41.231844,8.165000000
2051,41.311450,10.319900000
2052,41.322206,10.450300000
2053,41.358502,14.232000000
2054,41.369288,10.482100000
2055,41.379029,9.518200000
2056,41.388755,9.515800000
2057,41.398729,9.756100000
2058,41.407734,8.764100000
2059,41.417000,9.065200000
2060,41.496033,10.570800000
2061,41.508753,12.349300000
2062,41.539041,11.641900000
2063,41.548545,9.277500000
2064,41.558169,9.380900000
2065,41.567163,8.892100000
2066,41.575679,8.223900000
2067,41.583764,7.883600000
2068,41.591680,7.801700000
2069,41.599818,7.899100000
2070,41.682226,13.798600000
2071,41.722061,12.593200000
2072,41.731962,9.556300000
2073,41.741076,8.891700000
2074,41.750343,9.070300000
2075,41.760083,9.520200000
2076,41.768976,8.664500000
2077,41.778111,8.938500000
2078,41.786829,8.506700000
2079,41.872778,11.550500000
2080,41.912026,11.042000000
2081,41.923225,10.876800000
2082,41.934127,10.632300000
2083,41.944452,10.152800000
2084,41.954935,10.271900000
2085,41.965328,10.116300000
2086,41.975768,10.154000000
2087,41.986083,10.004100000
2088,42.084469,10.324000000
2089,42.099247,14.416800000
2090,42.125930,11.249500000
2091,42.136121,9.879700000
2092,42.145862,9.528500000
2093,42.154670,8.584700000
2094,42.162941,8.058600000
2095,42.171422,8.298100000
2096,42.180202,8.558800000
2097,42.189126,8.731000000
2098,42.197155,7.824700000
2099,42.277045,11.862700000
2100,42.293513,16.065800000
2101,42.316498,11.166800000
2102,42.326738,9.973900000
2103,42.336604,9.638700000
2104,42.346414,9.658700000
2105,42.355597,8.893400000
2106,42.364670,8.712500000
2107,42.373475,8.617400000
2108,42.382428,8.775700000
2109,42.465862,13.260300000
2110,42.480730,10.675600000
2111,42.495114,14.076200000
2112,42.507281,11.788300000
2113,42.518034,10.447400000
2114,42.528440,10.105700000
2115,42.541302,12.560600000
2116,42.552496,10.908500000
2117,42.565837,13.048100000
2118,42.648993,10.777200000
2119,42.660773,11.430000000
2120,42.677162,11.002500000
2121,42.697323,14.600100000
2122,42.707203,9.507900000
2123,42.716526,9.069800000
2124,42.725486,8.739300000
2125,42.734658,8.979300000
2126,42.743625,8.796100000
2127,42.826989,13.176000000
2128,42.842476,15.147800000
2129,42.868979,11.810400000
2130,42.880253,10.941800000
2131,42.890559,10.001700000
2132,42.900393,9.563900000
2133,42.909960,9.352700000
2134,42.919180,8.945800000
2135,42.928395,8.949200000
2136,43.006291,10.252600000
2137,43.017064,10.448500000
2138,43.045624,10.338300000
2139,43.055315,9.395400000
2140,43.065286,9.819500000
2141,43.074555,9.155800000
2142,43.083785,9.106000000
2143,43.092647,8.530500000
2144,43.101967,9.066000000
2145,43.196262,11.189200000
2146,43.235219,11.998400000
2147,43.245684,10.156500000
2148,43.255760,9.782500000
2149,43.265922,9.930500000
2150,43.275404,9.272900000
2151,43.284202,8.689000000
2152,43.293371,8.844100000
2153,43.301742,8.099000000
2154,43.309928,7.965400000
2155,43.391670,14.215700000
2156,43.402590,10.555900000
2157,43.428503,10.671800000
2158,43.439663,10.783500000
2159,43.449774,9.857900000
2160,43.459348,9.292000000
2161,43.470268,10.650400000
2162,43.480903,10.352000000
2163,43.491795,10.642400000
2164,43.577252,10.266200000
2165,43.587839,10.253900000
2166,43.621718,12.977000000
2167,43.632116,10.087400000
2168,43.641799,9.482100000
2169,43.650824,8.912600000
2170,43.660164,9.131800000
2171,43.668894,8.612200000
2172,43.677104,8.040200000
2173,43.685927,8.561100000
2174,43.766591,14.439700000
2175,43.805931,10.867000000
2176,43.816551,10.286200000
2177,43.826487,9.687400000
2178,43.835684,8.984600000
2179,43.845113,9.290600000
2180,43.854705,9.336400000
2181,43.863612,8.676500000
2182,43.872980,9.121800000
2183,43.953386,11.865500000
2184,43.966038,12.291100000
2185,44.001538,13.201500000
2186,44.012240,10.402800000
2187,44.022636,10.196700000
2188,44.033165,10.259600000
2189,44.043369,9.961500000
2190,44.052682,9.029100000
2191,44.061314,8.405700000
2192,44.144834,11.476800000
2193,44.157207,11.958100000
2194,44.186408,12.559200000
2195,44.198365,11.592200000
2196,44.208826,10.115500000
2197,44.218603,9.510100000
2198,44.228014,9.262900000
2199,44.236964,8.717300000
2200,44.246034,8.940100000
2201,44.254630,8.306700000
2202,44.342396,10.592200000
2203,44.358511,15.699100000
2204,44.371490,10.124700000
2205,44.387321,10.417300000
2206,44.397192,9.561000000
2207,44.406280,8.896600000
2208,44.415152,8.662600000
2209,44.424073,8.672500000
2210,44.432981,8.729500000
2211,44.441730,8.586600000
2212,44.519231,11.758000000
2213,44.558080,11.941400000
2214,44.568736,10.372000000
2215,44.578783,9.755700000
2216,44.588093,9.195100000
2217,44.596798,8.519700000
2218,44.605397,8.400000000
2219,44.614097,8.504400000
2220,44.623020,8.688600000
2221,44.703825,10.310800000
2222,44.715199,11.008100000
2223,44.740767,12.710500000
2224,44.750984,9.868500000
2225,44.760911,9.711900000
2226,44.770155,9.032500000
2227,44.782226,11.959600000
2228,44.792032,9.641400000
2229,44.801805,9.543900000
2230,44.885245,15.282000000
2231,44.920974,35.434100000
2232,44.931592,10.364700000
2233,44.941913,10.029800000
2234,44.951447,9.291300000
2235,44.961185,9.533800000
2236,44.971297,9.939800000
2237,44.982830,11.160800000
2238,44.992674,9.574800000
2239,45.075048,10.864700000
2240,45.086927,11.537900000
2241,45.098939,10.793100000
2242,45.112880,13.637900000
2243,45.123502,10.332400000
2244,45.133721,9.943000000
2245,45.143428,9.424500000
2246,45.153329,9.616300000
2247,45.163019,9.485400000
2248,45.172978,9.734500000
2249,45.252070,10.438600000
2250,45.262738,10.243000000
2251,45.273364,10.247900000
2252,45.287604,13.940800000
2253,45.298154,10.234500000
2254,45.308136,9.626800000
2255,45.317496,9.086000000
2256,45.326219,8.509900000
2257,45.415844,10.184400000
2258,45.426833,10.677300000
2259,45.457995,11.945700000
2260,45.468096,9.705200000
2261,45.477872,9.498200000
2262,45.487198,9.042100000
2263,45.495795,8.396900000
2264,45.504355,8.343500000
2265,45.512844,8.266200000
2266,45.588757,10.636400000
2267,45.606163,16.909100000
2268,45.631260,14.772800000
2269,45.642734,11.178100000
2270,45.653227,10.249700000
2271,45.663357,9.885000000
2272,45.672921,9.405500000
2273,45.682289,9.167400000
2274,45.761927,10.940500000
2275,45.772856,10.600600000
2276,45.804527,10.940600000
2277,45.814532,9.730500000
2278,45.824547,9.769100000
2279,45.834809,10.021700000
2280,45.844043,9.069800000
2281,45.852877,8.547200000
2282,45.862161,9.047100000
2283,45.946270,10.974800000
2284,45.959758,13.123000000
2285,45.972001,11.830100000
2286,45.989233,12.165300000
2287,46.000420,10.860100000
2288,46.010384,9.723700000
2289,46.019688,9.180300000
2290,46.028985,8.991300000
2291,46.038487,9.239400000
2292,46.118320,11.198800000
2293,46.134897,16.190200000
2294,46.159195,12.000800000
2295,46.169876,10.384600000
2296,46.179403,9.374400000
2297,46.188492,8.803700000
2298,46.197358,8.621700000
2299,46.207340,9.732000000
2300,46.216354,8.745200000
2301,46.313451,12.282900000
2302,46.331362,17.219900000
2303,46.356100,10.638000000
2304,46.367301,10.856600000
2305,46.376760,9.277800000
2306,46.385380,8.457100000
2307,46.394068,8.432400000
2308,46.402515,8.239400000
2309,46.411139,8.414600000
2310,46.498449,10.355200000
2311,46.508983,10.189700000
2312,46.519271,9.946700000
2313,46.532031,12.492200000
2314,46.541952,9.680400000
2315,46.551651,9.482400000
2316,46.560852,8.869100000
2317,46.569397,8.409200000
2318,46.578359,8.630800000
2319,46.586647,8.057400000
2320,46.661222,10.382100000
2321,46.673445,11.909900000
2322,46.702617,12.211200000
2323,46.712588,9.640100000
2324,46.722581,9.786400000
2325,46.731712,8.907900000
2326,46.740607,8.650800000
2327,46.749674,8.823100000
2328,46.827855,10.286700000
2329,46.838568,10.273400000
2330,46.866200,11.489500000
2331,46.876826,10.305200000
2332,46.887404,10.356800000
2333,46.897923,10.195800000
2334,46.907663,9.524800000
2335,46.916691,8.771200000
2336,46.994450,10.492200000
2337,47.005427,10.581600000
2338,47.034265,10.320200000
2339,47.044355,9.786600000
2340,47.053938,9.345900000
2341,47.062822,8.668900000
2342,47.071411,8.362000000
2343,47.079667,8.006500000
2344,47.159475,11.098700000
2345,47.170637,10.794700000
2346,47.197950,10.873500000
2347,47.208302,10.033100000
2348,47.217911,9.368900000
2349,47.226950,8.778800000
2350,47.235529,8.465200000
2351,47.244406,8.626600000
2352,47.253812,9.271100000
2353,47.336371,13.354600000
2354,47.371412,10.911400000
2355,47.381533,9.774700000
2356,47.391688,9.908800000
2357,47.401512,9.653500000
2358,47.410561,8.785100000
2359,47.419218,8.467900000
2360,47.427867,8.463400000
2361,47.514643,10.259100000
2362,47.525345,10.339500000
2363,47.551949,10.649900000
2364,47.563082,10.842600000
2365,47.574272,10.962100000
2366,47.585057,10.506800000
2367,47.595044,9.790200000
2368,47.604027,8.775100000
2369,47.613165,8.905600000
2370,47.622249,8.864500000
2371,47.698027,10.710900000
2372,47.708773,10.330100000
2373,47.719061,9.942100000
2374,47.732774,13.049900000
2375,47.743454,10.478100000
2376,47.752776,9.151500000
2377,47.762144,9.121800000
2378,47.771353,8.959200000
2379,47.781053,9.478700000
2380,47.856980,9.936500000
2381,47.867943,10.647200000
2382,47.884259,10.739600000
2383,47.898539,13.947400000
2384,47.911735,12.893900000
2385,47.921812,9.855200000
2386,47.932029,9.881900000
2387,47.941449,9.202000000
2388,48.027736,12.079100000
2389,48.039228,11.139300000
2390,48.069075,13.772600000
2391,48.079329,9.916800000
2392,48.089700,10.046700000
2393,48.100136,10.192600000
2394,48.109946,9.613900000
2395,48.120547,10.364600000
2396,48.201059,10.392600000
2397,48.212125,10.723300000
2398,48.238596,11.146200000
2399,48.248323,9.394400000
2400,48.258333,9.860300000
2401,48.267729,9.127700000
2402,48.277359,9.441000000
2403,48.287498,9.851700000
2404,48.297637,9.873500000
2405,48.379485,10.523000000
2406,48.392649,12.769400000
2407,48.421792,15.717300000
2408,48.433354,11.232500000
2409,48.444239,10.493400000
2410,48.455259,10.577200000
2411,48.466266,10.596000000
2412,48.477243,10.553900000
2413,48.488147,10.494500000
2414,48.577629,11.368800000
2415,48.589231,11.255800000
2416,48.614136,11.640400000
2417,48.624912,10.471700000
2418,48.634677,9.533100000
2419,48.644498,9.619100000
2420,48.653448,8.769300000
2421,48.662797,9.214100000
2422,48.671651,8.612500000
2423,48.679769,7.884100000
2424,48.762085,10.045700000
2425,48.772415,9.931600000
2426,48.799821,10.557200000
2427,48.809926,9.792700000
2428,48.820044,9.903500000
2429,48.829871,9.650100000
2430,48.839891,9.774800000
2431,48.848955,8.797900000
2432,48.858343,9.153200000
2433,48.935557,10.152600000
2434,48.975948,15.869200000
2435,48.986067,9.799300000
2436,48.996301,9.952700000
2437,49.007089,10.570800000
2438,49.018548,11.220200000
2439,49.030027,11.214000000
2440,49.040327,9.987900000
2441,49.050083,9.490200000
2442,49.138738,12.036900000
2443,49.150842,11.688700000
2444,49.176293,11.098100000
2445,49.187400,10.720600000
2446,49.197275,9.585700000
2447,49.206445,8.849700000
2448,49.215247,8.340000000
2449,49.224091,8.636700000
2450,49.232597,8.261800000
2451,49.241580,8.852900000
2452,49.320359,11.322700000
2453,49.331862,11.140000000
2454,49.357069,10.438600000
2455,49.366973,9.629100000
2456,49.377133,9.940400000
2457,49.387118,9.708700000
2458,49.395912,8.583400000
2459,49.404975,8.846000000
2460,49.413442,8.264700000
2461,49.487728,10.705700000
2462,49.498723,10.702200000
2463,49.525061,11.806700000
2464,49.535571,10.199100000
2465,49.545268,9.472800000
2466,49.554309,8.826400000
2467,49.563305,8.782300000
2468,49.572139,8.597500000
2469,49.659513,10.893500000
2470,49.677790,11.850700000
2471,49.694061,12.889800000
2472,49.705042,10.659000000
2473,49.716138,10.869700000
2474,49.726279,9.880600000
2475,49.736348,9.855000000
2476,49.745744,9.177000000
2477,49.754257,8.324200000
2478,49.835156,13.965200000
2479,49.851244,11.055100000
2480,49.864586,13.074200000
2481,49.875996,11.133300000
2482,49.886286,10.033200000
2483,49.895646,9.153400000
2484,49.904655,8.792500000
2485,49.913750,8.873300000
2486,49.996863,12.138300000
2487,50.008734,11.515100000
2488,50.037986,11.974500000
2489,50.048792,10.429000000
2490,50.058648,9.640100000
2491,50.068142,9.155100000
2492,50.077644,9.259100000
2493,50.086578,8.732400000
2494,50.095210,8.386000000
2495,50.173336,11.094800000
2496,50.184387,10.702900000
2497,50.195105,10.375900000
2498,50.209421,13.986500000
2499,50.220742,11.009500000
2500,50.231068,10.104000000
2501,50.240712,9.534500000
2502,50.253074,12.187400000
2503,50.333442,12.591200000
2504,50.369860,16.586800000
2505,50.384652,14.446000000
2506,50.397629,12.742600000
2507,50.420120,22.251300000
2508,50.428982,8.391200000
2509,50.438139,8.885200000
2510,50.448033,9.673600000
2511,50.524545,10.973300000
2512,50.536150,11.285600000
2513,50.563317,12.843400000
2514,50.574230,10.584700000
2515,50.585102,10.618500000
2516,50.595864,10.453300000
2517,50.605674,9.522600000
2518,50.614947,9.057400000
2519,50.624273,9.112500000
2520,50.634178,9.685300000
2521,50.730141,12.995700000
2522,50.744602,14.078500000
2523,50.766521,11.062700000
2524,50.777146,10.323200000
2525,50.787140,9.644700000
2526,50.797117,9.785400000
2527,50.806409,9.047300000
2528,50.815989,9.440300000
2529,50.824929,8.738000000
2530,50.833556,8.408800000
2531,50.912180,11.388500000
2532,50.925017,12.477800000
2533,50.938753,13.425000000
2534,50.950685,11.589700000
2535,50.964435,13.263700000
2536,50.975366,10.659900000
2537,50.985688,10.075500000
2538,50.998623,12.627600000
2539,51.008758,9.885000000
2540,51.091873,11.984900000
2541,51.109041,12.192000000
2542,51.136150,16.574600000
2543,51.148443,11.963600000
2544,51.160611,11.806500000
2545,51.171515,10.611000000
2546,51.182438,10.620300000
2547,51.195546,12.892800000
2548,51.206915,11.099500000
2549,51.293773,14.464800000
2550,51.309522,10.968600000
2551,51.331286,13.156900000
2552,51.342812,11.191000000
2553,51.353281,10.154900000
2554,51.363699,10.166200000
2555,51.373183,9.263500000
2556,51.382219,8.822400000
2557,51.390866,8.423500000
2558,51.399886,8.806500000
2559,51.477796,11.424700000
2560,51.490612,12.470700000
2561,51.501777,10.818700000
2562,51.516122,14.048400000
2563,51.528670,12.235400000
2564,51.539741,10.790300000
2565,51.549841,9.794200000
2566,51.559787,9.737300000
2567,51.568951,9.066000000
2568,51.578711,9.458400000
2569,51.656161,11.150900000
2570,51.667590,11.120200000
2571,51.679557,11.678000000
2572,51.693457,10.627600000
2573,51.704035,10.258400000
2574,51.714695,10.402500000
2575,51.724612,9.677500000
2576,51.733711,8.912900000
2577,51.742502,8.693800000
2578,51.840568,12.641700000
2579,51.853039,12.054000000
2580,51.867346,13.943600000
2581,51.880856,12.996300000
2582,51.892007,10.828900000
2583,51.903051,10.765500000
2584,51.913706,10.394500000
2585,51.924571,10.614400000
2586,51.934368,9.568600000
2587,52.013741,10.895200000
2588,52.024936,10.803100000
2589,52.040307,15.084100000
2590,52.053639,12.953300000
2591,52.066132,12.155700000
2592,52.077999,11.527200000
2593,52.088652,10.321600000
2594,52.098711,9.797900000
2595,52.182532,11.432800000
2596,52.195588,12.709900000
2597,52.207226,11.125400000
2598,52.224752,12.012600000
2599,52.235394,10.403900000
2600,52.245067,9.477600000
2601,52.254066,8.899900000
2602,52.263625,9.181300000
2603,52.272439,8.544600000
2604,52.350146,10.231000000
2605,52.361171,10.723000000
2606,52.376571,13.476300000
2607,52.390387,13.501600000
2608,52.400323,9.736300000
2609,52.409667,9.188300000
2610,52.418603,8.639500000
2611,52.426994,8.190000000
2612,52.506097,11.260700000
2613,52.521759,15.316100000
2614,52.535095,12.998200000
2615,52.546840,10.671900000
2616,52.557058,9.915400000
2617,52.566407,9.141100000
2618,52.576039,9.420400000
2619,52.585999,9.694900000
2620,52.670658,10.840200000
2621,52.682236,11.297400000
2622,52.693901,10.816200000
2623,52.707280,13.085500000
2624,52.717457,9.957900000
2625,52.726924,9.231600000
2626,52.736498,9.426800000
2627,52.746619,9.813900000
2628,52.839741,10.843200000
2629,52.850503,10.429600000
2630,52.875360,13.211100000
2631,52.885888,10.173100000
2632,52.895729,9.529800000
2633,52.904779,8.943500000
2634,52.914129,9.054700000
2635,52.922867,8.523600000
2636,52.931367,8.282800000
2637,53.007832,10.351500000
2638,53.019052,10.827100000
2639,53.043893,10.653100000
2640,53.054554,10.299500000
2641,53.064582,9.802700000
2642,53.074040,9.187100000
2643,53.082794,8.643400000
2644,53.091953,8.959600000
2645,53.172805,10.889100000
2646,53.184745,11.533700000
2647,53.215167,11.659400000
2648,53.225715,10.235400000
2649,53.236561,10.626400000
2650,53.247190,10.415600000
2651,53.257829,10.439800000
2652,53.267643,9.577800000
2653,53.349998,11.566300000
2654,53.362649,12.303300000
2655,53.377208,14.232800000
2656,53.390482,12.925700000
2657,53.401997,11.241300000
2658,53.412914,10.696000000
2659,53.425110,11.936300000
2660,53.436078,10.711600000
2661,53.446148,9.878300000
2662,53.529347,11.642800000
2663,53.540841,11.080700000
2664,53.568450,13.316600000
2665,53.579948,11.145300000
2666,53.591114,10.846200000
2667,53.602229,10.864700000
2668,53.613576,11.120000000
2669,53.624936,11.149800000
2670,53.636199,10.930500000
2671,53.721867,14.845600000
2672,53.736004,13.676400000
2673,53.750011,13.709300000
2674,53.760944,10.514800000
2675,53.771141,9.921600000
2676,53.781298,9.972100000
2677,53.790748,9.315000000
2678,53.799873,8.898900000
2679,53.808809,8.750000000
2680,53.817313,8.346500000
2681,53.906355,11.084700000
2682,53.917883,11.199700000
2683,53.931344,13.106300000
2684,53.944420,11.302200000
2685,53.955452,10.787900000
2686,53.965639,9.954300000
2687,53.975068,9.200100000
2688,53.984272,9.020600000
2689,53.993237,8.718500000
2690,54.082740,14.733900000
2691,54.100940,16.569900000
2692,54.115458,12.661600000
2693,54.127069,11.296300000
2694,54.137672,10.419800000
2695,54.148121,10.228100000
2696,54.158059,9.817800000
2697,54.167547,9.351700000
2698,54.176532,8.746900000
2699,54.255013,10.886000000
2700,54.272441,17.037800000
2701,54.296758,12.582400000
2702,54.308818,11.718600000
2703,54.319994,10.865600000
2704,54.330477,10.203500000
2705,54.339981,9.396100000
2706,54.349296,9.102900000
2707,54.358190,8.679200000
2708,54.434274,11.199400000
2709,54.446355,11.619800000
2710,54.460141,13.475000000
2711,54.471106,10.673300000
2712,54.482079,10.721200000
2713,54.492239,9.897400000
2714,54.501906,9.447000000
2715,54.511488,9.375100000
2716,54.589237,10.869100000
2717,54.602007,12.335000000
2718,54.632015,12.395300000
2719,54.644394,12.033800000
2720,54.656148,11.505900000
2721,54.667450,11.097600000
2722,54.678678,10.981600000
2723,54.689825,10.956700000
2724,54.779214,11.029600000
2725,54.794755,13.079000000
2726,54.807320,12.236400000
2727,54.820071,11.944000000
2728,54.830953,10.666200000
2729,54.841938,10.729800000
2730,54.852806,10.608200000
2731,54.862866,9.793700000
2732,54.872837,9.835500000
2733,54.882546,9.410000000
2734,54.972107,11.488300000
2735,54.984153,11.703900000
2736,55.012957,12.447000000
2737,55.023350,10.053500000
2738,55.033031,9.528300000
2739,55.042349,9.228200000
2740,55.051793,9.257800000
2741,55.061175,9.285900000
2742,55.070349,8.933300000
2743,55.154927,14.912500000
2744,55.173902,11.932500000
2745,55.194524,15.637100000
2746,55.205000,10.194400000
2747,55.215134,9.944400000
2748,55.225077,9.685000000
2749,55.234381,9.125600000
2750,55.243275,8.791900000
2751,55.252791,9.297900000
2752,55.332838,10.989500000
2753,55.346554,13.297300000
2754,55.371238,10.877300000
2755,55.381678,10.170200000
2756,55.391423,9.515900000
2757,55.400932,9.250800000
2758,55.410393,9.296100000
2759,55.419380,8.763400000
2760,55.428336,8.789700000
2761,55.505699,10.972600000
2762,55.516913,10.844000000
2763,55.542758,14.012700000
2764,55.554400,11.204700000
2765,55.564651,10.021300000
2766,55.574863,10.017700000
2767,55.584416,9.348000000
2768,55.594330,9.715000000
2769,55.604807,10.288800000
2770,55.685509,10.844100000
2771,55.702736,16.828500000
2772,55.722311,11.247600000
2773,55.732955,10.278000000
2774,55.742859,9.744800000
2775,55.752378,9.315500000
2776,55.761508,8.893900000
2777,55.770192,8.441100000
2778,55.779202,8.775500000
2779,55.866837,19.900500000
2780,55.901408,15.289700000
2781,55.913596,11.929000000
2782,55.927478,13.613600000
2783,55.940372,12.640700000
2784,55.961459,20.899900000
2785,55.970852,9.042500000
2786,55.980630,9.582100000
2787,55.989448,8.623000000
2788,56.079613,10.941200000
2789,56.091191,11.257900000
2790,56.103902,12.392400000
2791,56.117209,11.198800000
2792,56.128662,11.206600000
2793,56.138899,10.054400000
2794,56.148409,9.239100000
2795,56.157282,8.766800000
2796,56.166252,8.780600000
2797,56.175116,8.595500000
2798,56.185216,9.835100000
2799,56.275858,16.204100000
2800,56.315708,16.847100000
2801,56.326929,10.995800000
2802,56.337468,10.255600000
2803,56.346895,9.310400000
2804,56.359548,12.432900000
2805,56.369039,9.338800000
2806,56.378711,9.415400000
2807,56.387879,8.950400000
2808,56.465619,10.688100000
2809,56.476865,10.959500000
2810,56.489966,12.816400000
2811,56.502764,10.743200000
2812,56.513204,10.192100000
2813,56.523804,10.364200000
2814,56.533449,9.440700000
2815,56.542969,9.199900000
2816,56.552530,9.343600000
2817,56.561504,8.776400000
2818,56.643002,13.111300000
2819,56.654596,11.187900000
2820,56.670583,15.637500000
2821,56.685812,14.783800000
2822,56.696117,10.012100000
2823,56.705748,9.378300000
2824,56.714923,8.969300000
2825,56.723572,8.456500000
2826,56.732527,8.746400000
2827,56.813294,10.847800000
2828,56.826444,12.777300000
2829,56.843569,16.806500000
2830,56.857255,13.359400000
2831,56.868287,10.754400000
2832,56.879173,10.664100000
2833,56.889145,9.652700000
2834,56.898696,9.355000000
2835,56.975716,10.677100000
2836,56.988129,12.094000000
2837,57.000064,11.574900000
2838,57.014324,13.879600000
2839,57.025840,11.224300000
2840,57.037239,11.178600000
2841,57.048168,10.799300000
2842,57.058600,10.112800000
2843,57.068825,10.016700000
2844,57.160116,11.545700000
2845,57.172644,12.002800000
2846,57.200114,11.938600000
2847,57.212043,11.517500000
2848,57.223004,10.673300000
2849,57.233216,9.887300000
2850,57.242795,9.219700000
2851,57.251837,8.828400000
2852,57.260707,8.608900000
2853,57.334612,10.583100000
2854,57.354380,19.136000000
2855,57.374035,11.723500000
2856,57.386151,11.657700000
2857,57.397507,11.060500000
2858,57.408764,10.981300000
2859,57.419245,10.183500000
2860,57.429010,9.448100000
2861,57.510748,10.964000000
2862,57.534304,10.459300000
2863,57.548065,13.404900000
2864,57.558285,9.912400000
2865,57.568053,9.530400000
2866,57.577070,8.911900000
2867,57.585982,8.654900000
2868,57.595075,8.945400000
2869,57.604076,8.818800000
2870,57.683001,10.785600000
2871,57.694943,11.587000000
2872,57.722134,12.444000000
2873,57.733136,10.724100000
2874,57.744030,10.694400000
2875,57.755020,10.771300000
2876,57.765259,10.000000000
2877,57.776046,10.518700000
2878,57.785705,9.391500000
2879,57.863079,10.267500000
2880,57.874436,10.843300000
2881,57.898812,11.123600000
2882,57.909332,10.232000000
2883,57.919182,9.686300000
2884,57.929041,9.610500000
2885,57.938182,8.924300000
2886,57.947154,8.760000000
2887,57.956231,8.858100000
2888,58.032007,10.630200000
2889,58.043387,11.065600000
2890,58.059776,15.927300000
2891,58.070785,10.577800000
2892,58.081255,10.187500000
2893,58.091750,10.216300000
2894,58.101378,9.345500000
2895,58.110611,8.969800000
2896,58.200303,11.311800000
2897,58.211399,10.695000000
2898,58.224417,12.566000000
2899,58.239459,11.823800000
2900,58.251321,11.559800000
2901,58.262618,10.838500000
2902,58.272828,9.905400000
2903,58.282656,9.543200000
2904,58.291839,8.894100000
2905,58.369634,11.247800000
2906,58.381189,11.211500000
2907,58.406336,11.595500000
2908,58.417823,11.244500000
2909,58.429073,10.963100000
2910,58.439314,9.956100000
2911,58.448799,9.279000000
2912,58.458103,9.124800000
2913,58.535974,10.538600000
2914,58.553565,10.875500000
2915,58.567651,13.809100000
2916,58.579305,11.341500000
2917,58.589910,10.311200000
2918,58.599662,9.494500000
2919,58.609033,9.111900000
2920,58.617868,8.627000000
2921,58.626860,8.804900000
2922,58.719423,11.457100000
2923,58.731917,12.148400000
2924,58.765510,15.414900000
2925,58.776800,10.925200000
2926,58.787132,10.203800000
2927,58.797350,10.027900000
2928,58.806839,9.200700000
2929,58.816556,9.466400000
2930,58.825851,9.090900000
2931,58.908596,10.582500000
2932,58.919352,10.445000000
2933,58.947952,10.447500000
2934,58.958990,10.705000000
2935,58.969119,9.839700000
2936,58.979584,10.280300000
2937,58.990111,10.290500000
2938,59.001001,10.599000000
2939,59.011748,10.505100000
2940,59.089935,11.459300000
2941,59.112616,11.237900000
2942,59.130420,12.314800000
2943,59.140740,10.049800000
2944,59.150380,9.461100000
2945,59.160170,9.577000000
2946,59.169517,9.123000000
2947,59.178459,8.739700000
2948,59.187516,8.804600000
2949,59.276631,12.574800000
2950,59.287992,10.915700000
2951,59.298943,10.649600000
2952,59.314886,11.699000000
2953,59.325839,10.663200000
2954,59.336763,10.701900000
2955,59.346592,9.568300000
2956,59.356024,9.236800000
2957,59.365549,9.334200000
2958,59.442423,12.681500000
2959,59.454786,12.017800000
2960,59.465431,10.294900000
2961,59.479544,12.008800000
2962,59.490470,10.673500000
2963,59.500485,9.745900000
2964,59.509822,9.142600000
2965,59.519127,9.104200000
2966,59.528383,9.057600000
2967,59.614644,12.757200000
2968,59.627632,12.603100000
2969,59.660255,16.238000000
2970,59.670571,9.972400000
2971,59.680937,10.077100000
2972,59.690291,9.109400000
2973,59.698776,8.291900000
2974,59.707109,8.082900000
2975,59.782592,11.011100000
2976,59.794604,11.651800000
2977,59.806329,11.368400000
2978,59.820996,14.346200000
2979,59.834242,12.860900000
2980,59.845518,11.050900000
2981,59.855615,9.813000000
2982,59.865488,9.592700000
2983,59.875264,9.629200000
2984,59.956743,12.382900000
2985,59.968719,11.665700000
2986,59.993348,11.223500000
2987,60.004505,10.820600000
2988,60.015544,10.791600000
2989,60.025599,9.846500000
2990,60.035186,9.366300000
2991,60.044080,8.780900000
2992,60.052758,8.408500000
2993,60.133228,11.521900000
2994,60.148954,11.900000000
2995,60.166009,16.685600000
2996,60.179809,13.417900000
2997,60.191966,11.804700000
2998,60.203647,11.361200000
2999,60.213783,9.948900000
3000,60.223895,9.914900000
3001,60.321058,10.386400000
3002,60.332551,11.182500000
3003,60.343577,10.723700000
3004,60.356947,13.063900000
3005,60.367249,10.079600000
3006,60.376875,9.462000000
3007,60.386882,9.702100000
3008,60.396045,8.944100000
3009,60.404926,8.779300000
3010,60.413517,8.350600000
3011,60.490522,12.103200000
3012,60.510018,10.798900000
3013,60.523942,13.634000000
3014,60.535600,11.302000000
3015,60.546561,10.651400000
3016,60.556306,9.473300000
3017,60.565664,9.133000000
3018,60.575061,9.175800000
3019,60.661670,12.793600000
3020,60.675274,13.248500000
3021,60.700675,11.313300000
3022,60.712226,11.173500000
3023,60.723419,10.958100000
3024,60.734596,10.934300000
3025,60.745779,10.848600000
3026,60.756859,10.750300000
3027,60.766982,9.865200000
3028,60.854422,11.748300000
3029,60.866987,12.147200000
3030,60.894042,11.623900000
3031,60.907822,13.368800000
3032,60.921398,13.241100000
3033,60.932840,11.076400000
3034,60.943240,10.091500000
3035,60.953865,10.360500000
3036,60.964365,10.263600000
3037,61.051243,14.057800000
3038,61.070482,11.325900000
3039,61.084665,13.873900000
3040,61.096159,11.143800000
3041,61.106576,10.137400000
3042,61.116214,9.390300000
3043,61.125502,9.092300000
3044,61.134122,8.409800000
3045,61.143292,8.966700000
3046,61.151906,8.408200000
3047,61.229532,11.151100000
3048,61.247727,12.645500000
3049,61.268162,10.604300000
3050,61.278835,10.357500000
3051,61.288676,9.576700000
3052,61.298194,9.299300000
3053,61.307074,8.674100000
3054,61.315928,8.633600000
3055,61.327245,11.093800000
3056,61.422566,16.111300000
3057,61.447882,17.950000000
3058,61.474161,26.005800000
3059,61.484548,10.135700000
3060,61.494257,9.512100000
3061,61.503993,9.461500000
3062,61.513603,9.376900000
3063,61.523153,9.335400000
3064,61.532092,8.739000000
3065,61.541004,8.718000000
3066,61.619813,14.174900000
3067,61.642832,11.171900000
3068,61.656514,13.405400000
3069,61.667267,10.462000000
3070,61.677050,9.624700000
3071,61.686264,9.124400000
3072,61.695467,8.930900000
3073,61.704256,8.513000000
3074,61.712548,8.085700000
3075,61.721015,8.277900000
3076,61.798218,10.678400000
3077,61.810124,11.544600000
3078,61.822310,11.829100000
3079,61.836885,14.284100000
3080,61.850378,13.109900000
3081,61.863629,12.902000000
3082,61.875678,11.703000000
3083,61.887348,11.356200000
3084,61.898520,10.844900000
3085,61.998535,18.097200000
3086,62.031349,14.710500000
3087,62.042864,11.088200000
3088,62.054185,10.977400000
3089,62.065605,11.259500000
3090,62.077183,11.253500000
3091,62.088954,11.491300000
3092,62.100445,11.202400000
3093,62.111903,11.089300000
3094,62.205031,11.920600000
3095,62.217023,11.481800000
3096,62.231996,11.013500000
3097,62.248641,16.329900000
3098,62.259982,10.911100000
3099,62.271261,10.902900000
3100,62.282119,10.573800000
3101,62.293130,10.671000000
3102,62.304192,10.789300000
3103,62.315001,10.544000000
3104,62.325824,10.570200000
3105,62.414459,10.943400000
3106,62.438597,11.138600000
3107,62.452969,14.050700000
3108,62.465184,11.795400000
3109,62.475927,10.414800000
3110,62.486002,9.738500000
3111,62.495842,9.479500000
3112,62.505607,9.548900000
3113,62.514952,8.997800000
3114,62.524122,8.899400000
3115,62.620279,12.128100000
3116,62.632832,12.176800000
3117,62.645954,12.130600000
3118,62.665027,13.454700000
3119,62.677649,12.067400000
3120,62.688016,10.153000000
3121,62.698519,10.162600000
3122,62.707883,9.110700000
3123,62.717762,9.753200000
3124,62.726499,8.556600000
3125,62.734851,8.230600000
3126,62.812205,10.764300000
3127,62.824359,11.801500000
3128,62.843414,15.558900000
3129,62.853979,10.217100000
3130,62.864197,9.904800000
3131,62.874237,9.885700000
3132,62.884058,9.534500000
3133,62.894131,9.853500000
3134,62.906602,12.299300000
3135,62.999457,13.930400000
3136,63.011619,11.755000000
3137,63.038279,13.324500000
3138,63.050255,11.626400000
3139,63.061994,11.312200000
3140,63.072720,10.543800000
3141,63.083861,10.886000000
3142,63.095161,11.122200000
3143,63.106350,10.875600000
3144,63.117063,10.377800000
3145,63.206836,11.855700000
3146,63.221199,13.915200000
3147,63.249047,11.171900000
3148,63.259599,10.291900000
3149,63.269964,10.150300000
3150,63.280300,10.126100000
3151,63.290782,10.279500000
3152,63.300154,9.102700000
3153,63.309050,8.656100000
3154,63.318360,9.060200000
3155,63.395913,10.775800000
3156,63.407106,10.858900000
3157,63.434362,11.421200000
3158,63.445304,10.633600000
3159,63.455220,9.596700000
3160,63.465127,9.679600000
3161,63.474271,8.908800000
3162,63.482999,8.448600000
3163,63.491607,8.388200000
3164,63.500381,8.555700000
3165,63.578478,11.701900000
3166,63.589821,11.008700000
3167,63.601861,11.703000000
3168,63.616137,11.005600000
3169,63.627428,11.026800000
3170,63.637510,9.900900000
3171,63.646970,9.322700000
3172,63.656426,9.074800000
3173,63.664984,8.396700000
3174,63.753085,11.495900000
3175,63.793440,12.577400000
3176,63.803756,9.994500000
3177,63.813680,9.662000000
3178,63.823254,9.319000000
3179,63.832063,8.593400000
3180,63.840751,8.474000000
3181,63.849168,8.200900000
3182,63.932737,13.784500000
3183,63.947707,11.406500000
3184,63.968245,12.566200000
3185,63.979285,10.730500000
3186,63.989710,10.198900000
3187,63.999730,9.765400000
3188,64.009072,9.097800000
3189,64.017909,8.640900000
3190,64.026721,8.588700000
3191,64.105931,11.429600000
3192,64.119038,12.685900000
3193,64.131652,12.297600000
3194,64.145783,12.171700000
3195,64.158164,11.979800000
3196,64.169889,11.401600000
3197,64.180215,9.942300000
3198,64.189818,9.341500000
3199,64.198584,8.435000000
3200,64.275438,10.722500000
3201,64.287753,11.885900000
3202,64.316251,12.255900000
3203,64.327156,10.615500000
3204,64.337960,10.548200000
3205,64.347672,9.503700000
3206,64.356941,9.053200000
3207,64.365842,8.774700000
3208,64.374362,8.287700000
3209,64.453068,10.830500000
3210,64.471902,18.444100000
3211,64.498748,14.299400000
3212,64.509408,10.335800000
3213,64.520053,10.378200000
3214,64.529784,9.553000000
3215,64.539035,9.127400000
3216,64.549057,9.801700000
3217,64.635219,13.570300000
3218,64.647129,11.494400000
3219,64.673377,12.389900000
3220,64.684711,11.035000000
3221,64.696208,11.140000000
3222,64.707232,10.797400000
3223,64.717859,10.320700000
3224,64.727966,9.885300000
3225,64.737268,9.118500000
3226,64.824586,10.184100000
3227,64.835563,10.595100000
3228,64.848703,10.053500000
3229,64.861948,12.760900000
3230,64.873661,11.278100000
3231,64.883218,9.379000000
3232,64.892379,8.994500000
3233,64.901262,8.561200000
3234,64.910214,8.799100000
3235,64.918633,8.227600000
3236,64.995373,10.320800000
3237,65.007060,11.366200000
3238,65.019468,11.212900000
3239,65.034972,10.693500000
3240,65.045309,10.068600000
3241,65.055152,9.659500000
3242,65.064269,9.013500000
3243,65.073877,9.335900000
3244,65.082783,8.654000000
3245,65.169122,13.437800000
3246,65.180917,11.431900000
3247,65.198520,17.235900000
3248,65.210588,11.704500000
3249,65.221266,10.398100000
3250,65.231299,9.840400000
3251,65.240499,9.092500000
3252,65.249559,8.958700000
3253,65.330376,10.692400000
3254,65.341333,10.616100000
3255,65.362425,15.741600000
3256,65.372734,9.965400000
3257,65.383194,10.243600000
3258,65.393884,10.491800000
3259,65.403668,9.660800000
3260,65.412796,9.034900000
3261,65.504670,13.883200000
3262,65.518256,13.053800000
3263,65.533406,14.754100000
3264,65.545392,11.336000000
3265,65.557122,11.413900000
3266,65.568118,10.738400000
3267,65.577962,9.685300000
3268,65.587354,9.172600000
3269,65.596423,8.620600000
3270,65.672384,10.163200000
3271,65.686098,13.364400000
3272,65.710981,10.633900000
3273,65.721673,10.289700000
3274,65.731473,9.624900000
3275,65.740589,8.929300000
3276,65.750125,9.283900000
3277,65.760181,9.846100000
3278,65.862334,16.362700000
3279,65.874076,11.401900000
3280,65.887991,13.595800000
3281,65.902806,14.531700000
3282,65.915013,11.904600000
3283,65.926174,10.807900000
3284,65.938633,12.225900000
3285,65.948907,9.968200000
3286,65.958773,9.628800000
3287,65.969094,10.065900000
3288,66.045003,10.001900000
3289,66.055722,10.336700000
3290,66.066300,10.245300000
3291,66.080208,13.598200000
3292,66.091676,11.083500000
3293,66.102704,10.766400000
3294,66.113498,10.594200000
3295,66.124507,10.774300000
3296,66.134610,9.927200000
3297,66.215113,11.392900000
3298,66.226175,10.762200000
3299,66.248290,11.184600000
3300,66.259456,10.848800000
3301,66.269914,10.155700000
3302,66.280099,9.980700000
3303,66.290607,10.259300000
3304,66.299994,9.207800000
3305,66.378096,10.519200000
3306,66.396752,11.310900000
3307,66.411328,14.266300000
3308,66.422965,11.369100000
3309,66.433724,10.483400000
3310,66.444062,10.141800000
3311,66.454710,10.444700000
3312,66.465480,10.506600000
3313,66.476127,10.348800000
3314,66.563889,13.969600000
3315,66.601469,12.848600000
3316,66.612876,11.000400000
3317,66.623967,10.777500000
3318,66.634379,10.089400000
3319,66.644490,9.880500000
3320,66.654923,10.191900000
3321,66.664807,9.631700000
3322,66.674029,8.897800000
3323,66.757989,13.353700000
3324,66.790720,11.785000000
3325,66.801131,10.119600000
3326,66.810927,9.509200000
3327,66.819870,8.830200000
3328,66.828630,8.666700000
3329,66.837851,8.948300000
3330,66.846474,8.435500000
3331,66.854822,8.250500000
3332,66.863481,8.573500000
3333,66.967298,22.347800000
3334,66.998075,15.710300000
3335,67.024590,26.162800000
3336,67.034568,9.671500000
3337,67.043460,8.659100000
3338,67.052158,8.485500000
3339,67.060920,8.557200000
3340,67.069715,8.609500000
3341,67.078128,8.193400000
3342,67.086911,8.559900000
3343,67.169443,12.968600000
3344,67.184667,14.780300000
3345,67.206080,11.531000000
3346,67.217820,11.341400000
3347,67.228990,10.901400000
3348,67.238641,9.530900000
3349,67.247992,9.029400000
3350,67.256719,8.606400000
3351,67.265657,8.680700000
3352,67.275166,9.349300000
3353,67.359764,10.256100000
3354,67.370519,10.442300000
3355,67.385122,11.474800000
3356,67.398638,12.827200000
3357,67.408808,9.891400000
3358,67.419180,10.081600000
3359,67.429146,9.745600000
3360,67.439337,9.817500000
3361,67.449616,9.999500000
3362,67.459864,9.964400000
3363,67.537469,9.836400000
3364,67.548265,10.495000000
3365,67.562573,9.724700000
3366,67.575068,12.229600000
3367,67.584497,9.205200000
3368,67.593810,9.066100000
3369,67.602747,8.827500000
3370,67.611724,8.708600000
3371,67.620457,8.454800000
3372,67.700945,10.320600000
3373,67.712343,11.093800000
3374,67.745177,14.215900000
3375,67.755787,10.317700000
3376,67.766369,10.355000000
3377,67.775943,9.450700000
3378,67.784987,8.948000000
3379,67.793727,8.492600000
3380,67.870265,9.684800000
3381,67.908874,10.059800000
3382,67.918717,9.557100000
3383,67.928490,9.602700000
3384,67.937788,9.073100000
3385,67.947355,9.335900000
3386,67.956641,8.974800000
3387,67.965944,9.040700000
3388,68.062743,10.841000000
3389,68.073437,10.305600000
3390,68.085182,11.363400000
3391,68.098903,13.424700000
3392,68.111814,12.562100000
3393,68.122968,10.890400000
3394,68.133570,10.407600000
3395,68.143551,9.709200000
3396,68.153326,9.556700000
3397,68.163123,9.489400000
3398,68.242467,9.969300000
3399,68.252730,9.949800000
3400,68.264042,10.767100000
3401,68.277859,13.563500000
3402,68.289510,11.265200000
3403,68.300741,10.898900000
3404,68.312268,11.194700000
3405,68.322643,10.114100000
3406,68.332589,9.749000000
3407,68.413482,10.938700000
3408,68.424616,10.821500000
3409,68.436259,10.166000000
3410,68.449756,13.122800000
3411,68.459973,9.891000000
3412,68.469515,9.355100000
3413,68.478848,9.127100000
3414,68.487722,8.687500000
3415,68.528237,10.030500000
3416,68.537335,8.784800000
3417,68.550421,12.822800000
3418,68.561091,10.350600000
3419,68.571461,10.082600000
3420,68.585320,13.506500000
3421,68.665953,11.376900000
3422,68.682834,16.434000000
3423,68.695066,11.748900000
3424,68.707913,12.447500000
3425,68.718723,10.500300000
3426,68.729651,10.625400000
3427,68.739669,9.744700000
3428,68.884898,17.371800000
3429,68.899938,14.570700000
3430,68.911612,11.322200000
3431,68.924813,12.828200000
3432,68.934942,9.854200000
3433,68.944860,9.631400000
3434,68.954423,9.340700000
3435,68.963774,9.086400000
3436,68.973794,9.716600000
3437,68.988021,13.980200000
3438,69.011345,12.182800000
3439,69.082621,10.125900000
3440,69.096149,13.260500000
3441,69.107129,10.572900000
3442,69.117637,10.147300000
3443,69.155027,13.275500000
3444,69.166563,11.175100000
3445,69.177533,10.701200000
3446,69.187833,10.012700000
3447,69.197999,9.889700000
3448,69.207455,9.271000000
3449,69.301418,12.634900000
3450,69.313152,11.366700000
3451,69.339235,11.607700000
3452,69.351347,11.675800000
3453,69.363106,11.491600000
3454,69.374232,10.856700000
3455,69.384848,10.332600000
3456,69.395717,10.656700000
3457,69.406707,10.748300000
3458,69.416532,9.549500000
3459,69.429372,12.640200000
3460,69.513038,10.533000000
3461,69.525070,11.611800000
3462,69.537127,11.655600000
3463,69.559595,12.776400000
3464,69.570395,10.564100000
3465,69.586130,15.443700000
3466,69.599279,12.758400000
3467,69.611903,12.336900000
3468,69.623267,11.060300000
3469,69.633308,9.710000000
3470,69.712589,10.074300000
3471,69.727660,9.900400000
3472,69.741695,13.758900000
3473,69.753696,11.640100000
3474,69.765326,11.366000000
3475,69.775702,10.089100000
3476,69.785193,9.373800000
3477,69.794316,8.869300000
3478,69.802968,8.496500000
3479,69.812246,9.061800000
3480,69.891503,9.780300000
3481,69.904875,13.018800000
3482,69.936156,16.845700000
3483,69.945982,9.468000000
3484,69.955140,8.909600000
3485,69.963919,8.589500000
3486,69.972389,8.229300000
3487,69.980803,8.223500000
3488,69.989361,8.355000000
3489,70.076279,10.041400000
3490,70.086877,10.277800000
3491,70.097254,10.069100000
3492,70.113287,15.727400000
3493,70.123903,10.312200000
3494,70.133691,9.561600000
3495,70.143641,9.687200000
3496,70.153836,9.951000000
3497,70.162953,8.885200000
3498,70.171939,8.773400000
3499,70.255853,13.745900000
3500,70.275280,10.087200000
3501,70.288324,12.766500000
3502,70.299321,10.635600000
3503,70.309180,9.644500000
3504,70.318429,9.005600000
3505,70.327375,8.721600000
3506,70.335701,8.106800000
3507,70.412948,10.440800000
3508,70.423760,10.520600000
3509,70.450601,10.235100000
3510,70.461009,10.119800000
3511,70.472280,10.865300000
3512,70.484437,11.857700000
3513,70.497002,12.232600000
3514,70.507910,10.651500000
3515,70.593875,12.202900000
3516,70.605852,11.651500000
3517,70.633553,10.786100000
3518,70.643770,9.665100000
3519,70.653862,9.833300000
3520,70.663239,9.174700000
3521,70.673428,10.034000000
3522,70.683244,9.527000000
3523,70.692763,9.341800000
3524,70.771245,9.944600000
3525,70.781675,10.064400000
3526,70.809925,10.771600000
3527,70.821546,11.261300000
3528,70.833717,11.830600000
3529,70.844281,10.279900000
3530,70.853762,9.347900000
3531,70.862707,8.836500000
3532,70.871837,8.902000000
3533,70.962110,15.176500000
3534,70.973053,10.582300000
3535,70.993951,12.557100000
3536,71.003558,9.307600000
3537,71.012769,8.998200000
3538,71.021275,8.326800000
3539,71.029661,8.164500000
3540,71.037998,8.148700000
3541,71.046534,8.313300000
3542,71.054958,8.293500000
3543,71.152064,11.188100000
3544,71.165053,12.630000000
3545,71.189568,10.882200000
3546,71.199330,9.503000000
3547,71.209342,9.778800000
3548,71.219483,9.959500000
3549,71.229283,9.528100000
3550,71.238413,8.926200000
3551,71.247263,8.604100000
3552,71.328438,11.175900000
3553,71.340776,11.938700000
3554,71.368426,11.086900000
3555,71.379387,10.671800000
3556,71.390024,10.443200000
3557,71.399398,9.137500000
3558,71.411615,12.034100000
3559,71.421877,10.039100000
3560,71.433544,11.356900000
3561,71.528908,15.578400000
3562,71.551112,16.434000000
3563,71.564243,12.397000000
3564,71.575125,10.563500000
3565,71.585008,9.688400000
3566,71.595084,9.782100000
3567,71.604124,8.934500000
3568,71.613038,8.635700000
3569,71.622123,8.865900000
3570,71.630622,8.349700000
3571,71.712578,10.647400000
3572,71.723679,10.743600000
3573,71.749442,10.500400000
3574,71.760130,10.364800000
3575,71.770268,9.895700000
3576,71.779826,9.325700000
3577,71.789392,9.432400000
3578,71.798533,8.853200000
3579,71.807813,9.020100000
3580,71.885705,10.785600000
3581,71.896152,10.065300000
3582,71.908885,12.384400000
3583,71.949052,12.174000000
3584,71.960455,11.102800000
3585,71.971476,10.553400000
3586,71.982428,10.676800000
3587,71.993117,10.387500000
3588,72.003168,9.791700000
3589,72.095758,13.958900000
3590,72.108236,12.038300000
3591,72.136721,13.590200000
3592,72.148623,11.524000000
3593,72.159045,10.123000000
3594,72.168950,9.660800000
3595,72.178882,9.605700000
3596,72.188828,9.699100000
3597,72.199521,10.450300000
3598,72.209455,9.659100000
3599,72.303545,11.532100000
3600,72.315183,11.256100000
3601,72.342034,11.778600000
3602,72.355194,12.735600000
3603,72.366355,10.933700000
3604,72.376922,10.337700000
3605,72.386777,9.556100000
3606,72.398805,11.746100000
3607,72.407889,8.843600000
3608,72.420520,12.413500000
3609,72.431114,10.319300000
3610,72.524040,17.892000000
3611,72.546126,21.678700000
3612,72.577846,31.419600000
3613,72.588933,10.581300000
3614,72.599975,10.757500000
3615,72.611029,10.738100000
3616,72.622188,10.833100000
3617,72.633328,10.813600000
3618,72.644794,11.137300000
3619,72.655061,10.022700000
3620,72.665535,10.241300000
3621,72.747687,11.781900000
3622,72.762528,11.449800000
3623,72.773906,11.065600000
3624,72.789098,10.540300000
3625,72.799588,10.172500000
3626,72.809593,9.640000000
3627,72.818968,9.097200000
3628,72.827807,8.605800000
3629,72.836559,8.470300000
3630,72.845790,8.979200000
3631,72.855448,9.175700000
3632,72.942231,12.015900000
3633,72.954972,12.311000000
3634,72.988077,12.776100000
3635,73.000347,11.846800000
3636,73.011600,10.955700000
3637,73.022791,10.912000000
3638,73.033808,10.756200000
3639,73.044837,10.785400000
3640,73.055297,10.114600000
3641,73.064975,9.427500000
3642,73.158730,12.452400000
3643,73.184914,14.841300000
3644,73.201881,16.527000000
3645,73.215052,12.729400000
3646,73.228599,13.216500000
3647,73.241106,12.217800000
3648,73.251744,10.410400000
3649,73.261988,9.805500000
3650,73.271819,9.597600000
3651,73.282896,10.813000000
3652,73.293416,10.200500000
3653,73.396186,13.069300000
3654,73.408311,11.798200000
3655,73.439713,11.630300000
3656,73.450369,10.327800000
3657,73.460141,9.522400000
3658,73.470038,9.665800000
3659,73.479361,9.073300000
3660,73.488203,8.634100000
3661,73.497075,8.686700000
3662,73.506289,9.024700000
3663,73.515758,9.290600000
3664,73.604489,14.337000000
3665,73.618601,13.714400000
3666,73.635326,10.785200000
3667,73.652969,17.316800000
3668,73.664581,11.320900000
3669,73.675807,10.869400000
3670,73.687854,11.640700000
3671,73.698731,10.512800000
3672,73.709615,10.618600000
3673,73.720512,10.537100000
3674,73.730867,10.145900000
3675,73.819053,12.203000000
3676,73.831092,11.666500000
3677,73.865392,12.311600000
3678,73.874991,9.304900000
3679,73.884760,9.516900000
3680,73.894886,9.850700000
3681,73.904381,9.290700000
3682,73.914253,9.575200000
3683,73.925138,10.541500000
3684,73.935254,9.814600000
3685,73.945480,9.944100000
3686,74.025995,11.523900000
3687,74.038781,12.459300000
3688,74.052160,10.625200000
3689,74.065148,12.700000000
3690,74.075137,9.620100000
3691,74.085425,10.100600000
3692,74.095449,9.780500000
3693,74.104854,9.159200000
3694,74.114448,9.345800000
3695,74.124506,9.811300000
3696,74.208810,12.053000000
3697,74.221253,12.076100000
3698,74.236451,11.530400000
3699,74.258638,13.947800000
3700,74.270219,11.327600000
3701,74.280809,10.402300000
3702,74.291301,10.212300000
3703,74.301652,10.155400000
3704,74.312501,10.510300000
3705,74.404056,10.868500000
3706,74.416606,12.154600000
3707,74.428841,10.936100000
3708,74.444264,15.060100000
3709,74.456748,12.163000000
3710,74.467756,10.728000000
3711,74.477878,9.859400000
3712,74.487453,9.329200000
3713,74.496526,8.895100000
3714,74.505532,8.805000000
3715,74.589749,12.408600000
3716,74.603796,13.659600000
3717,74.632416,14.474700000
3718,74.645208,12.434700000
3719,74.656402,10.877400000
3720,74.667283,10.630000000
3721,74.678285,10.641300000
3722,74.688810,10.175600000
3723,74.699211,10.040000000
3724,74.782491,10.950700000
3725,74.794492,11.553900000
3726,74.824305,14.574500000
3727,74.835897,11.306400000
3728,74.847201,11.019300000
3729,74.858408,10.897500000
3730,74.869548,10.909900000
3731,74.879458,9.521400000
3732,74.888740,8.945400000
3733,74.897654,8.676800000
3734,74.980281,12.389100000
3735,75.025947,10.899700000
3736,75.037019,10.758300000
3737,75.048153,10.854100000
3738,75.058365,9.930300000
3739,75.068790,10.058700000
3740,75.078769,9.638500000
3741,75.088632,9.592300000
3742,75.098476,9.498000000
3743,75.108605,9.897100000
3744,75.197371,15.124800000
3745,75.211306,13.489300000
3746,75.238806,12.450200000
3747,75.249705,10.596400000
3748,75.259658,9.686200000
3749,75.269858,9.960900000
3750,75.280045,9.870900000
3751,75.289460,9.019300000
3752,75.298716,8.915700000
3753,75.307997,8.993800000
3754,75.391489,11.427300000
3755,75.404144,12.142600000
3756,75.437444,15.202900000
3757,75.449599,11.804300000
3758,75.460929,11.030200000
3759,75.472178,10.806500000
3760,75.482369,9.911000000
3761,75.491850,9.054600000
3762,75.501497,9.364600000
3763,75.511734,9.919900000
3764,75.611593,12.620600000
3765,75.654734,11.794200000
3766,75.665281,10.177000000
3767,75.675706,10.182000000
3768,75.685458,9.555600000
3769,75.695316,9.576600000
3770,75.705391,9.824500000
3771,75.714744,9.133600000
3772,75.723840,8.871400000
3773,75.732929,8.871900000
3774,75.742302,9.126500000
3775,75.830412,10.784600000
3776,75.842903,12.187400000
3777,75.877058,11.398000000
3778,75.887746,10.363000000
3779,75.898378,10.379000000
3780,75.909223,10.555300000
3781,75.919064,9.575600000
3782,75.928651,9.256500000
3783,75.938209,9.365800000
3784,75.947441,8.970300000
3785,75.956425,8.759200000
3786,76.051748,18.040200000
3787,76.096181,17.459900000
3788,76.107727,11.178700000
3789,76.118840,10.668000000
3790,76.128639,9.535300000
3791,76.138394,9.583300000
3792,76.147689,9.046500000
3793,76.157030,9.129600000
3794,76.166582,9.314200000
3795,76.176342,9.627700000
3796,76.186107,9.537500000
3797,76.267041,10.429300000
3798,76.278161,10.803700000
3799,76.310659,10.012500000
3800,76.320315,9.376400000
3801,76.329366,8.832500000
3802,76.338130,8.559800000
3803,76.346874,8.555100000
3804,76.355564,8.504500000
3805,76.364079,8.300800000
3806,76.373166,8.818400000
3807,76.382077,8.692100000
3808,76.470707,13.366500000
3809,76.483053,12.027800000
3810,76.495394,11.098900000
3811,76.509339,13.622000000
3812,76.520460,10.853800000
3813,76.530743,10.004800000
3814,76.540874,9.885600000
3815,76.550345,9.230000000
3816,76.559230,8.597600000
3817,76.567538,8.102800000
3818,76.655701,11.371500000
3819,76.667891,11.855600000
3820,76.703799,16.207500000
3821,76.714749,10.685100000
3822,76.724442,9.483200000
3823,76.733706,9.059500000
3824,76.742490,8.525600000
3825,76.751033,8.338300000
3826,76.759431,8.223400000
3827,76.767978,8.361400000
3828,76.843442,10.495000000
3829,76.854609,10.798200000
3830,76.887628,11.578300000
3831,76.897742,9.867800000
3832,76.907135,9.190500000
3833,76.916118,8.784000000
3834,76.924685,8.339700000
3835,76.933496,8.612000000
3836,76.942065,8.385200000
3837,77.027116,11.508300000
3838,77.039942,12.395400000
3839,77.056932,12.505000000
3840,77.072990,15.701200000
3841,77.084917,11.584700000
3842,77.095925,10.777600000
3843,77.108535,12.306800000
3844,77.119365,10.550500000
3845,77.130858,11.095500000
3846,77.218618,11.777100000
3847,77.231519,12.495400000
3848,77.252143,13.063300000
3849,77.268503,13.431100000
3850,77.279123,10.338500000
3851,77.289122,9.708500000
3852,77.299256,9.959400000
3853,77.310059,10.484500000
3854,77.319855,9.547100000
3855,77.329229,9.136700000
3856,77.412972,11.381600000
3857,77.424574,11.187100000
3858,77.440797,13.516900000
3859,77.457676,13.965600000
3860,77.469418,11.446300000
3861,77.480130,10.419800000
3862,77.494239,13.846400000
3863,77.503680,9.200200000
3864,77.512680,8.752400000
3865,77.595251,13.165900000
3866,77.607326,11.712000000
3867,77.638345,13.765700000
3868,77.649534,10.817900000
3869,77.660216,10.378700000
3870,77.669960,9.473200000
3871,77.679244,9.064200000
3872,77.689132,9.657500000
3873,77.698344,8.985100000
3874,77.793210,11.865900000
3875,77.805675,12.085400000
3876,77.817473,11.120700000
3877,77.832997,15.080900000
3878,77.844307,10.989400000
3879,77.855012,10.432000000
3880,77.865354,10.069200000
3881,77.874948,9.310700000
3882,77.884083,8.895300000
3883,77.893636,9.387700000
3884,77.982442,13.170100000
3885,77.995892,12.968200000
3886,78.027258,10.644600000
3887,78.038453,10.888500000
3888,78.052183,13.539600000
3889,78.064369,12.025900000
3890,78.076894,12.242400000
3891,78.091502,14.293300000
3892,78.104752,12.975500000
3893,78.125873,20.836400000
3894,78.211413,13.594800000
3895,78.233252,11.401500000
3896,78.247952,14.383400000
3897,78.258662,10.364600000
3898,78.268545,9.606100000
3899,78.277838,9.137800000
3900,78.287343,9.226200000
3901,78.297435,9.693000000
3902,78.307618,9.897700000
3903,78.316766,8.946700000
3904,78.325858,8.892400000
3905,78.402508,11.542500000
3906,78.414138,11.254300000
3907,78.446670,11.754700000
3908,78.458068,11.049100000
3909,78.469268,10.907000000
3910,78.479449,9.889300000
3911,78.489833,10.097500000
3912,78.500374,10.204600000
3913,78.509712,9.033800000
3914,78.518850,8.949400000
3915,78.598593,11.848100000
3916,78.625134,10.418700000
3917,78.639243,10.561700000
3918,78.649238,9.763000000
3919,78.659479,9.902600000
3920,78.668820,9.110300000
3921,78.677681,8.652700000
3922,78.686131,8.233500000
3923,78.694301,8.049000000
3924,78.702659,8.057600000
3925,78.796444,13.140600000
3926,78.809247,12.411500000
3927,78.822576,12.972200000
3928,78.837576,11.354700000
3929,78.849185,11.286000000
3930,78.859699,10.193100000
3931,78.869928,9.944200000
3932,78.880123,9.911700000
3933,78.889684,9.293000000
3934,78.974133,11.060300000
3935,78.986464,11.901100000
3936,79.002336,11.962700000
3937,79.016789,14.114100000
3938,79.028005,10.816900000
3939,79.038055,9.777100000
3940,79.047511,9.167700000
3941,79.056387,8.617700000
3942,79.064983,8.351800000
3943,79.144662,11.047100000
3944,79.156133,11.126400000
3945,79.189208,13.018100000
3946,79.200559,10.986000000
3947,79.211279,10.435100000
3948,79.222184,10.616700000
3949,79.233455,11.028100000
3950,79.244293,10.605000000
3951,79.254657,10.169900000
3952,79.334521,11.235100000
3953,79.346401,11.522400000
3954,79.367601,11.359200000
3955,79.381040,13.161400000
3956,79.392185,10.836700000
3957,79.403546,10.997100000
3958,79.414157,10.296800000
3959,79.424833,10.390400000
3960,79.435428,10.321700000
3961,79.527455,10.617600000
3962,79.538694,10.748000000
3963,79.554756,10.721500000
3964,79.569402,11.297800000
3965,79.579700,9.999200000
3966,79.589329,9.308400000
3967,79.598988,9.392700000
3968,79.609006,9.835600000
3969,79.619381,10.137100000
3970,79.628377,8.867600000
3971,79.706547,10.091400000
3972,79.732271,10.791700000
3973,79.745054,12.474700000
3974,79.755740,10.183600000
3975,79.765742,9.780200000
3976,79.776357,10.313500000
3977,79.788773,12.157900000
3978,79.800489,11.407000000
3979,79.811934,11.142600000
3980,79.913827,10.352000000
3981,79.925096,10.875500000
3982,79.955516,10.190200000
3983,79.965639,9.873600000
3984,79.975068,9.190800000
3985,79.983822,8.533000000
3986,79.992386,8.340900000
3987,80.000722,8.128700000
3988,80.009129,8.219400000
3989,80.017879,8.511500000
3990,80.103663,11.343900000
3991,80.117001,13.013800000
3992,80.135868,16.813200000
3993,80.148585,12.342200000
3994,80.160818,11.874900000
3995,80.172973,11.939100000
3996,80.183612,10.330600000
3997,80.193518,9.531900000
3998,80.203556,9.825400000
3999,80.213892,10.045900000
4000,80.297028,11.460300000
4001,80.308407,11.042500000
4002,80.324178,11.416200000
4003,80.337591,13.098300000
4004,80.347726,9.849800000
4005,80.357863,9.957200000
4006,80.367829,9.773800000
4007,80.377049,9.015000000
4008,80.386270,9.028000000
4009,80.395514,9.043300000
4010,80.476910,13.525200000
4011,80.514136,10.393100000
4012,80.524053,9.577100000
4013,80.533441,9.133100000
4014,80.543110,9.301400000
4015,80.554318,10.839100000
4016,80.563172,8.623600000
4017,80.571798,8.430900000
4018,80.648317,10.997700000
4019,80.660138,11.523200000
4020,80.671685,11.168800000
4021,80.686900,14.993300000
4022,80.698228,11.071800000
4023,80.708274,9.900300000
4024,80.718292,9.773200000
4025,80.727652,9.091100000
4026,80.736307,8.386400000
4027,80.825757,11.745400000
4028,80.840098,13.966500000
4029,80.869106,13.931000000
4030,80.880693,11.265300000
4031,80.890631,9.655100000
4032,80.899624,8.711800000
4033,80.909072,9.204600000
4034,80.917605,8.245800000
4035,80.925962,8.145000000
4036,81.012100,11.278100000
4037,81.024533,11.868400000
4038,81.036771,11.293000000
4039,81.051334,10.507500000
4040,81.061525,9.918400000
4041,81.071080,9.330300000
4042,81.080064,8.795400000
4043,81.088725,8.405200000
4044,81.096878,7.928500000
4045,81.177330,12.689000000
4046,81.191501,13.799700000
4047,81.221485,13.139000000
4048,81.233144,11.162700000
4049,81.244487,11.084000000
4050,81.255165,10.392400000
4051,81.265032,9.611800000
4052,81.277050,11.774400000
4053,81.287696,10.363800000
4054,81.372932,10.790000000
4055,81.411520,10.419500000
4056,81.422794,10.922100000
4057,81.434006,10.889600000
4058,81.445524,11.204500000
4059,81.455993,10.188100000
4060,81.465977,9.865400000
4061,81.474624,8.372100000
4062,81.483105,8.295400000
4063,81.559562,10.387100000
4064,81.571217,11.291300000
4065,81.600639,12.041400000
4066,81.611122,10.179200000
4067,81.621546,10.218300000
4068,81.632175,10.343100000
4069,81.641676,9.267900000
4070,81.650693,8.817600000
4071,81.659626,8.747500000
4072,81.668768,8.951200000
4073,81.745291,10.437700000
4074,81.757347,11.744300000
4075,81.786565,11.111300000
4076,81.797733,10.772800000
4077,81.807885,9.872200000
4078,81.817397,9.323100000
4079,81.826990,9.358300000
4080,81.837165,9.959200000
4081,81.846278,8.911800000
4082,81.925153,10.989500000
4083,81.936927,11.451400000
4084,81.950773,13.256300000
4085,81.967601,13.495100000
4086,81.980085,12.188800000
4087,81.990958,10.558800000
4088,82.001864,10.648600000
4089,82.014035,12.033900000
4090,82.027022,12.620700000
4091,82.125912,11.404100000
4092,82.137397,11.067000000
4093,82.165832,11.049200000
4094,82.176739,10.602200000
4095,82.186838,9.821300000
4096,82.197269,10.107500000
4097,82.207592,10.016900000
4098,82.218108,10.102700000
4099,82.227372,8.965100000
4100,82.236883,9.230300000
4101,82.325251,10.876500000
4102,82.336628,11.070500000
4103,82.350940,10.371600000
4104,82.366093,14.866200000
4105,82.375940,9.587600000
4106,82.386057,9.942800000
4107,82.396443,10.120600000
4108,82.405504,8.920400000
4109,82.415295,9.438000000
4110,82.424012,8.468200000
4111,82.506942,14.603800000
4112,82.518905,10.658600000
4113,82.531776,12.590700000
4114,82.544810,12.421300000
4115,82.554790,9.767400000
4116,82.564010,9.116600000
4117,82.573560,9.268100000
4118,82.583156,9.403500000
4119,82.592693,9.357600000
4120,82.678757,11.621700000
4121,82.690815,11.661100000
4122,82.717998,10.648000000
4123,82.729134,10.874400000
4124,82.738981,9.660800000
4125,82.748122,9.045600000
4126,82.757381,9.113800000
4127,82.766738,9.101500000
4128,82.775638,8.626800000
4129,82.856336,15.619300000
4130,82.876051,10.685700000
4131,82.889092,12.766600000
4132,82.899545,10.121200000
4133,82.909557,9.828900000
4134,82.919794,10.000800000
4135,82.930225,10.154800000
4136,82.940783,10.212600000
4137,83.024318,11.337300000
4138,83.036720,12.065900000
4139,83.063584,11.217300000
4140,83.074793,10.835700000
4141,83.084882,9.877400000
4142,83.094278,9.152500000
4143,83.104179,9.699500000
4144,83.113461,9.070200000
4145,83.122067,8.423600000
4146,83.209367,10.675600000
4147,83.220921,11.192500000
4148,83.247838,11.704900000
4149,83.259643,11.461200000
4150,83.270881,11.003300000
4151,83.280887,9.789700000
4152,83.290119,9.139000000
4153,83.299771,9.425200000
4154,83.309732,9.751800000
4155,83.389839,11.119900000
4156,83.401363,11.175200000
4157,83.425595,10.733000000
4158,83.436215,10.271000000
4159,83.446924,10.416700000
4160,83.457029,9.727500000
4161,83.466340,9.115900000
4162,83.475643,9.078100000
4163,83.484534,8.705300000
4164,83.568278,11.136000000
4165,83.579659,11.046700000
4166,83.607941,10.364400000
4167,83.618440,10.172200000
4168,83.631313,12.627400000
4169,83.642590,11.065000000
4170,83.653334,10.551400000
4171,83.666023,12.454800000
4172,83.677497,11.290600000
4173,83.769196,12.618700000
4174,83.809181,12.877800000
4175,83.820537,11.110600000
4176,83.831790,11.016300000
4177,83.841884,9.791400000
4178,83.851473,9.329300000
4179,83.860916,9.125900000
4180,83.870039,8.894700000
4181,83.880723,10.420000000
4182,83.889770,8.827000000
4183,83.971301,12.938600000
4184,83.983798,12.052600000
4185,84.007830,12.259600000
4186,84.018837,10.708900000
4187,84.028797,9.766600000
4188,84.038327,9.247900000
4189,84.047536,8.982200000
4190,84.056906,9.079000000
4191,84.065813,8.689100000
4192,84.074113,8.083800000
4193,84.158219,13.762300000
4194,84.193888,11.697000000
4195,84.204415,10.114100000
4196,84.214631,9.916600000
4197,84.224762,9.967000000
4198,84.234540,9.632600000
4199,84.244311,9.610500000
4200,84.254219,9.654700000
4201,84.263775,9.352200000
4202,84.273551,9.561500000
4203,84.376543,11.690800000
4204,84.389416,12.500600000
4205,84.422170,18.367300000
4206,84.434613,12.167600000
4207,84.446095,11.306100000
4208,84.457672,11.173900000
4209,84.469515,11.432800000
4210,84.481606,11.683100000
4211,84.492803,10.819500000
4212,84.503386,10.309900000
4213,84.513406,9.797400000
4214,84.599008,14.096200000
4215,84.630747,10.810600000
4216,84.641088,9.982900000
4217,84.650577,9.235400000
4218,84.660097,9.375400000
4219,84.670110,9.708800000
4220,84.679166,8.829100000
4221,84.687669,8.281500000
4222,84.696729,8.782600000
4223,84.705145,8.173400000
4224,84.714036,8.675000000
4225,84.798320,10.877900000
4226,84.813540,14.780000000
4227,84.840844,11.279000000
4228,84.851887,10.701500000
4229,84.862235,10.037800000
4230,84.871720,9.178000000
4231,84.881195,9.191300000
4232,84.891085,9.613700000
4233,84.900169,8.790400000
4234,84.908652,8.270500000
4235,84.988183,11.034000000
4236,85.000687,12.159600000
4237,85.017521,12.603200000
4238,85.030933,13.104900000
4239,85.041611,10.333900000
4240,85.052694,10.816700000
4241,85.061924,9.068800000
4242,85.071497,9.281800000
4243,85.080276,8.575100000
4244,85.157512,10.489400000
4245,85.169455,11.653100000
4246,85.200213,11.020600000
4247,85.211009,10.499800000
4248,85.221480,10.256500000
4249,85.231101,9.369900000
4250,85.240854,9.508800000
4251,85.250767,9.674600000
4252,85.261000,9.999300000
4253,85.358025,11.733600000
4254,85.373746,15.312800000
4255,85.402237,14.994300000
4256,85.417571,15.003000000
4257,85.431062,13.017400000
4258,85.444270,12.974600000
4259,85.457196,12.629600000
4260,85.468711,11.282200000
4261,85.478822,9.719300000
4262,85.487978,8.808100000
4263,85.564140,10.627000000
4264,85.575304,10.789400000
4265,85.587565,10.370600000
4266,85.603380,12.443900000
4267,85.613508,9.799800000
4268,85.623219,9.500500000
4269,85.633008,9.549100000
4270,85.642025,8.752500000
4271,85.650897,8.660200000
4272,85.659736,8.609700000
4273,85.739415,10.545600000
4274,85.756574,16.763100000
4275,85.768412,11.522500000
4276,85.783517,10.908400000
4277,85.793994,10.265700000
4278,85.803595,9.458000000
4279,85.812728,8.851500000
4280,85.821643,8.685300000
4281,85.830159,8.303600000
4282,85.907400,10.447300000
4283,85.918384,10.673700000
4284,85.932508,11.621600000
4285,85.946540,13.728300000
4286,85.958545,11.679500000
4287,85.969122,10.275900000
4288,85.978957,9.585700000
4289,85.988320,9.106000000
4290,86.070924,11.776400000
4291,86.083290,11.954700000
4292,86.112748,10.862000000
4293,86.124263,11.181900000
4294,86.134916,10.362000000
4295,86.145308,10.130600000
4296,86.154943,9.390200000
4297,86.164660,9.484000000
4298,86.247260,13.661500000
4299,86.271726,11.323700000
4300,86.285733,10.909500000
4301,86.297403,11.350800000
4302,86.308365,10.739800000
4303,86.318339,9.710100000
4304,86.327978,9.302300000
4305,86.337481,9.293200000
4306,86.346594,8.878700000
4307,86.439450,11.574500000
4308,86.451592,11.759200000
4309,86.483270,16.505000000
4310,86.493747,10.178100000
4311,86.503671,9.568300000
4312,86.512871,8.965900000
4313,86.522215,9.131600000
4314,86.531321,8.889700000
4315,86.540436,8.902600000
4316,86.548929,8.257200000
4317,86.625817,11.018300000
4318,86.643535,17.405500000
4319,86.661916,10.978100000
4320,86.672801,10.614300000
4321,86.682790,9.818500000
4322,86.692663,9.593500000
4323,86.702348,9.466800000
4324,86.711689,9.105200000
4325,86.720522,8.604300000
4326,86.810228,12.630700000
4327,86.826442,15.578100000
4328,86.855475,12.717800000
4329,86.866909,11.090800000
4330,86.877540,10.383200000
4331,86.888280,10.540200000
4332,86.899436,10.901300000
4333,86.909210,9.532500000
4334,86.918946,9.467600000
4335,87.006246,12.304300000
4336,87.044553,12.136700000
4337,87.056049,11.142100000
4338,87.066370,10.042500000
4339,87.075953,9.400300000
4340,87.085395,9.220600000
4341,87.095131,9.495200000
4342,87.104005,8.597500000
4343,87.112820,8.613300000
4344,87.121847,8.799900000
4345,87.203033,11.192800000
4346,87.215450,12.013800000
4347,87.228632,11.243800000
4348,87.242746,13.839700000
4349,87.254625,11.572800000
4350,87.265033,10.242900000
4351,87.275661,10.390400000
4352,87.286357,10.431600000
4353,87.296018,9.445900000
4354,87.306011,9.751200000
4355,87.385408,11.168100000
4356,87.420866,10.889900000
4357,87.432615,11.420900000
4358,87.443321,10.365400000
4359,87.453971,10.377400000
4360,87.463738,9.509500000
4361,87.472921,8.944500000
4362,87.482088,8.886300000
4363,87.491420,9.106000000
4364,87.587316,13.920500000
4365,87.600567,12.850700000
4366,87.636953,21.054100000
4367,87.650211,12.906400000
4368,87.661282,10.821100000
4369,87.671789,10.325800000
4370,87.681371,9.341200000
4371,87.691323,9.749400000
4372,87.700545,8.920500000
4373,87.710193,9.404900000
4374,87.792928,15.958200000
4375,87.826561,11.020800000
4376,87.837191,10.402400000
4377,87.849048,11.640500000
4378,87.858856,9.578400000
4379,87.868941,9.773500000
4380,87.879055,9.825400000
4381,87.888092,8.806100000
4382,87.897166,8.916100000
4383,87.905643,8.328600000
4384,87.984495,11.292300000
4385,87.997388,12.538400000
4386,88.016133,12.566100000
4387,88.030678,11.406900000
4388,88.041540,10.598700000
4389,88.051704,9.900800000
4390,88.062019,10.069800000
4391,88.071649,9.353600000
4392,88.081196,9.329300000
4393,88.090926,9.516300000
4394,88.179591,15.479900000
4395,88.227278,17.766700000
4396,88.240608,12.896000000
4397,88.252096,11.136500000
4398,88.262842,10.417600000
4399,88.273394,10.294300000
4400,88.284571,10.883100000
4401,88.295678,10.846000000
4402,88.306832,10.909400000
4403,88.316869,9.765700000
4404,88.400982,11.998700000
4405,88.413112,11.747400000
4406,88.428081,11.199100000
4407,88.444406,12.255000000
4408,88.455184,10.511700000
4409,88.465903,10.514900000
4410,88.476201,10.013300000
4411,88.485550,9.169200000
4412,88.495504,9.570500000
4413,88.504970,9.164800000
4414,88.514803,9.478700000
4415,88.616996,12.488500000
4416,88.633729,16.356400000
4417,88.660185,12.726300000
4418,88.671459,11.003400000
4419,88.682269,10.544800000
4420,88.692549,9.902100000
4421,88.702602,9.864300000
4422,88.712169,9.312800000
4423,88.721940,9.592600000
4424,88.733722,11.515900000
4425,88.743027,9.147800000
4426,88.832163,12.536400000
4427,88.846700,14.109100000
4428,88.864186,12.972000000
4429,88.880878,13.787900000
4430,88.891781,10.641800000
4431,88.902135,9.962400000
4432,88.911660,9.248500000
4433,88.920635,8.873000000
4434,88.929763,8.851600000
4435,88.938919,8.989300000
4436,89.017424,11.465900000
4437,89.046434,11.457500000
4438,89.060217,13.483800000
4439,89.070988,10.433600000
4440,89.081692,10.453500000
4441,89.091699,9.770700000
4442,89.101455,9.512600000
4443,89.111039,9.374800000
4444,89.119835,8.656000000
4445,89.128586,8.546100000
4446,89.215786,16.544900000
4447,89.252786,12.876000000
4448,89.267169,14.108500000
4449,89.282620,15.126900000
4450,89.297018,14.241800000
4451,89.320317,22.991600000
4452,89.330345,9.593700000
4453,89.339458,8.888100000
4454,89.348221,8.530300000
4455,89.429255,13.696400000
4456,89.442802,11.620100000
4457,89.454437,11.310600000
4458,89.469657,14.884100000
4459,89.481160,11.227800000
4460,89.492772,11.393600000
4461,89.503811,10.800200000
4462,89.514958,10.903000000
4463,89.526041,10.830000000
4464,89.535787,9.500300000
4465,89.545703,9.700200000
4466,89.638799,11.377100000
4467,89.650558,11.410800000
4468,89.662129,11.161400000
4469,89.676735,14.338600000
4470,89.689093,12.037300000
4471,89.700047,10.722300000
4472,89.710857,10.528100000
4473,89.721117,10.034200000
4474,89.730205,8.877700000
4475,89.738882,8.492600000
4476,89.747527,8.444900000
4477,89.827616,11.444400000
4478,89.840624,12.644300000
4479,89.869153,11.841700000
4480,89.881137,11.745700000
4481,89.892257,10.721300000
4482,89.902425,9.822100000
4483,89.911614,9.062800000
4484,89.921356,9.479000000
4485,89.930624,8.980000000
4486,90.018202,13.097000000
4487,90.037601,18.862700000
4488,90.051633,13.696100000
4489,90.066254,13.297800000
4490,90.077947,11.410500000
4491,90.089550,11.299000000
4492,90.100807,11.037500000
4493,90.111417,10.324600000
4494,90.121297,9.470200000
4495,90.131024,9.422700000
4496,90.219242,13.799300000
4497,90.231532,11.934600000
4498,90.244884,11.269500000
4499,90.258612,13.455200000
4500,90.268730,9.880800000
4501,90.278748,9.724600000
4502,90.287675,8.739400000
4503,90.296494,8.606100000
4504,90.305520,8.825500000
4505,90.314813,9.086000000
4506,90.399125,11.538000000
4507,90.412250,12.625200000
4508,90.448941,11.630500000
4509,90.460841,11.644200000
4510,90.471753,10.713100000
4511,90.482132,10.258000000
4512,90.492020,9.546100000
4513,90.501218,9.067200000
4514,90.510179,8.787400000
4515,90.590068,10.755700000
4516,90.602012,11.609100000
4517,90.634894,12.832400000
4518,90.646105,10.905400000
4519,90.656814,10.403900000
4520,90.666611,9.591100000
4521,90.676023,9.252000000
4522,90.686145,9.846400000
4523,90.696233,9.806200000
4524,90.786408,11.471300000
4525,90.798858,12.090900000
4526,90.835770,14.418800000
4527,90.846682,10.627500000
4528,90.856743,9.828300000
4529,90.866007,9.084300000
4530,90.875182,8.973700000
4531,90.884037,8.734400000
4532,90.893416,9.166800000
4533,90.902571,8.893400000
4534,90.985569,11.772900000
4535,90.997854,11.921200000
4536,91.018802,17.257100000
4537,91.032885,13.748100000
4538,91.048425,15.202400000
4539,91.061868,13.112500000
4540,91.073745,11.581100000
4541,91.085015,11.026700000
4542,91.096634,11.364600000
4543,91.108397,11.557000000
4544,91.194513,11.701500000
4545,91.208040,13.195500000
4546,91.237215,11.280600000
4547,91.247594,10.091900000
4548,91.258057,10.231500000
4549,91.267519,9.341500000
4550,91.276556,8.830900000
4551,91.285593,8.840900000
4552,91.294291,8.519000000
4553,91.302687,8.181300000
4554,91.379066,10.853400000
4555,91.392477,13.056000000
4556,91.411569,14.290700000
4557,91.423139,11.051900000
4558,91.433862,10.422600000
4559,91.443668,9.584800000
4560,91.453132,9.238700000
4561,91.462254,8.908000000
4562,91.471424,8.966900000
4563,91.480746,9.115100000
4564,91.562109,13.607000000
4565,91.573894,11.475900000
4566,91.589376,12.967100000
4567,91.602757,10.850500000
4568,91.614146,11.155700000
4569,91.624647,10.327500000
4570,91.634630,9.660000000
4571,91.644715,9.882300000
4572,91.654249,9.326900000
4573,91.737775,15.748800000
4574,91.771438,11.259100000
4575,91.782344,10.578700000
4576,91.792460,9.970900000
4577,91.803083,10.214700000
4578,91.812960,9.663200000
4579,91.822094,8.916000000
4580,91.831315,9.007700000
4581,91.920962,11.396000000
4582,91.934039,12.624800000
4583,91.949779,13.060200000
4584,91.967403,15.501700000
4585,91.979216,11.530400000
4586,91.989813,10.339000000
4587,92.000421,10.370800000
4588,92.011131,10.481300000
4589,92.020896,9.524400000
4590,92.030997,9.863200000
4591,92.114419,12.173500000
4592,92.128126,13.341800000
4593,92.153268,11.499900000
4594,92.164115,10.518100000
4595,92.174152,9.806000000
4596,92.183834,9.455400000
4597,92.193518,9.456700000
4598,92.203021,9.291400000
4599,92.212141,8.872900000
4600,92.291979,12.272900000
4601,92.314938,12.056500000
4602,92.329507,14.272900000
4603,92.341633,11.829500000
4604,92.352757,10.869800000
4605,92.363380,10.386100000
4606,92.373670,10.055400000
4607,92.383302,9.379500000
4608,92.392755,9.285000000
4609,92.473420,11.230600000
4610,92.485944,12.124600000
4611,92.515657,12.190300000
4612,92.527261,11.289100000
4613,92.538506,10.966600000
4614,92.549699,10.909800000
4615,92.560786,10.804300000
4616,92.571814,10.746300000
4617,92.582705,10.657800000
4618,92.665852,11.116000000
4619,92.678161,11.938300000
4620,92.704077,10.691600000
4621,92.715312,10.911700000
4622,92.725504,9.906700000
4623,92.734862,9.148400000
4624,92.744752,9.636800000
4625,92.753616,8.748700000
4626,92.762632,8.797600000
4627,92.771347,8.520200000
4628,92.849288,12.280900000
4629,92.861792,12.078900000
4630,92.876405,14.290100000
4631,92.890448,13.664500000
4632,92.905448,14.566300000
4633,92.918777,12.988800000
4634,92.932227,13.079900000
4635,92.943516,11.091700000
4636,92.954577,10.751300000
4637,93.049739,11.350400000
4638,93.067659,17.513300000
4639,93.088688,12.372200000
4640,93.100490,11.512000000
4641,93.112055,11.225100000
4642,93.122496,10.194600000
4643,93.132382,9.583400000
4644,93.142130,9.482500000
4645,93.151296,8.956100000
4646,93.161215,9.657700000
4647,93.246731,12.728400000
4648,93.258645,11.565700000
4649,93.273314,14.292200000
4650,93.286158,12.514500000
4651,93.297433,10.902900000
4652,93.308026,10.281300000
4653,93.317954,9.611300000
4654,93.327674,9.530000000
4655,93.337457,9.597600000
4656,93.346492,8.822400000
4657,93.427885,10.881800000
4658,93.439712,11.589500000
4659,93.476118,15.702100000
4660,93.489263,12.687300000
4661,93.500591,10.967000000
4662,93.511024,10.168100000
4663,93.521231,9.972200000
4664,93.531564,10.148600000
4665,93.543257,11.353200000
4666,93.630639,12.900200000
4667,93.643998,12.947100000
4668,93.670239,12.282300000
4669,93.681772,11.236200000
4670,93.693112,11.126600000
4671,93.703241,9.973200000
4672,93.713345,9.906200000
4673,93.725011,11.156300000
4674,93.735668,10.358400000
4675,93.747567,11.645300000
4676,93.839358,15.000000000
4677,93.876101,12.693900000
4678,93.889658,13.105700000
4679,93.901551,11.603000000
4680,93.912814,11.086800000
4681,93.923938,10.878700000
4682,93.935466,11.258900000
4683,93.946509,10.758700000
4684,93.957119,10.278400000
4685,93.967721,10.434000000
4686,93.978590,10.588700000
4687,94.063552,10.987300000
4688,94.075167,11.183300000
4689,94.089546,14.030900000
4690,94.104217,12.367700000
4691,94.115792,11.303100000
4692,94.126514,10.546900000
4693,94.136624,9.878600000
4694,94.146818,9.973300000
4695,94.157428,10.367100000
4696,94.168353,10.648700000
4697,94.179394,10.787200000
4698,94.271689,12.065500000
4699,94.293114,12.273000000
4700,94.307696,14.296700000
4701,94.319345,11.330900000
4702,94.330279,10.640100000
4703,94.340642,10.144500000
4704,94.351417,10.536600000
4705,94.361858,10.232300000
4706,94.371551,9.439600000
4707,94.380953,9.211500000
4708,94.460628,11.932600000
4709,94.479476,13.012400000
4710,94.495342,15.318700000
4711,94.509093,13.389700000
4712,94.521907,12.491000000
4713,94.533457,11.341400000
4714,94.544134,10.451100000
4715,94.554101,9.862200000
4716,94.564393,10.203600000
4717,94.574326,9.661400000
4718,94.655906,12.281000000
4719,94.668783,12.524100000
4720,94.684611,15.410300000
4721,94.697941,12.532400000
4722,94.709797,11.647900000
4723,94.720681,10.774300000
4724,94.734362,13.377100000
4725,94.745470,10.916800000
4726,94.757479,11.803900000
4727,94.852070,21.398300000
4728,94.891823,35.834400000
4729,94.903769,11.628500000
4730,94.914429,10.535700000
4731,94.925090,10.377600000
4732,94.936110,10.738700000
4733,94.945955,9.575800000
4734,94.955555,9.405400000
4735,94.965255,9.499700000
4736,94.974890,9.452000000
4737,95.054280,12.250200000
4738,95.075732,12.347900000
4739,95.096884,12.351600000
4740,95.109646,12.526300000
4741,95.121374,11.449400000
4742,95.132305,10.719100000
4743,95.142464,10.030400000
4744,95.152865,10.185100000
4745,95.162806,9.714900000
4746,95.171947,8.969200000
4747,95.255811,13.334300000
4748,95.268315,12.160800000
4749,95.283797,15.035200000
4750,95.296091,11.598900000
4751,95.307583,11.225500000
4752,95.318310,10.516600000
4753,95.328487,9.977500000
4754,95.338781,10.092900000
4755,95.349641,10.683200000
4756,95.361624,11.704200000
4757,95.465589,13.402700000
4758,95.479382,13.435600000
4759,95.495402,11.550400000
4760,95.512771,17.088000000
4761,95.524027,10.977800000
4762,95.534994,10.777400000
4763,95.546047,10.798200000
4764,95.557167,10.809500000
4765,95.567784,10.378100000
4766,95.578100,9.976900000
4767,95.587967,9.683000000
4768,95.668986,12.961300000
4769,95.685054,15.576600000
4770,95.710183,12.725700000
4771,95.721627,11.201500000
4772,95.732212,10.379800000
4773,95.743578,11.144800000
4774,95.754458,10.676300000
4775,95.765634,10.935400000
4776,95.775895,9.999200000
4777,95.785467,9.308500000
4778,95.869611,12.519900000
4779,95.909081,12.037800000
4780,95.920232,10.843600000
4781,95.931401,10.882900000
4782,95.941741,10.060000000
4783,95.952395,10.411700000
4784,95.963167,10.487200000
4785,95.974262,10.840500000
4786,95.985623,11.065800000
4787,95.997037,11.151900000
4788,96.085399,12.664400000
4789,96.099189,13.421200000
4790,96.127856,12.203400000
4791,96.139064,10.867400000
4792,96.149348,10.115500000
4793,96.159199,9.454200000
4794,96.169182,9.710600000
4795,96.179699,10.313900000
4796,96.190255,10.320200000
4797,96.199773,9.320200000
4798,96.208757,8.795800000
4799,96.300731,14.852800000
4800,96.339874,12.950900000
4801,96.350346,10.123700000
4802,96.360407,9.791400000
4803,96.370234,9.602700000
4804,96.379300,8.878100000
4805,96.388710,9.219600000
4806,96.398129,9.237800000
4807,96.407680,9.347600000
4808,96.417518,9.592900000
4809,96.427894,10.144300000
4810,96.521033,13.126200000
4811,96.532909,11.514300000
4812,96.551162,12.308200000
4813,96.570404,14.494400000
4814,96.582249,11.420000000
4815,96.594012,11.381700000
4816,96.605559,11.202900000
4817,96.616186,10.233600000
4818,96.628779,12.251300000
4819,96.639765,10.656000000
4820,96.650160,10.113800000
4821,96.738838,12.856200000
4822,96.784669,15.509000000
4823,96.795514,10.534900000
4824,96.806209,10.510900000
4825,96.816916,10.432200000
4826,96.827707,10.485500000
4827,96.838302,10.282900000
4828,96.848646,10.045200000
4829,96.858380,9.427100000
4830,96.868732,10.045900000
4831,96.879623,10.489800000
4832,96.968469,13.201000000
4833,96.982092,13.312100000
4834,97.013598,11.431200000
4835,97.024312,10.419800000
4836,97.034216,9.663500000
4837,97.044438,9.951900000
4838,97.054071,9.440000000
4839,97.063072,8.809600000
4840,97.072153,8.834800000
4841,97.081526,9.148600000
4842,97.090481,8.766400000
4843,97.171217,12.683200000
4844,97.184330,12.783300000
4845,97.215414,12.357600000
4846,97.227618,11.923500000
4847,97.238203,10.208700000
4848,97.247916,9.485000000
4849,97.257694,9.578000000
4850,97.267800,9.825600000
4851,97.277101,9.113200000
4852,97.286350,9.059800000
4853,97.371443,12.726300000
4854,97.402046,13.331100000
4855,97.418361,13.328300000
4856,97.430032,11.260100000
4857,97.441422,11.059200000
4858,97.452849,11.114400000
4859,97.464026,10.908500000
4860,97.474632,10.360000000
4861,97.485328,10.447900000
4862,97.495633,10.072200000
4863,97.592603,10.773800000
4864,97.605220,12.214800000
4865,97.639350,14.068200000
4866,97.649793,10.220100000
4867,97.660144,10.085300000
4868,97.669796,9.443400000
4869,97.680089,10.068800000
4870,97.689797,9.489800000
4871,97.698906,8.849800000
4872,97.708029,8.929200000
4873,97.716898,8.609700000
4874,97.797453,11.629400000
4875,97.842765,14.106300000
4876,97.853567,10.404500000
4877,97.864197,10.361800000
4878,97.875128,10.671700000
4879,97.885192,9.849100000
4880,97.894704,9.244500000
4881,97.904615,9.661500000
4882,97.914149,9.315800000
4883,97.922979,8.632600000
4884,97.932298,9.119900000
4885,98.014097,10.939900000
4886,98.027032,12.584400000
4887,98.039815,11.431500000
4888,98.053878,13.780900000
4889,98.064957,10.787300000
4890,98.075924,10.746200000
4891,98.086190,10.098300000
4892,98.095694,9.284600000
4893,98.104977,9.077800000
4894,98.114700,9.541900000
4895,98.197588,11.843400000
4896,98.210550,12.562600000
4897,98.241556,12.094300000
4898,98.252905,11.059400000
4899,98.263429,10.238700000
4900,98.273392,9.730000000
4901,98.283748,10.161800000
4902,98.295936,11.921100000
4903,98.307337,11.110800000
4904,98.318405,10.831800000
4905,98.406099,11.141200000
4906,98.418831,12.327400000
4907,98.448949,11.834100000
4908,98.459896,10.633300000
4909,98.470990,10.723500000
4910,98.481931,10.593500000
4911,98.492798,10.569400000
4912,98.503301,10.234200000
4913,98.513352,9.682600000
4914,98.522698,9.159000000
