Sample,Elapsed_s,Computation_ms
1,0.315974,13.128100000
2,0.329475,13.143400000
3,0.342064,12.250700000
4,0.354382,12.071900000
5,0.365662,11.097700000
6,0.376783,10.872700000
7,0.388158,11.167300000
8,0.400188,11.804200000
9,0.411399,10.982100000
10,0.426749,15.182200000
11,0.445886,12.907900000
12,0.564570,12.775600000
13,0.603797,18.483600000
14,0.616069,12.035100000
15,0.628200,11.869300000
16,0.638905,10.593500000
17,0.649839,10.723400000
18,0.660189,10.079300000
19,0.670668,10.207300000
20,0.680323,9.444800000
21,0.690563,10.068300000
22,0.700255,9.412200000
23,0.710903,10.333500000
24,0.722133,10.994900000
25,0.805459,12.234100000
26,0.843737,11.676500000
27,0.855048,10.998000000
28,0.865657,10.334300000
29,0.875820,9.924300000
30,0.885583,9.570900000
31,0.894899,9.091400000
32,0.904439,9.350100000
33,0.913850,9.206100000
34,0.923564,9.444800000
35,0.933073,9.237300000
36,0.942108,8.890500000
37,1.035351,13.156500000
38,1.047658,11.943000000
39,1.070142,13.833200000
40,1.081922,11.492400000
41,1.092726,10.565500000
42,1.102812,9.815200000
43,1.112646,9.523600000
44,1.121734,8.896800000
45,1.131491,9.555900000
46,1.140795,9.111500000
47,1.150326,9.308900000
48,1.229322,12.425900000
49,1.268108,14.346300000
50,1.280533,12.027100000
51,1.291523,10.724700000
52,1.302820,11.041000000
53,1.312816,9.757200000
54,1.322421,9.396900000
55,1.332153,9.549800000
56,1.341902,9.520800000
57,1.351371,9.291400000
58,1.443168,13.411500000
59,1.456765,13.208600000
60,1.479489,12.930300000
61,1.491691,11.838300000
62,1.503673,11.694600000
63,1.514943,10.998300000
64,1.527139,11.949700000
65,1.540169,12.707700000
66,1.553384,13.060100000
67,1.567384,13.645500000
68,1.663669,12.886200000
69,1.700973,11.775900000
70,1.714920,13.618600000
71,1.725255,10.029900000
72,1.735998,10.560500000
73,1.746387,10.169300000
74,1.757394,10.790200000
75,1.768680,11.029500000
76,1.781161,12.283400000
77,1.793427,11.910700000
78,1.805065,11.412200000
79,1.900386,12.658400000
80,1.915550,14.674300000
81,1.930749,14.866800000
82,1.943850,12.734500000
83,1.955829,11.649300000
84,1.967611,11.479400000
85,1.979027,11.187700000
86,1.990329,11.075400000
87,2.000389,9.803200000
88,2.009688,9.150200000
89,2.018776,8.878700000
90,2.028342,9.361900000
91,2.124219,17.969900000
92,2.160807,12.859400000
93,2.171402,10.178300000
94,2.181518,9.841600000
95,2.192709,10.924200000
96,2.203573,10.513300000
97,2.213140,9.403300000
98,2.222344,8.969900000
99,2.231236,8.681000000
100,2.240450,8.963500000
101,2.249577,8.840400000
102,2.333698,11.681400000
103,2.345997,11.971000000
104,2.358011,11.686600000
105,2.381870,14.737600000
106,2.392412,10.288800000
107,2.402200,9.581700000
108,2.411579,9.149900000
109,2.420978,9.211900000
110,2.430081,8.854700000
111,2.439121,8.713700000
112,2.448135,8.738500000
113,2.535734,14.179100000
114,2.555296,19.144700000
115,2.583075,15.543000000
116,2.596002,12.551100000
117,2.609114,12.714400000
118,2.621936,12.426100000
119,2.634521,12.219300000
120,2.646056,11.238300000
121,2.656131,9.816000000
122,2.665203,8.920100000
123,2.749281,17.064700000
124,2.784899,11.054800000
125,2.795573,10.354300000
126,2.805584,9.791900000
127,2.814997,9.206300000
128,2.824498,9.283300000
129,2.834149,9.404700000
130,2.843900,9.573000000
131,2.853391,9.264000000
132,2.862409,8.831300000
133,2.871165,8.520300000
134,2.948983,11.760000000
135,2.962032,12.700100000
136,2.992854,11.585300000
137,3.003856,10.708500000
138,3.014695,10.622000000
139,3.024620,9.715300000
140,3.033800,9.013900000
141,3.042940,8.907500000
142,3.051719,8.587900000
143,3.061352,9.458100000
144,3.153229,12.718900000
145,3.197717,11.864700000
146,3.208609,10.444500000
147,3.218639,9.758100000
148,3.227998,9.166400000
149,3.237350,9.171800000
150,3.247054,9.511200000
151,3.256959,9.711500000
152,3.266995,9.851300000
153,3.276728,9.494900000
154,3.368242,11.344200000
155,3.381974,13.344800000
156,3.412906,11.716500000
157,3.423985,10.752800000
158,3.433947,9.715600000
159,3.443248,9.197900000
160,3.453135,9.668700000
161,3.462485,9.138000000
162,3.472305,9.579600000
163,3.482825,10.283000000
164,3.493418,10.362300000
165,3.573743,11.995900000
166,3.587127,12.888200000
167,3.623618,13.105500000
168,3.634856,10.878200000
169,3.645656,10.582900000
170,3.655642,9.756300000
171,3.665423,9.533300000
172,3.674427,8.809300000
173,3.683490,8.866100000
174,3.692828,9.130400000
175,3.768841,11.420400000
176,3.782835,13.595600000
177,3.812722,10.875000000
178,3.823342,10.260200000
179,3.833118,9.493600000
180,3.842594,9.270100000
181,3.851820,9.025000000
182,3.861032,8.764900000
183,3.870472,9.239800000
184,3.879349,8.611700000
185,3.958904,11.622300000
186,3.970952,11.730600000
187,3.989737,13.827800000
188,4.006013,15.751400000
189,4.018502,12.086000000
190,4.030199,11.373600000
191,4.042271,11.795400000
192,4.053079,10.515800000
193,4.063366,10.040600000
194,4.160618,12.641400000
195,4.175142,14.106200000
196,4.200480,21.018400000
197,4.214378,13.508200000
198,4.226895,12.249900000
199,4.238451,11.258000000
200,4.249883,11.203200000
201,4.261416,11.310600000
202,4.272562,10.933400000
203,4.283503,10.722700000
204,4.376025,15.773400000
205,4.388618,12.171600000
206,4.420717,11.360400000
207,4.432087,11.032800000
208,4.443501,11.106900000
209,4.454813,11.050500000
210,4.465124,10.087800000
211,4.474606,9.236900000
212,4.483609,8.804400000
213,4.492620,8.820000000
214,4.501269,8.446300000
215,4.579054,11.308000000
216,4.591168,11.746500000
217,4.622144,11.025200000
218,4.632867,10.432700000
219,4.642785,9.700900000
220,4.652238,9.210700000
221,4.662085,9.635000000
222,4.672063,9.688800000
223,4.682375,10.076300000
224,4.692982,10.381900000
225,4.776434,11.699100000
226,4.788706,11.882200000
227,4.821827,12.400800000
228,4.832403,10.286900000
229,4.843157,10.516500000
230,4.853009,9.619600000
231,4.862425,9.311200000
232,4.872226,9.711400000
233,4.882310,9.967800000
234,4.891593,9.103600000
235,4.972269,14.082800000
236,5.020080,13.851100000
237,5.031708,11.289600000
238,5.043338,11.251300000
239,5.054841,11.178000000
240,5.065161,9.971700000
241,5.074656,9.207800000
242,5.083417,8.561800000
243,5.092644,8.958700000
244,5.101734,8.881900000
245,5.189660,11.230400000
246,5.201270,11.309900000
247,5.216659,12.613200000
248,5.231522,14.540900000
249,5.242053,10.296400000
250,5.252115,9.950800000
251,5.264275,11.874600000
252,5.274358,9.883800000
253,5.284679,10.152700000
254,5.295807,10.841700000
255,5.308019,11.922900000
256,5.400573,12.235900000
257,5.412652,11.758800000
258,5.427340,13.216900000
259,5.443340,15.690300000
260,5.454980,11.358500000
261,5.465290,10.047500000
262,5.475086,9.507000000
263,5.484366,9.184000000
264,5.494321,9.656000000
265,5.504694,10.095200000
266,5.583736,11.496300000
267,5.596085,11.981000000
268,5.626675,10.695600000
269,5.637076,10.120700000
270,5.646786,9.447700000
271,5.657029,9.993400000
272,5.666592,9.316400000
273,5.675912,9.081900000
274,5.685428,9.258800000
275,5.695093,9.438200000
276,5.778216,15.429600000
277,5.815928,11.061000000
278,5.826245,9.960900000
279,5.836713,10.191200000
280,5.846289,9.360100000
281,5.855534,9.021200000
282,5.864608,8.853400000
283,5.873983,9.151000000
284,5.883156,8.927200000
285,5.964990,14.095900000
286,6.005992,11.266700000
287,6.017685,11.235400000
288,6.028085,10.118100000
289,6.038182,9.878600000
290,6.047794,9.403400000
291,6.057807,9.774000000
292,6.068639,10.610400000
293,6.079817,10.945100000
294,6.160735,11.594400000
295,6.204562,12.216900000
296,6.217478,12.598800000
297,6.228795,11.043000000
298,6.239946,10.884700000
299,6.250065,9.942700000
300,6.259515,9.236700000
301,6.269531,9.810900000
302,6.279795,10.070800000
303,6.290630,10.619100000
304,6.388022,14.843600000
305,6.402753,14.327400000
306,6.415692,12.599300000
307,6.431634,12.588400000
308,6.443089,11.198700000
309,6.453961,10.622800000
310,6.463965,9.841100000
311,6.473465,9.265100000
312,6.482863,9.212200000
313,6.492749,9.639900000
314,6.502269,9.313500000
315,6.511704,9.210900000
316,6.591126,12.269600000
317,6.607304,15.754000000
318,6.636206,12.216300000
319,6.648032,11.584700000
320,6.658874,10.582800000
321,6.669105,10.121700000
322,6.679259,9.929100000
323,6.689829,10.314900000
324,6.699869,9.747100000
325,6.710548,10.434000000
326,6.789884,12.332400000
327,6.805827,15.387600000
328,6.833502,12.463100000
329,6.845877,12.081800000
330,6.858183,12.081300000
331,6.869326,10.955000000
332,6.879774,10.189200000
333,6.889943,9.926700000
334,6.899674,9.490800000
335,6.909726,9.886200000
336,6.990867,13.482300000
337,7.036565,13.178700000
338,7.048536,11.696300000
339,7.059742,10.975700000
340,7.070739,10.807600000
341,7.082220,11.240800000
342,7.093607,11.023600000
343,7.105289,11.449800000
344,7.117537,11.925000000
345,7.129143,11.367900000
346,7.223842,14.039400000
347,7.238883,14.720300000
348,7.271361,15.058100000
349,7.285870,14.167800000
350,7.299959,13.702100000
351,7.314869,14.637000000
352,7.325721,10.672700000
353,7.338823,12.836000000
354,7.352147,13.115900000
355,7.364994,12.596800000
356,7.388173,22.987900000
357,7.477573,12.783300000
358,7.491028,13.104700000
359,7.504716,13.337600000
360,7.520305,15.258300000
361,7.533288,12.714600000
362,7.545187,11.623100000
363,7.556948,11.441100000
364,7.568901,11.699000000
365,7.580923,11.642800000
366,7.592192,11.015300000
367,7.602201,9.727600000
368,7.611508,9.099900000
369,7.621358,9.630800000
370,7.704343,13.799800000
371,7.747984,11.935200000
372,7.759478,11.235100000
373,7.770963,11.197800000
374,7.781493,10.237600000
375,7.791486,9.671500000
376,7.803460,11.759900000
377,7.814417,10.606800000
378,7.824213,9.550400000
379,7.833569,9.133500000
380,7.843296,9.511200000
381,7.924657,14.420700000
382,7.937265,12.277800000
383,7.951255,12.778800000
384,7.966294,14.730900000
385,7.978293,11.677200000
386,7.989247,10.771000000
387,8.000651,11.143100000
388,8.012865,11.953600000
389,8.024831,11.674700000
390,8.035459,10.492000000
391,8.046452,10.778600000
392,8.144582,15.180400000
393,8.189509,13.659300000
394,8.200543,10.727100000
395,8.211567,10.813400000
396,8.222614,10.756200000
397,8.232674,9.944100000
398,8.242017,9.160800000
399,8.251866,9.685300000
400,8.261002,8.942000000
401,8.270758,9.530400000
402,8.279674,8.714200000
403,8.358504,11.368600000
404,8.372726,13.810200000
405,8.405766,11.331300000
406,8.417256,11.197900000
407,8.428811,11.280200000
408,8.440503,11.415800000
409,8.450806,10.016300000
410,8.460333,9.282300000
411,8.469400,8.707300000
412,8.478627,8.919000000
413,8.488212,9.276700000
414,8.582436,11.608500000
415,8.594973,12.120200000
416,8.628833,11.576200000
417,8.639717,10.609000000
418,8.649731,9.812800000
419,8.660078,10.137700000
420,8.669784,9.478700000
421,8.678838,8.846100000
422,8.688529,9.455000000
423,8.698902,10.153000000
424,8.709726,10.617900000
425,8.788926,11.178500000
426,8.833687,11.951600000
427,8.844509,10.489100000
428,8.855312,10.570900000
429,8.866441,10.887800000
430,8.877656,10.968500000
431,8.888799,10.854800000
432,8.899920,10.847800000
433,8.909865,9.648300000
434,8.919131,8.960600000
435,8.928778,9.351200000
436,9.008826,11.372200000
437,9.020855,11.677800000
438,9.054589,11.667400000
439,9.065223,10.361500000
440,9.075857,10.400000000
441,9.086728,10.626900000
442,9.096604,9.640400000
443,9.106249,9.393700000
444,9.115879,9.400200000
445,9.125678,9.537900000
446,9.135842,9.962600000
447,9.219044,14.098100000
448,9.262278,10.487800000
449,9.273024,10.541200000
450,9.283153,9.865200000
451,9.292294,8.941100000
452,9.301654,9.144300000
453,9.310509,8.626400000
454,9.319344,8.624000000
455,9.328195,8.640500000
456,9.336714,8.270600000
457,9.420557,11.246500000
458,9.432369,11.424200000
459,9.445298,12.554400000
460,9.460221,14.633700000
461,9.472965,12.420100000
462,9.484009,10.908300000
463,9.493900,9.785900000
464,9.504303,10.093800000
465,9.515023,10.452100000
466,9.526562,11.256300000
467,9.629155,13.497000000
468,9.641435,11.880800000
469,9.674396,11.460900000
470,9.685247,10.550800000
471,9.695109,9.666500000
472,9.705698,10.271200000
473,9.716546,10.571600000
474,9.726926,10.274000000
475,9.737514,10.374700000
476,9.747605,9.858900000
477,9.756611,8.813700000
478,9.835985,11.314200000
479,9.848142,11.704900000
480,9.881484,13.185000000
481,9.892771,10.998800000
482,9.902918,9.925800000
483,9.912368,9.352100000
484,9.921694,9.020800000
485,9.930975,9.087700000
486,9.940440,9.239100000
487,9.949826,9.215200000
488,10.031503,13.453900000
489,10.072676,12.116400000
490,10.083767,10.801300000
491,10.094793,10.785000000
492,10.105759,10.725800000
493,10.115581,9.587500000
494,10.124917,9.230900000
495,10.134038,8.831400000
496,10.143071,8.838300000
497,10.152420,9.001000000
498,10.231777,11.062300000
499,10.280506,12.147700000
500,10.292678,11.841900000
501,10.303089,10.116900000
502,10.313574,10.323100000
503,10.324257,10.439400000
504,10.335350,10.827400000
505,10.346430,10.793500000
506,10.357256,10.554800000
507,10.366748,9.224300000
508,10.446761,10.928600000
509,10.458846,11.761600000
510,10.492978,12.237500000
511,10.504224,10.986000000
512,10.515560,11.084900000
513,10.526766,10.907000000
514,10.536956,9.885400000
515,10.546985,9.764700000
516,10.556136,8.947200000
517,10.565235,8.876400000
518,10.574933,9.459800000
519,10.670919,11.093400000
520,10.682782,11.532100000
521,10.720131,11.454400000
522,10.732065,11.559300000
523,10.743057,10.706000000
524,10.753819,10.533100000
525,10.764613,10.503800000
526,10.774276,9.413900000
527,10.783939,9.385800000
528,10.794088,9.918300000
529,10.803834,9.506000000
530,10.899881,15.423600000
531,10.915862,15.580600000
532,10.947920,16.025400000
533,10.961793,13.483800000
534,10.975378,13.305600000
535,10.988958,13.236600000
536,11.002128,12.921500000
537,11.015138,12.784300000
538,11.027755,12.363900000
539,11.039530,11.545300000
540,11.050892,11.158200000
541,11.138963,12.270300000
542,11.187246,15.760300000
543,11.198924,11.394500000
544,11.211284,12.018900000
545,11.222221,10.791400000
546,11.233439,10.873600000
547,11.244433,10.707600000
548,11.255448,10.741200000
549,11.265704,9.872800000
550,11.275562,9.537200000
551,11.285110,9.354800000
552,11.294929,9.583300000
553,11.385985,12.129600000
554,11.433034,10.973500000
555,11.444233,10.899900000
556,11.455250,10.739300000
557,11.466534,11.020600000
558,11.476604,9.863100000
559,11.485976,9.119200000
560,11.495032,8.844500000
561,11.504590,9.346100000
562,11.513789,8.942000000
563,11.522120,8.112900000
564,11.530878,8.564500000
565,11.540914,9.824200000
566,11.622983,11.936200000
567,11.633181,9.825500000
568,11.652863,10.199700000
569,11.667276,14.124300000
570,11.677725,10.188600000
571,11.688017,10.102600000
572,11.698137,9.999500000
573,11.707224,8.964100000
574,11.716726,9.214000000
575,11.725467,8.537800000
576,11.734117,8.452900000
577,11.743083,8.760300000
578,11.832629,11.361400000
579,11.845326,12.364300000
580,11.878614,11.363600000
581,11.889102,10.258800000
582,11.898839,9.509700000
583,11.908507,9.513500000
584,11.917480,8.869600000
585,11.926419,8.655900000
586,11.934912,8.279300000
587,11.944001,8.815200000
588,12.024466,10.407300000
589,12.072608,11.307500000
590,12.082508,9.522600000
591,12.092308,9.560800000
592,12.101490,9.006000000
593,12.114104,12.377000000
594,12.122639,8.294300000
595,12.131438,8.662300000
596,12.140917,9.246000000
597,12.150008,8.832600000
598,12.230669,11.156000000
599,12.243119,12.139200000
600,12.256814,11.784600000
601,12.278438,11.537500000
602,12.290133,11.411600000
603,12.300541,10.180200000
604,12.309863,9.169100000
605,12.319173,9.143100000
606,12.328289,9.006700000
607,12.337361,8.813900000
608,12.416938,10.596600000
609,12.429905,12.560700000
610,12.461692,11.094800000
611,12.472407,10.489300000
612,12.482168,9.524800000
613,12.491242,8.974700000
614,12.500928,9.376700000
615,12.509897,8.775000000
616,12.518856,8.778800000
617,12.600246,10.771200000
618,12.615281,14.649500000
619,12.657956,13.264200000
620,12.669668,11.431000000
621,12.680917,10.962400000
622,12.692190,11.054600000
623,12.702520,10.096500000
624,12.712813,10.097600000
625,12.723315,10.298300000
626,12.817208,11.297500000
627,12.828989,11.402700000
628,12.844904,13.024300000
629,12.861225,15.906000000
630,12.872554,10.925800000
631,12.886045,13.280600000
632,12.897075,10.732100000
633,12.908689,11.414500000
634,12.922518,13.648800000
635,12.935969,13.191600000
636,12.958240,22.037800000
637,13.051243,10.755500000
638,13.061773,10.182500000
639,13.095885,11.060000000
640,13.106826,10.580900000
641,13.116840,9.832500000
642,13.127001,9.857600000
643,13.136418,9.262600000
644,13.146239,9.543600000
645,13.156018,9.540000000
646,13.166376,10.137000000
647,13.175750,9.105000000
648,13.184883,8.969900000
649,13.270100,13.805400000
650,13.311275,10.684500000
651,13.322124,10.561500000
652,13.331940,9.527000000
653,13.340949,8.763000000
654,13.349478,8.382500000
655,13.357538,7.881500000
656,13.366933,9.172400000
657,13.375083,7.950000000
658,13.383887,8.493900000
659,13.394614,10.471500000
660,13.473412,10.749600000
661,13.485055,11.298600000
662,13.519753,11.910200000
663,13.530811,10.706500000
664,13.541081,10.021600000
665,13.551116,9.721700000
666,13.560440,9.070200000
667,13.569793,9.102100000
668,13.579472,9.405300000
669,13.589456,9.741400000
670,13.678089,11.810000000
671,13.690632,12.169100000
672,13.707397,12.372500000
673,13.724789,17.031700000
674,13.738716,13.516600000
675,13.749276,10.236900000
676,13.759451,9.856500000
677,13.770555,10.873700000
678,13.783242,12.322400000
679,13.794911,11.271400000
680,13.893634,12.029200000
681,13.944179,13.429900000
682,13.954721,10.177300000
683,13.965125,10.160400000
684,13.975769,10.389700000
685,13.985168,9.169800000
686,13.994814,9.455500000
687,14.003808,8.682100000
688,14.012995,9.075800000
689,14.021722,8.403700000
690,14.030042,8.078000000
691,14.123226,10.472900000
692,14.134324,10.752000000
693,14.166955,11.507500000
694,14.176785,9.486600000
695,14.185821,8.744000000
696,14.194402,8.395000000
697,14.203093,8.492600000
698,14.211936,8.629400000
699,14.220770,8.637100000
700,14.229552,8.680100000
701,14.238378,8.595000000
702,14.246961,8.354600000
703,14.325975,10.920300000
704,14.371340,12.268000000
705,14.381693,10.073800000
706,14.392222,10.230100000
707,14.402002,9.472000000
708,14.410907,8.685800000
709,14.419379,8.286900000
710,14.427972,8.390100000
711,14.436334,8.146600000
712,14.445090,8.596800000
713,14.526795,10.318100000
714,14.573406,11.568100000
715,14.583934,10.152900000
716,14.594484,10.264500000
717,14.604193,9.396500000
718,14.613005,8.604300000
719,14.621757,8.540300000
720,14.630600,8.544800000
721,14.638891,8.061900000
722,14.647292,8.197500000
723,14.728595,10.568700000
724,14.740137,11.122600000
725,14.774704,10.596700000
726,14.785514,10.545100000
727,14.795109,9.425500000
728,14.804091,8.819000000
729,14.813276,8.955300000
730,14.821943,8.440700000
731,14.830298,8.166500000
732,14.838281,7.746200000
733,14.924511,11.871200000
734,14.939757,14.842400000
735,14.951237,11.064800000
736,14.965015,13.454400000
737,14.975723,10.425800000
738,14.985401,9.437400000
739,14.995312,9.703200000
740,15.005360,9.823200000
741,15.014708,9.173400000
742,15.024303,9.462900000
743,15.126025,12.055700000
744,15.138490,12.098900000
745,15.173362,15.070900000
746,15.183441,9.795400000
747,15.194552,10.746700000
748,15.206093,11.168800000
749,15.216799,10.287100000
750,15.226821,9.664900000
751,15.236325,9.128700000
752,15.245045,8.457500000
753,15.325345,10.074200000
754,15.336503,10.780100000
755,15.374209,11.833200000
756,15.384008,9.524700000
757,15.393003,8.834200000
758,15.401872,8.705600000
759,15.411271,9.164000000
760,15.420127,8.674600000
761,15.428313,8.032300000
762,15.436379,7.954700000
763,15.517734,11.993000000
764,15.531157,12.864300000
765,15.546121,12.585100000
766,15.567099,15.232100000
767,15.580077,12.626700000
768,15.592088,11.742100000
769,15.603980,11.604700000
770,15.614357,10.118800000
771,15.624408,9.827500000
772,15.716084,11.562200000
773,15.728314,11.821700000
774,15.764306,15.336500000
775,15.774830,10.241000000
776,15.784260,9.174800000
777,15.793010,8.630800000
778,15.802107,8.786700000
779,15.810384,8.092400000
780,15.819354,8.809900000
781,15.827607,8.068200000
782,15.919929,16.011100000
783,15.959031,13.206600000
784,15.970732,11.330900000
785,15.981474,10.452900000
786,15.991177,9.376400000
787,16.000040,8.631500000
788,16.009130,8.912700000
789,16.018784,9.450200000
790,16.028600,9.531700000
791,16.037739,8.779500000
792,16.122264,14.147500000
793,16.167838,14.067400000
794,16.178528,10.336600000
795,16.189578,10.780000000
796,16.199001,9.240000000
797,16.208777,9.565900000
798,16.218722,9.704800000
799,16.228274,9.340200000
800,16.237081,8.509400000
801,16.245758,8.415600000
802,16.337615,10.851000000
803,16.349649,11.673700000
804,16.383612,10.554900000
805,16.394269,10.429600000
806,16.404753,10.263400000
807,16.414271,9.409000000
808,16.424065,9.462200000
809,16.433866,9.583500000
810,16.445696,11.680100000
811,16.454624,8.769300000
812,16.463165,8.307200000
813,16.553372,11.998400000
814,16.567938,14.173200000
815,16.597070,12.357800000
816,16.608632,11.218800000
817,16.618853,9.918000000
818,16.628301,9.181500000
819,16.637170,8.619000000
820,16.645940,8.533000000
821,16.654997,8.834100000
822,16.663473,8.365500000
823,16.672763,8.960900000
824,16.755370,10.690400000
825,16.799621,13.915500000
826,16.809289,9.335100000
827,16.819213,9.632000000
828,16.829237,9.858900000
829,16.839414,9.890200000
830,16.849834,10.225600000
831,16.860110,10.122200000
832,16.870027,9.689800000
833,16.879225,8.939800000
834,16.965907,10.550400000
835,16.977838,11.243100000
836,17.011082,11.984400000
837,17.021224,9.848400000
838,17.031249,9.845700000
839,17.040448,9.068400000
840,17.049384,8.789100000
841,17.058540,8.899600000
842,17.066700,8.002600000
843,17.075472,8.602900000
844,17.084979,9.351400000
845,17.166464,12.332400000
846,17.177652,10.817000000
847,17.207062,11.107100000
848,17.217197,9.803000000
849,17.226368,8.970600000
850,17.235140,8.672900000
851,17.244179,8.852200000
852,17.254120,9.753200000
853,17.264199,9.796100000
854,17.273175,8.716800000
855,17.363170,10.373900000
856,17.374491,10.991800000
857,17.404356,10.201600000
858,17.414890,10.188400000
859,17.424284,9.175600000
860,17.433704,9.231100000
861,17.442571,8.722900000
862,17.451125,8.390700000
863,17.459326,7.998700000
864,17.467452,7.908700000
865,17.547562,10.862200000
866,17.559315,11.410800000
867,17.589529,10.727800000
868,17.599997,10.129700000
869,17.610489,10.219200000
870,17.620405,9.711900000
871,17.629548,8.949500000
872,17.638332,8.681900000
873,17.647610,9.013400000
874,17.735229,13.304300000
875,17.770867,10.316000000
876,17.782922,11.689300000
877,17.793395,10.213000000
878,17.802745,9.226500000
879,17.811749,8.774400000
880,17.820987,8.960300000
881,17.830017,8.844600000
882,17.839020,8.835000000
883,17.919043,10.692500000
884,17.934096,14.718000000
885,17.963471,12.912800000
886,17.975148,11.339900000
887,17.986979,11.522900000
888,17.997453,10.179400000
889,18.007735,9.917300000
890,18.018216,10.110500000
891,18.027875,9.385900000
892,18.120140,12.993100000
893,18.133018,12.351700000
894,18.171274,21.831200000
895,18.182783,11.172700000
896,18.194020,10.848500000
897,18.205063,10.669600000
898,18.215487,10.192600000
899,18.224533,8.784100000
900,18.233258,8.467700000
901,18.241883,8.397300000
902,18.320334,10.305500000
903,18.331090,10.389400000
904,18.358238,10.326800000
905,18.368375,9.844300000
906,18.378792,10.184500000
907,18.388378,9.360400000
908,18.397397,8.809100000
909,18.406500,8.927900000
910,18.418557,11.869700000
911,18.427424,8.676000000
912,18.528282,14.928900000
913,18.543232,14.442900000
914,18.583163,29.650500000
915,18.593097,9.639100000
916,18.602807,9.559300000
917,18.613038,9.963500000
918,18.622571,9.247300000
919,18.632172,9.359800000
920,18.641045,8.552700000
921,18.650211,8.893600000
922,18.659355,8.939800000
923,18.744194,10.635400000
924,18.755745,11.185300000
925,18.786751,11.713400000
926,18.797601,10.460500000
927,18.807349,9.522500000
928,18.817241,9.639300000
929,18.826441,9.004900000
930,18.834985,8.441300000
931,18.844131,8.819400000
932,18.852862,8.389000000
933,18.861841,8.735600000
934,18.947248,10.046900000
935,18.959458,11.801800000
936,18.990322,10.653800000
937,19.000931,10.315200000
938,19.010828,9.438600000
939,19.020603,9.447800000
940,19.029606,8.732000000
941,19.038332,8.501800000
942,19.047024,8.492500000
943,19.055855,8.628400000
944,19.139961,11.082600000
945,19.151246,10.894900000
946,19.180643,12.209700000
947,19.191805,10.920100000
948,19.201599,9.603600000
949,19.210756,8.919400000
950,19.220150,9.124900000
951,19.228975,8.586600000
952,19.238777,9.530300000
953,19.326195,11.021500000
954,19.342747,16.189300000
955,19.369930,12.118200000
956,19.381752,11.422700000
957,19.391720,9.742300000
958,19.401148,9.007700000
959,19.410180,8.748800000
960,19.418625,8.181600000
961,19.427225,8.378500000
962,19.436781,9.310400000
963,19.532530,13.096300000
964,19.569193,11.056100000
965,19.580558,11.014000000
966,19.590131,9.325000000
967,19.599574,9.209200000
968,19.608314,8.547400000
969,19.616789,8.276000000
970,19.625643,8.655800000
971,19.633871,8.033500000
972,19.641926,7.823100000
973,19.725718,11.035300000
974,19.737446,11.329200000
975,19.768980,16.321100000
976,19.779611,10.275700000
977,19.789609,9.585700000
978,19.799518,9.605700000
979,19.808949,9.208600000
980,19.818287,9.138200000
981,19.827174,8.671800000
982,19.836397,8.991700000
983,19.918314,10.033800000
984,19.935172,16.159400000
985,19.961630,10.044700000
986,19.971556,9.622000000
987,19.981611,9.902100000
988,19.990923,9.194700000
989,19.999984,8.911100000
990,20.009165,8.973100000
991,20.018175,8.821800000
992,20.100695,10.338600000
993,20.111395,10.212200000
994,20.140096,11.661400000
995,20.149777,9.424000000
996,20.159492,9.570300000
997,20.168439,8.848300000
998,20.177109,8.387400000
999,20.185718,8.442700000
1000,20.194356,8.443800000
1001,20.274127,10.378100000
1002,20.286038,11.427200000
1003,20.319979,14.696200000
1004,20.330812,10.490700000
1005,20.340522,9.567900000
1006,20.349753,8.947900000
1007,20.358398,8.536700000
1008,20.367284,8.754400000
1009,20.375621,8.061700000
1010,20.458563,12.592200000
1011,20.480968,10.917000000
1012,20.494817,13.541200000
1013,20.506217,11.018100000
1014,20.517218,10.732400000
1015,20.527246,9.749400000
1016,20.537845,10.291000000
1017,20.547879,9.861100000
1018,20.556928,8.826200000
1019,20.648665,10.133600000
1020,20.659592,10.596200000
1021,20.690418,9.939800000
1022,20.700696,10.009000000
1023,20.710529,9.539000000
1024,20.719711,8.867200000
1025,20.728695,8.766900000
1026,20.737008,8.119900000
1027,20.745310,8.102800000
1028,20.753667,8.160300000
1029,20.836688,11.349300000
1030,20.848694,11.630500000
1031,20.877756,11.087800000
1032,20.887850,9.831800000
1033,20.898203,10.045900000
1034,20.907514,8.996100000
1035,20.916176,8.386800000
1036,20.924790,8.428800000
1037,20.933257,8.215500000
1038,21.014668,11.099800000
1039,21.062416,13.885100000
1040,21.073612,10.804100000
1041,21.084324,10.407400000
1042,21.095024,10.390800000
1043,21.105586,10.278300000
1044,21.116572,10.696300000
1045,21.127378,10.513000000
1046,21.138770,11.081800000
1047,21.232629,10.504600000
1048,21.245539,11.970000000
1049,21.277154,12.322000000
1050,21.289233,11.723700000
1051,21.299144,9.609500000
1052,21.308227,8.831500000
1053,21.317042,8.616500000
1054,21.325609,8.381500000
1055,21.333792,7.983000000
1056,21.342425,8.391900000
1057,21.350478,7.876400000
1058,21.432799,11.021300000
1059,21.446813,13.602200000
1060,21.478473,15.675100000
1061,21.490793,11.945900000
1062,21.500986,9.902400000
1063,21.511327,10.094400000
1064,21.521741,10.134400000
1065,21.531785,9.798800000
1066,21.541156,9.098400000
1067,21.550389,8.979900000
1068,21.631713,10.892000000
1069,21.673993,11.123000000
1070,21.684683,10.342200000
1071,21.694662,9.767800000
1072,21.704595,9.709400000
1073,21.713869,9.091400000
1074,21.723275,9.162600000
1075,21.731938,8.476400000
1076,21.740842,8.689500000
1077,21.749523,8.493600000
1078,21.844231,10.929000000
1079,21.856488,11.882500000
1080,21.885130,11.687400000
1081,21.896732,11.338800000
1082,21.907104,10.164900000
1083,21.916775,9.415300000
1084,21.925920,8.941900000
1085,21.934909,8.874400000
1086,21.944041,8.880500000
1087,21.952863,8.575400000
1088,21.961245,8.178100000
1089,22.045525,11.581800000
1090,22.056454,10.572400000
1091,22.085991,13.694300000
1092,22.097339,11.037900000
1093,22.107663,10.122600000
1094,22.117518,9.626700000
1095,22.127382,9.700800000
1096,22.137160,9.615300000
1097,22.146797,9.386300000
1098,22.157144,10.010200000
1099,22.243510,13.903600000
1100,22.278835,12.255200000
1101,22.290208,11.014800000
1102,22.301297,10.871500000
1103,22.311170,9.711900000
1104,22.320452,9.023000000
1105,22.329959,9.226100000
1106,22.338837,8.686300000
1107,22.347117,8.115900000
1108,22.429859,10.927200000
1109,22.441467,11.283800000
1110,22.469262,11.327100000
1111,22.480635,11.003700000
1112,22.490529,9.613300000
1113,22.499988,9.225300000
1114,22.509541,9.303800000
1115,22.518698,8.958700000
1116,22.527461,8.569900000
1117,22.536518,8.857500000
1118,22.617604,11.421700000
1119,22.655208,11.825600000
1120,22.666373,10.833000000
1121,22.677377,10.713500000
1122,22.687226,9.670000000
1123,22.696731,9.190700000
1124,22.705535,8.591800000
1125,22.714130,8.277800000
1126,22.722817,8.480100000
1127,22.808692,13.396100000
1128,22.851654,18.209800000
1129,22.863143,11.089700000
1130,22.874610,11.058500000
1131,22.885561,10.726900000
1132,22.895155,9.385300000
1133,22.905239,9.784500000
1134,22.915534,10.088200000
1135,22.926012,10.147500000
1136,22.935280,9.013200000
1137,23.026147,11.000900000
1138,23.037783,11.289500000
1139,23.066368,10.659800000
1140,23.076751,10.081300000
1141,23.086667,9.704100000
1142,23.096026,9.143300000
1143,23.104891,8.670200000
1144,23.114191,9.100800000
1145,23.122883,8.485100000
1146,23.131710,8.558000000
1147,23.140211,8.282900000
1148,23.225840,11.782900000
1149,23.237612,11.367900000
1150,23.266977,13.101900000
1151,23.277693,10.380700000
1152,23.287538,9.613200000
1153,23.297109,9.372100000
1154,23.305873,8.655900000
1155,23.314894,8.790600000
1156,23.323687,8.564400000
1157,23.332339,8.454100000
1158,23.414448,11.232900000
1159,23.453427,10.611000000
1160,23.464222,10.426200000
1161,23.475090,10.621300000
1162,23.485751,10.422400000
1163,23.496291,10.229200000
1164,23.507638,11.069900000
1165,23.519166,11.308800000
1166,23.531590,12.177500000
1167,23.626222,11.604800000
1168,23.669719,12.613500000
1169,23.680534,10.513900000
1170,23.691390,10.655600000
1171,23.702279,10.566800000
1172,23.712223,9.830300000
1173,23.722597,10.077300000
1174,23.732251,9.467000000
1175,23.741304,8.755800000
1176,23.749773,8.240800000
1177,23.758314,8.375000000
1178,23.838002,11.477700000
1179,23.879668,10.655900000
1180,23.889891,9.860400000
1181,23.899384,9.297500000
1182,23.908632,9.008900000
1183,23.917578,8.696500000
1184,23.926399,8.623600000
1185,23.935371,8.776100000
1186,23.944227,8.668700000
1187,23.953605,9.139500000
1188,24.051095,14.384400000
1189,24.064832,13.345200000
1190,24.092531,13.189700000
1191,24.107104,14.280400000
1192,24.120298,12.880800000
1193,24.142339,21.816400000
1194,24.151217,8.576800000
1195,24.160088,8.647000000
1196,24.169486,9.212700000
1197,24.178122,8.427800000
1198,24.186988,8.650200000
1199,24.273867,11.548800000
1200,24.287314,12.990300000
1201,24.323855,17.646100000
1202,24.334529,10.274700000
1203,24.344955,10.073100000
1204,24.354607,9.279600000
1205,24.363583,8.779100000
1206,24.372790,8.996500000
1207,24.381625,8.625700000
1208,24.391450,9.625600000
1209,24.400080,8.402200000
1210,24.481530,11.099900000
1211,24.493322,11.456200000
1212,24.524228,11.112900000
1213,24.535300,10.798400000
1214,24.545724,10.125500000
1215,24.556576,10.547300000
1216,24.566334,9.455800000
1217,24.576577,10.002400000
1218,24.587130,10.343400000
1219,24.597414,10.112100000
1220,24.684587,13.027500000
1221,24.697667,12.742300000
1222,24.727204,11.120100000
1223,24.738289,10.830700000
1224,24.749513,10.933200000
1225,24.760745,10.941600000
1226,24.771688,10.706200000
1227,24.782537,10.552000000
1228,24.792874,10.200100000
1229,24.803234,10.243400000
1230,24.813831,10.494000000
1231,24.906555,10.767500000
1232,24.918664,11.734700000
1233,24.954026,12.754900000
1234,24.966399,12.018900000
1235,24.976839,10.169100000
1236,24.986474,9.287300000
1237,24.995626,8.960300000
1238,25.004726,8.927600000
1239,25.013455,8.631500000
1240,25.022334,8.570300000
1241,25.030937,8.402200000
1242,25.120778,10.956100000
1243,25.162210,11.616500000
1244,25.172867,10.361100000
1245,25.182789,9.642100000
1246,25.192091,9.109400000
1247,25.200817,8.502600000
1248,25.209161,8.182600000
1249,25.217703,8.301600000
1250,25.226067,8.150000000
1251,25.234672,8.348000000
1252,25.322378,12.879600000
1253,25.335966,13.177700000
1254,25.367658,11.626700000
1255,25.379250,11.360500000
1256,25.389512,9.957900000
1257,25.399671,9.888500000
1258,25.408873,9.060300000
1259,25.417654,8.567500000
1260,25.426497,8.655100000
1261,25.434917,8.204700000
1262,25.514911,11.094800000
1263,25.526092,10.862100000
1264,25.561548,14.974800000
1265,25.572753,10.848400000
1266,25.583001,9.969500000
1267,25.592587,9.335800000
1268,25.601691,8.907700000
1269,25.610312,8.440000000
1270,25.618712,8.172400000
1271,25.627239,8.344300000
1272,25.708834,10.700100000
1273,25.720959,11.714800000
1274,25.753006,11.782700000
1275,25.764266,10.884400000
1276,25.775294,10.781000000
1277,25.786297,10.721100000
1278,25.796294,9.615500000
1279,25.805678,9.089500000
1280,25.815168,9.247500000
1281,25.825009,9.577500000
1282,25.905018,11.065600000
1283,25.916768,11.421600000
1284,25.948497,12.086500000
1285,25.959291,10.540100000
1286,25.969259,9.752000000
1287,25.978722,9.219800000
1288,25.988314,9.387500000
1289,25.998620,9.589600000
1290,26.007790,8.966400000
1291,26.016469,8.458300000
1292,26.098441,10.860200000
1293,26.109569,10.755700000
1294,26.141638,10.278900000
1295,26.152352,10.323400000
1296,26.162193,9.585800000
1297,26.171432,9.044800000
1298,26.180713,9.083600000
1299,26.190513,9.613200000
1300,26.199894,9.178000000
1301,26.293623,11.334200000
1302,26.305080,11.019700000
1303,26.335887,10.977700000
1304,26.347525,11.298800000
1305,26.358067,10.212800000
1306,26.367539,9.239400000
1307,26.376395,8.628100000
1308,26.384861,8.259200000
1309,26.393462,8.392200000
1310,26.402128,8.460100000
1311,26.481940,10.691100000
1312,26.493696,11.438600000
1313,26.524753,10.965000000
1314,26.536255,11.278400000
1315,26.547751,11.244600000
1316,26.559071,11.036300000
1317,26.570817,11.490000000
1318,26.583184,12.055000000
1319,26.593992,10.527500000
1320,26.603874,9.580500000
1321,26.690911,12.560900000
1322,26.734961,12.818400000
1323,26.744821,9.547800000
1324,26.754422,9.332100000
1325,26.764402,9.791200000
1326,26.773802,9.194400000
1327,26.784877,10.820700000
1328,26.793878,8.778400000
1329,26.802814,8.731200000
1330,26.811574,8.519600000
1331,26.894503,11.493200000
1332,26.908232,13.305300000
1333,26.941001,13.499400000
1334,26.952598,11.276300000
1335,26.964064,11.165400000
1336,26.974747,10.482100000
1337,26.985253,10.287800000
1338,26.995794,10.298000000
1339,27.006517,10.455600000
1340,27.017658,10.867800000
1341,27.118073,13.320200000
1342,27.131531,13.035200000
1343,27.170224,18.622800000
1344,27.180364,9.760800000
1345,27.189638,9.030800000
1346,27.198593,8.830700000
1347,27.208126,9.190100000
1348,27.217568,9.281800000
1349,27.226683,8.837700000
1350,27.236287,9.306600000
1351,27.246584,10.072100000
1352,27.344237,12.386100000
1353,27.357723,12.540600000
1354,27.393168,13.132800000
1355,27.404877,11.366000000
1356,27.415198,10.043300000
1357,27.424888,9.344000000
1358,27.433943,8.718800000
1359,27.443368,9.191400000
1360,27.453175,9.536500000
1361,27.463450,10.024000000
1362,27.472486,8.752100000
1363,27.482041,9.341500000
1364,27.565914,11.573700000
1365,27.578039,11.713600000
1366,27.594031,11.681300000
1367,27.608612,14.282300000
1368,27.620667,11.767200000
1369,27.631584,10.726300000
1370,27.641519,9.602500000
1371,27.651100,9.366100000
1372,27.660371,9.054400000
1373,27.669666,8.983600000
1374,27.679064,9.100000000
1375,27.774848,14.755200000
1376,27.788786,13.547900000
1377,27.822119,12.157900000
1378,27.833313,10.965300000
1379,27.843166,9.695700000
1380,27.852426,9.171000000
1381,27.861344,8.727500000
1382,27.870690,9.118500000
1383,27.879556,8.599900000
1384,27.888220,8.456200000
1385,27.970448,12.944200000
1386,28.013137,12.468200000
1387,28.024283,10.913900000
1388,28.035620,11.109200000
1389,28.046885,11.044600000
1390,28.056592,9.596100000
1391,28.065823,8.934700000
1392,28.075530,9.433900000
1393,28.085438,9.647900000
1394,28.094319,8.670500000
1395,28.175010,11.876400000
1396,28.216483,10.663500000
1397,28.226796,9.965300000
1398,28.236493,9.439100000
1399,28.247008,10.316700000
1400,28.256258,9.105700000
1401,28.266075,9.474200000
1402,28.275080,8.755200000
1403,28.283553,8.258400000
1404,28.291981,8.221300000
1405,28.382838,10.880800000
1406,28.394632,11.228400000
1407,28.428256,11.751000000
1408,28.439347,10.759000000
1409,28.449223,9.742800000
1410,28.459252,9.797900000
1411,28.468633,9.119600000
1412,28.478474,9.561200000
1413,28.487513,8.762700000
1414,28.496669,8.873200000
1415,28.505789,8.905500000
1416,28.588192,11.424500000
1417,28.600055,11.437700000
1418,28.633609,13.640700000
1419,28.644179,10.247300000
1420,28.654108,9.610600000
1421,28.664124,9.745000000
1422,28.673281,8.870000000
1423,28.682900,9.314400000
1424,28.693030,9.836400000
1425,28.702230,8.899300000
1426,28.783208,10.479800000
1427,28.801099,17.432600000
1428,28.813782,12.431400000
1429,28.827666,11.367500000
1430,28.838363,10.354000000
1431,28.848750,10.192400000
1432,28.858290,9.332100000
1433,28.867906,9.420400000
1434,28.877825,9.699200000
1435,28.887982,9.998900000
1436,28.973520,11.410600000
1437,28.986030,12.101300000
1438,29.015639,11.522800000
1439,29.026221,10.264000000
1440,29.036619,10.167900000
1441,29.046972,10.134300000
1442,29.056454,9.215500000
1443,29.066155,9.459800000
1444,29.074984,8.583300000
1445,29.153022,10.482100000
1446,29.164311,10.926900000
1447,29.197378,10.715300000
1448,29.207502,9.824600000
1449,29.217527,9.833800000
1450,29.226957,9.171800000
1451,29.235826,8.655500000
1452,29.244875,8.828100000
1453,29.253810,8.678500000
1454,29.332928,10.545000000
1455,29.344216,10.893400000
1456,29.380673,11.291700000
1457,29.391225,10.257700000
1458,29.401705,10.202100000
1459,29.412065,10.102600000
1460,29.421395,9.141600000
1461,29.430307,8.676800000
1462,29.439102,8.574200000
1463,29.539946,13.408300000
1464,29.582059,11.501900000
1465,29.593960,11.461300000
1466,29.605292,11.044200000
1467,29.619333,13.660900000
1468,29.630426,10.844800000
1469,29.642710,11.842700000
1470,29.654826,11.812900000
1471,29.668286,13.253800000
1472,29.681258,12.716800000
1473,29.774440,11.358700000
1474,29.791234,16.395500000
1475,29.818305,11.216500000
1476,29.828274,9.678500000
1477,29.838361,9.855800000
1478,29.849769,11.091800000
1479,29.864148,14.104400000
1480,29.874348,10.047300000
1481,29.883691,9.229000000
1482,29.893459,9.489000000
1483,29.906655,12.966700000
1484,29.923015,16.106800000
1485,30.005364,11.806300000
1486,30.048461,12.005400000
1487,30.059610,10.839600000
1488,30.069718,9.843600000
1489,30.078724,8.784600000
1490,30.088061,9.106000000
1491,30.096811,8.498500000
1492,30.106575,9.546800000
1493,30.115620,8.730300000
1494,30.124473,8.623600000
1495,30.133657,8.964600000
1496,30.141971,8.072200000
1497,30.224900,11.218600000
1498,30.270776,11.734600000
1499,30.281037,9.938400000
1500,30.290735,9.369400000
1501,30.300277,9.303400000
1502,30.310087,9.558700000
1503,30.320193,9.847400000
1504,30.329270,8.856400000
1505,30.337943,8.505600000
1506,30.346753,8.553400000
1507,30.355254,8.261100000
1508,30.443725,13.568200000
1509,30.456016,11.970000000
1510,30.489827,12.575200000
1511,30.501395,11.266100000
1512,30.512259,10.428800000
1513,30.522608,10.048800000
1514,30.533144,10.187100000
1515,30.543429,9.988600000
1516,30.552985,9.438000000
1517,30.562641,9.383400000
1518,30.656242,10.385100000
1519,30.668859,12.232700000
1520,30.704399,11.968600000
1521,30.715313,10.639000000
1522,30.725945,10.393200000
1523,30.735485,9.360000000
1524,30.744277,8.576000000
1525,30.752781,8.268300000
1526,30.761704,8.702700000
1527,30.770125,8.213300000
1528,30.779039,8.658200000
1529,30.866730,14.835200000
1530,30.906289,10.636100000
1531,30.916228,9.606900000
1532,30.926397,9.977400000
1533,30.935731,9.147400000
1534,30.944835,8.866600000
1535,30.954105,9.053600000
1536,30.962909,8.567200000
1537,30.972018,8.871100000
1538,30.980602,8.277100000
1539,30.989818,8.985100000
1540,31.071727,11.539300000
1541,31.117019,12.549100000
1542,31.126976,9.581600000
1543,31.136230,9.007900000
1544,31.144971,8.534400000
1545,31.153613,8.417500000
1546,31.162395,8.559300000
1547,31.170940,8.339500000
1548,31.179924,8.801700000
1549,31.188518,8.459200000
1550,31.267158,10.139000000
1551,31.278337,10.726200000
1552,31.313461,11.635300000
1553,31.323607,9.660900000
1554,31.333054,9.210000000
1555,31.341755,8.464700000
1556,31.350617,8.613300000
1557,31.359351,8.550100000
1558,31.368866,9.277400000
1559,31.377478,8.366500000
1560,31.464122,15.033500000
1561,31.500918,11.354100000
1562,31.511288,9.986000000
1563,31.520880,9.314900000
1564,31.529790,8.717600000
1565,31.538582,8.587100000
1566,31.547478,8.713400000
1567,31.556111,8.456700000
1568,31.564803,8.491400000
1569,31.655287,11.048800000
1570,31.665991,10.342300000
1571,31.699428,10.206400000
1572,31.709396,9.738200000
1573,31.718769,9.120600000
1574,31.727939,8.954600000
1575,31.737100,8.973200000
1576,31.746837,9.542400000
1577,31.755629,8.680100000
1578,31.764301,8.560800000
1579,31.847417,11.142200000
1580,31.858663,10.811200000
1581,31.879937,11.773400000
1582,31.895607,12.604400000
1583,31.905802,9.907400000
1584,31.915060,9.013100000
1585,31.924530,9.260300000
1586,31.933513,8.755400000
1587,31.942582,8.857100000
1588,31.952204,9.336300000
1589,32.044485,11.880600000
1590,32.056710,11.821800000
1591,32.092677,12.793400000
1592,32.104461,11.540100000
1593,32.115756,11.086100000
1594,32.125608,9.683600000
1595,32.135035,9.214600000
1596,32.146356,11.179700000
1597,32.157894,11.251900000
1598,32.169601,11.539500000
1599,32.255144,11.144000000
1600,32.299059,10.650600000
1601,32.311161,11.652800000
1602,32.321898,10.467200000
1603,32.332845,10.678100000
1604,32.344138,10.955400000
1605,32.354411,9.932400000
1606,32.363562,8.929200000
1607,32.373193,9.407500000
1608,32.381947,8.503900000
1609,32.463758,11.975100000
1610,32.474991,10.877300000
1611,32.504951,10.412500000
1612,32.514861,9.631900000
1613,32.524980,9.854900000
1614,32.534480,9.213000000
1615,32.543229,8.523700000
1616,32.552575,9.125900000
1617,32.561097,8.292200000
1618,32.569502,8.216500000
1619,32.578601,8.858200000
1620,32.677035,11.223000000
1621,32.689448,11.963600000
1622,32.720378,10.377900000
1623,32.731657,10.972800000
1624,32.741595,9.745400000
1625,32.751154,9.286600000
1626,32.760107,8.762400000
1627,32.769237,8.971900000
1628,32.777843,8.375300000
1629,32.786388,8.323900000
1630,32.870679,12.410800000
1631,32.884197,13.039200000
1632,32.916460,11.820800000
1633,32.928708,11.606300000
1634,32.939335,10.417400000
1635,32.949161,9.629500000
1636,32.958882,9.579900000
1637,32.968850,9.816300000
1638,32.979065,10.031600000
1639,32.988630,9.253500000
1640,33.072264,11.335800000
1641,33.083439,10.800100000
1642,33.114678,10.996500000
1643,33.125711,10.752400000
1644,33.135376,9.506700000
1645,33.144371,8.863400000
1646,33.153850,9.340000000
1647,33.162767,8.734500000
1648,33.171557,8.581200000
1649,33.180265,8.435200000
1650,33.265933,11.844100000
1651,33.278423,12.064400000
1652,33.321541,18.234700000
1653,33.333099,11.201100000
1654,33.343199,9.789300000
1655,33.352407,9.005100000
1656,33.361362,8.764300000
1657,33.370628,9.108300000
1658,33.380528,9.758200000
1659,33.390806,9.866100000
1660,33.480197,14.542800000
1661,33.519415,10.893200000
1662,33.530962,11.074800000
1663,33.540885,9.697000000
1664,33.550086,8.956200000
1665,33.559546,9.289200000
1666,33.569568,9.807900000
1667,33.578719,8.922500000
1668,33.587057,8.113900000
1669,33.595161,7.881600000
1670,33.687248,10.669500000
1671,33.700773,13.127000000
1672,33.731301,10.766600000
1673,33.742230,10.655200000
1674,33.753102,10.617700000
1675,33.763500,10.107700000
1676,33.773970,10.264300000
1677,33.783314,9.116300000
1678,33.793009,9.460400000
1679,33.802221,8.960900000
1680,33.810348,7.979400000
1681,33.898306,11.707100000
1682,33.909864,11.201900000
1683,33.940658,10.679100000
1684,33.951479,10.512300000
1685,33.962341,10.669100000
1686,33.973039,10.498500000
1687,33.983605,10.352200000
1688,33.993073,9.254000000
1689,34.002022,8.786500000
1690,34.010483,8.226600000
1691,34.090814,11.766400000
1692,34.132997,10.366800000
1693,34.143143,9.716700000
1694,34.152194,8.809600000
1695,34.160846,8.451200000
1696,34.169646,8.629300000
1697,34.178671,8.866700000
1698,34.186892,8.081800000
1699,34.195610,8.534000000
1700,34.203801,7.982800000
1701,34.284576,11.400100000
1702,34.295977,11.042000000
1703,34.324280,10.592800000
1704,34.335119,10.608700000
1705,34.345089,9.807300000
1706,34.354412,9.052000000
1707,34.362941,8.309500000
1708,34.371256,8.111100000
1709,34.380011,8.549600000
1710,34.388726,8.508200000
1711,34.466259,10.991400000
1712,34.478173,11.430900000
1713,34.509718,11.318000000
1714,34.521398,11.377800000
1715,34.532434,10.743300000
1716,34.542109,9.458200000
1717,34.551900,9.529600000
1718,34.561900,9.781000000
1719,34.570936,8.783900000
1720,34.650223,10.413500000
1721,34.661040,10.511100000
1722,34.692016,9.988100000
1723,34.702967,10.678400000
1724,34.714157,10.930600000
1725,34.725776,11.321400000
1726,34.737079,11.017000000
1727,34.748512,11.146500000
1728,34.760181,11.441900000
1729,34.858301,11.443000000
1730,34.870462,11.731300000
1731,34.900091,10.797200000
1732,34.911060,10.702200000
1733,34.920921,9.520800000
1734,34.930731,9.657400000
1735,34.939812,8.932400000
1736,34.948592,8.528500000
1737,34.957031,8.270000000
1738,34.965242,8.086600000
1739,35.050044,11.936500000
1740,35.064137,13.685400000
1741,35.093428,11.476700000
1742,35.107158,13.374500000
1743,35.118787,11.269300000
1744,35.130251,11.322300000
1745,35.141453,11.000600000
1746,35.151791,10.174300000
1747,35.164578,12.441500000
1748,35.173866,9.020700000
1749,35.264707,14.053700000
1750,35.307905,15.760000000
1751,35.321739,13.446400000
1752,35.347890,25.879400000
1753,35.358682,10.545600000
1754,35.367818,8.965300000
1755,35.377686,9.562100000
1756,35.388953,10.983200000
1757,35.399288,10.129000000
1758,35.409551,10.003700000
1759,35.499293,11.222500000
1760,35.512762,13.098200000
1761,35.540476,12.492500000
1762,35.551133,10.354400000
1763,35.561603,10.136100000
1764,35.571628,9.714800000
1765,35.581454,9.566900000
1766,35.590563,8.877100000
1767,35.599136,8.406000000
1768,35.607147,7.810400000
1769,35.615135,7.794700000
1770,35.623263,7.976600000
1771,35.708002,11.700500000
1772,35.720441,11.714300000
1773,35.750809,10.784700000
1774,35.761179,9.974300000
1775,35.770872,9.368600000
1776,35.779999,8.853300000
1777,35.788503,8.270500000
1778,35.797174,8.479200000
1779,35.806033,8.641900000
1780,35.814170,7.923600000
1781,35.823044,8.662300000
1782,35.920703,10.589500000
1783,35.932072,10.948000000
1784,35.963621,10.943800000
1785,35.973180,9.310100000
1786,35.982496,9.069100000
1787,35.991976,9.256300000
1788,36.001015,8.777400000
1789,36.010688,9.427100000
1790,36.019866,8.935800000
1791,36.028663,8.587200000
1792,36.118968,12.135200000
1793,36.162937,10.970500000
1794,36.173501,10.296100000
1795,36.184415,10.547300000
1796,36.195290,10.621100000
1797,36.204905,9.423300000
1798,36.215036,9.796400000
1799,36.225535,10.166600000
1800,36.235572,9.854800000
1801,36.245287,9.394300000
1802,36.327990,11.165200000
1803,36.371555,14.342200000
1804,36.381209,9.266100000
1805,36.390965,9.585200000
1806,36.399784,8.630300000
1807,36.408215,8.248600000
1808,36.416730,8.259300000
1809,36.424714,7.891400000
1810,36.433508,8.531900000
1811,36.441574,7.854300000
1812,36.450112,8.270000000
1813,36.531084,12.723900000
1814,36.573929,11.855400000
1815,36.585260,10.969900000
1816,36.596266,10.643500000
1817,36.606343,9.845400000
1818,36.616516,9.871200000
1819,36.625554,8.822000000
1820,36.634230,8.406500000
1821,36.643168,8.691300000
1822,36.652657,9.221700000
1823,36.736565,11.068700000
1824,36.780426,11.335700000
1825,36.790475,9.707200000
1826,36.800656,9.920900000
1827,36.810874,10.034700000
1828,36.819793,8.765500000
1829,36.828483,8.379300000
1830,36.836537,7.865800000
1831,36.844411,7.671300000
1832,36.852839,8.212000000
1833,36.944048,10.329100000
1834,36.955314,10.945600000
1835,36.989636,10.606600000
1836,36.999527,9.501400000
1837,37.009342,9.647800000
1838,37.019532,10.033100000
1839,37.028686,8.854500000
1840,37.037515,8.662700000
1841,37.045950,8.221600000
1842,37.054382,8.229400000
1843,37.062302,7.729800000
1844,37.142591,11.499400000
1845,37.185096,12.168200000
1846,37.195680,10.281500000
1847,37.205923,10.016800000
1848,37.216215,10.054800000
1849,37.226504,10.096900000
1850,37.235720,9.063200000
1851,37.244269,8.338300000
1852,37.253333,8.867200000
1853,37.262977,9.388000000
1854,37.347472,14.485500000
1855,37.384242,11.257700000
1856,37.394431,9.976600000
1857,37.404003,9.301500000
1858,37.412801,8.604200000
1859,37.421337,8.353500000
1860,37.429907,8.349300000
1861,37.438046,7.926600000
1862,37.446126,7.878700000
1863,37.454296,8.011000000
1864,37.532980,11.060700000
1865,37.545164,11.781900000
1866,37.578753,12.502400000
1867,37.590557,11.506300000
1868,37.600521,9.845800000
1869,37.609761,8.985600000
1870,37.619271,9.270000000
1871,37.628200,8.726200000
1872,37.637622,9.253000000
1873,37.724551,11.814200000
1874,37.736215,11.243900000
1875,37.771491,12.965800000
1876,37.782831,11.063500000
1877,37.794534,11.423700000
1878,37.805379,10.706900000
1879,37.815243,9.575600000
1880,37.824934,9.389000000
1881,37.834954,9.733300000
1882,37.845126,9.885700000
1883,37.934130,12.147900000
1884,37.975590,9.877100000
1885,37.985955,10.089600000
1886,37.995503,9.234900000
1887,38.004343,8.672100000
1888,38.013383,8.906500000
1889,38.022044,8.563800000
1890,38.031198,8.950400000
1891,38.039834,8.423500000
1892,38.048095,8.112100000
1893,38.144754,13.895400000
1894,38.190468,13.719200000
1895,38.200365,9.530400000
1896,38.210472,9.835600000
1897,38.220700,9.963300000
1898,38.230882,9.957900000
1899,38.240861,9.861100000
1900,38.249912,8.891900000
1901,38.259389,9.173800000
1902,38.267886,8.276400000
1903,38.348064,11.395600000
1904,38.366015,17.276600000
1905,38.390869,10.908000000
1906,38.401956,10.816400000
1907,38.411867,9.680900000
1908,38.421643,9.567900000
1909,38.431077,9.201800000
1910,38.441684,10.365200000
1911,38.451159,9.280100000
1912,38.461098,9.633600000
1913,38.473606,12.174400000
1914,38.555197,11.229500000
1915,38.595596,10.744800000
1916,38.605688,9.785900000
1917,38.615915,10.012600000
1918,38.625084,8.988900000
1919,38.633778,8.478500000
1920,38.642711,8.731700000
1921,38.651036,8.126100000
1922,38.659158,7.910900000
1923,38.667609,8.273700000
1924,38.749013,10.924400000
1925,38.761221,11.819800000
1926,38.793939,11.375700000
1927,38.804462,10.141600000
1928,38.815021,10.225400000
1929,38.826064,10.748800000
1930,38.836240,10.017900000
1931,38.845866,9.388500000
1932,38.856138,10.039200000
1933,38.866831,10.482300000
1934,38.954253,11.372500000
1935,38.965747,10.854400000
1936,38.997616,10.339900000
1937,39.007175,9.298600000
1938,39.016118,8.756500000
1939,39.025003,8.701000000
1940,39.033793,8.683100000
1941,39.042686,8.748900000
1942,39.050769,7.938100000
1943,39.059203,8.249700000
1944,39.155198,14.543400000
1945,39.194098,10.861100000
1946,39.204055,9.629200000
1947,39.213304,9.002200000
1948,39.222504,9.046900000
1949,39.231233,8.542600000
1950,39.239507,8.181300000
1951,39.248624,8.931100000
1952,39.256936,8.054900000
1953,39.264904,7.774700000
1954,39.345743,11.228200000
1955,39.356910,10.706900000
1956,39.385378,10.666400000
1957,39.394879,9.225600000
1958,39.404692,9.664100000
1959,39.414840,9.972100000
1960,39.424048,8.989300000
1961,39.433711,9.474000000
1962,39.442876,8.897700000
1963,39.451261,8.224100000
1964,39.532486,11.329200000
1965,39.543616,10.794500000
1966,39.576660,10.730200000
1967,39.587562,10.572700000
1968,39.598104,10.313800000
1969,39.607327,9.108200000
1970,39.616869,9.233300000
1971,39.625438,8.372700000
1972,39.633630,7.941100000
1973,39.711020,10.385900000
1974,39.723813,12.375500000
1975,39.737265,9.733800000
1976,39.750398,12.856500000
1977,39.760693,10.037900000
1978,39.770900,9.973000000
1979,39.780366,9.183000000
1980,39.789116,8.595400000
1981,39.797486,8.169500000
1982,39.884588,13.811300000
1983,39.922691,10.660000000
1984,39.933347,10.320700000
1985,39.943071,9.456900000
1986,39.952071,8.891900000
1987,39.960301,8.075900000
1988,39.968617,8.102800000
1989,39.977315,8.504300000
1990,40.058218,13.633600000
1991,40.095023,9.852400000
1992,40.104406,9.127400000
1993,40.113320,8.630300000
1994,40.122582,8.992300000
1995,40.131451,8.691200000
1996,40.140426,8.774300000
1997,40.148856,8.234900000
1998,40.156828,7.758200000
1999,40.250131,10.356500000
2000,40.261657,11.087400000
2001,40.288233,11.185300000
2002,40.298873,10.290100000
2003,40.308470,9.332600000
2004,40.317513,8.863100000
2005,40.327044,9.362900000
2006,40.336883,9.589900000
2007,40.346899,9.727400000
2008,40.356181,9.004900000
2009,40.432941,10.404700000
2010,40.449336,15.885100000
2011,40.469734,9.686200000
2012,40.479596,9.558600000
2013,40.489579,9.815000000
2014,40.498645,8.826800000
2015,40.507925,9.126400000
2016,40.516335,8.264800000
2017,40.524244,7.754300000
2018,40.611512,11.742600000
2019,40.624031,12.052200000
2020,40.651497,10.707500000
2021,40.662574,10.727200000
2022,40.674113,11.293100000
2023,40.686117,11.774200000
2024,40.698074,11.764700000
2025,40.708938,10.510900000
2026,40.722492,13.250700000
2027,40.810807,14.307200000
2028,40.846692,12.859700000
2029,40.861826,14.759400000
2030,40.875883,13.768000000
2031,40.888175,12.041700000
2032,40.912271,23.835900000
2033,40.920396,7.796600000
2034,40.928540,7.925600000
2035,40.936268,7.520600000
2036,40.944522,7.927600000
2037,41.028796,9.970800000
2038,41.041548,12.399000000
2039,41.068164,10.996000000
2040,41.078608,10.112500000
2041,41.088271,9.390400000
2042,41.097473,9.012800000
2043,41.105905,8.324800000
2044,41.114166,8.106700000
2045,41.122117,7.751000000
2046,41.130187,7.930400000
2047,41.138581,8.129700000
2048,41.218408,10.801500000
2049,41.235833,17.062400000
2050,41.257971,10.439300000
2051,41.269237,10.984500000
2052,41.280504,11.010700000
2053,41.290643,9.980600000
2054,41.300232,9.353800000
2055,41.309586,9.211800000
2056,41.318321,8.481600000
2057,41.409204,11.337900000
2058,41.421914,12.164900000
2059,41.446756,13.165900000
2060,41.458332,11.177800000
2061,41.469392,10.818700000
2062,41.480208,10.580100000
2063,41.489774,9.446000000
2064,41.499717,9.607300000
2065,41.508522,8.687100000
2066,41.518344,9.522100000
2067,41.605443,12.873900000
2068,41.648190,18.933600000
2069,41.659566,11.093500000
2070,41.670814,10.972500000
2071,41.680686,9.601000000
2072,41.689981,8.964600000
2073,41.699471,9.261300000
2074,41.708251,8.463600000
2075,41.717644,9.174500000
2076,41.726416,8.432000000
2077,41.808749,10.850400000
2078,41.820469,11.356400000
2079,41.845022,11.197300000
2080,41.856766,11.464000000
2081,41.867343,10.292300000
2082,41.876692,9.052600000
2083,41.885758,8.890400000
2084,41.894497,8.525400000
2085,41.903477,8.840100000
2086,41.913011,9.320400000
2087,41.997768,11.770000000
2088,42.009122,10.969200000
2089,42.041622,13.256000000
2090,42.051211,9.294100000
2091,42.061120,9.751700000
2092,42.070136,8.816900000
2093,42.078727,8.411200000
2094,42.087618,8.618100000
2095,42.095696,7.821100000
2096,42.172662,10.033500000
2097,42.183441,10.377100000
2098,42.215801,9.874600000
2099,42.225297,9.252400000
2100,42.235099,9.620700000
2101,42.244104,8.830900000
2102,42.253396,9.100700000
2103,42.262111,8.528100000
2104,42.270827,8.538100000
2105,42.353120,10.521100000
2106,42.365526,11.236700000
2107,42.400604,11.876700000
2108,42.410249,9.129800000
2109,42.419076,8.623400000
2110,42.427578,8.318700000
2111,42.435796,8.123100000
2112,42.444225,8.201900000
2113,42.452370,8.001200000
2114,42.544887,10.284200000
2115,42.555485,10.233600000
2116,42.596441,10.674200000
2117,42.607052,10.387500000
2118,42.616428,9.110800000
2119,42.625211,8.534300000
2120,42.634358,8.918100000
2121,42.642871,8.321300000
2122,42.651304,8.247600000
2123,42.659556,7.945800000
2124,42.744830,10.496400000
2125,42.757146,11.907600000
2126,42.792249,13.271200000
2127,42.803202,10.507300000
2128,42.813165,9.608500000
2129,42.822992,9.613500000
2130,42.832820,9.661100000
2131,42.843500,10.385700000
2132,42.853834,10.065000000
2133,42.863766,9.679100000
2134,42.951755,11.035000000
2135,42.964786,11.990800000
2136,43.000540,15.282000000
2137,43.012125,11.195300000
2138,43.023454,11.013600000
2139,43.034457,10.873200000
2140,43.046494,11.799400000
2141,43.057612,10.785400000
2142,43.067834,9.873400000
2143,43.078765,10.682800000
2144,43.165653,11.937400000
2145,43.209121,11.802000000
2146,43.220392,10.841400000
2147,43.231373,10.690900000
2148,43.241165,9.546200000
2149,43.250568,9.165300000
2150,43.260084,9.233900000
2151,43.269571,9.187100000
2152,43.279854,9.998900000
2153,43.290445,10.367500000
2154,43.300749,9.982900000
2155,43.390956,12.446000000
2156,43.404873,13.396200000
2157,43.423501,10.734700000
2158,43.437318,13.465900000
2159,43.448950,11.343100000
2160,43.459563,10.305100000
2161,43.469894,10.087500000
2162,43.480097,9.837500000
2163,43.491159,10.747800000
2164,43.501619,10.116300000
2165,43.512519,10.653700000
2166,43.614056,10.785600000
2167,43.624920,10.531300000
2168,43.663269,14.686400000
2169,43.674496,10.922000000
2170,43.685352,10.590800000
2171,43.695840,10.260300000
2172,43.705671,9.529300000
2173,43.715355,9.428600000
2174,43.724785,9.147700000
2175,43.734722,9.643400000
2176,43.743250,8.244700000
2177,43.830846,11.231000000
2178,43.844649,13.413300000
2179,43.875609,10.086200000
2180,43.886526,10.619400000
2181,43.895711,8.941800000
2182,43.905314,9.404600000
2183,43.913958,8.521400000
2184,43.922942,8.786700000
2185,43.933633,10.395800000
2186,43.942527,8.630800000
2187,43.951702,8.954100000
2188,44.034366,12.985300000
2189,44.046453,11.628700000
2190,44.083550,11.114900000
2191,44.094856,11.020000000
2192,44.104546,9.500000000
2193,44.113620,8.811000000
2194,44.121949,8.224500000
2195,44.130314,8.039600000
2196,44.138126,7.626200000
2197,44.146208,7.822400000
2198,44.232823,11.741900000
2199,44.243940,10.734100000
2200,44.281318,10.669100000
2201,44.290807,9.197300000
2202,44.300334,9.377200000
2203,44.309562,8.967900000
2204,44.318619,8.831300000
2205,44.328244,9.423400000
2206,44.338132,9.686300000
2207,44.347276,8.837700000
2208,44.437025,15.105600000
2209,44.484727,12.113500000
2210,44.495612,10.456700000
2211,44.505896,10.046300000
2212,44.516203,10.096000000
2213,44.526585,10.141300000
2214,44.536621,9.810700000
2215,44.546717,9.759600000
2216,44.556553,9.600000000
2217,44.566463,9.681900000
2218,44.663080,9.847800000
2219,44.674365,10.888700000
2220,44.710243,11.740900000
2221,44.719233,8.719900000
2222,44.728408,8.958700000
2223,44.736830,8.233000000
2224,44.745217,8.227200000
2225,44.752994,7.682800000
2226,44.761892,8.658800000
2227,44.769732,7.596100000
2228,44.777721,7.842100000
2229,44.785390,7.424600000
2230,44.863857,9.882300000
2231,44.909875,12.749400000
2232,44.919982,9.805100000
2233,44.929298,9.128900000
2234,44.938736,9.229900000
2235,44.948321,9.449100000
2236,44.958160,9.606300000
2237,44.968101,9.668200000
2238,44.978133,9.738000000
2239,44.986922,8.590200000
2240,45.067907,11.376400000
2241,45.078956,10.677800000
2242,45.112027,10.666100000
2243,45.122668,10.379500000
2244,45.133143,10.214300000
2245,45.142894,9.551800000
2246,45.151936,8.878200000
2247,45.160363,8.240900000
2248,45.168603,7.934800000
2249,45.176565,7.665700000
2250,45.253200,9.922400000
2251,45.263524,9.951100000
2252,45.282694,9.562300000
2253,45.294261,11.302600000
2254,45.303492,8.912900000
2255,45.312030,8.276100000
2256,45.320806,8.618400000
2257,45.329090,8.071000000
2258,45.336985,7.704100000
2259,45.420696,11.501500000
2260,45.466024,10.616800000
2261,45.476789,10.467500000
2262,45.487254,10.290600000
2263,45.497587,10.081500000
2264,45.507671,9.804500000
2265,45.516740,8.869500000
2266,45.525211,8.133100000
2267,45.601932,9.921600000
2268,45.613140,10.836000000
2269,45.646707,13.084400000
2270,45.656237,9.172200000
2271,45.665615,9.170300000
2272,45.674343,8.509000000
2273,45.682386,7.865800000
2274,45.690684,8.055900000
2275,45.698822,7.941500000
2276,45.707511,8.501900000
2277,45.795641,10.058600000
2278,45.806545,10.543500000
2279,45.839358,10.011600000
2280,45.849052,9.407900000
2281,45.857914,8.665200000
2282,45.866497,8.354200000
2283,45.875023,8.355800000
2284,45.883165,7.871000000
2285,45.891865,8.499700000
2286,45.979951,12.057400000
2287,45.992191,11.838800000
2288,46.024904,11.448800000
2289,46.035944,10.727100000
2290,46.046672,10.489800000
2291,46.056724,9.821000000
2292,46.066740,9.802700000
2293,46.076876,9.943200000
2294,46.086067,8.904000000
2295,46.169874,11.290600000
2296,46.180813,10.483700000
2297,46.211551,10.099600000
2298,46.221946,10.088400000
2299,46.232376,10.248200000
2300,46.242770,10.185300000
2301,46.252008,9.027200000
2302,46.261363,9.203200000
2303,46.271195,9.658300000
2304,46.281019,9.669100000
2305,46.366311,10.719500000
2306,46.380905,14.270500000
2307,46.411587,10.525200000
2308,46.421806,9.910400000
2309,46.433455,11.492600000
2310,46.445867,12.205500000
2311,46.457965,11.936900000
2312,46.481576,23.412000000
2313,46.490481,8.680400000
2314,46.499954,9.210700000
2315,46.588170,12.732500000
2316,46.631848,10.433100000
2317,46.642397,10.207300000
2318,46.652929,10.134700000
2319,46.663144,9.884200000
2320,46.673286,9.951100000
2321,46.683753,10.245300000
2322,46.693490,9.504400000
2323,46.703392,9.709100000
2324,46.712242,8.648500000
2325,46.720820,8.431700000
2326,46.801019,11.717400000
2327,46.812410,10.942000000
2328,46.850639,13.701800000
2329,46.859941,9.017500000
2330,46.869571,9.429300000
2331,46.879388,9.671200000
2332,46.888889,9.343300000
2333,46.898855,9.784900000
2334,46.907819,8.785700000
2335,46.917190,9.173000000
2336,47.008347,10.287100000
2337,47.020101,11.446500000
2338,47.053238,10.606100000
2339,47.062701,9.189500000
2340,47.071528,8.544500000
2341,47.080052,8.248000000
2342,47.088820,8.503100000
2343,47.097094,8.013900000
2344,47.107184,9.942800000
2345,47.115724,8.236200000
2346,47.124529,8.549400000
2347,47.207244,11.778800000
2348,47.218613,10.958300000
2349,47.256677,12.983500000
2350,47.267443,10.439800000
2351,47.276801,9.103800000
2352,47.285632,8.588800000
2353,47.293764,7.949100000
2354,47.301474,7.516900000
2355,47.309304,7.691800000
2356,47.317114,7.628100000
2357,47.392682,10.302400000
2358,47.403728,10.513400000
2359,47.425643,10.111200000
2360,47.438709,12.736400000
2361,47.447866,8.944000000
2362,47.457285,9.147600000
2363,47.465938,8.412600000
2364,47.474878,8.805300000
2365,47.484448,9.316700000
2366,47.564490,10.365500000
2367,47.576103,11.229400000
2368,47.610065,11.656900000
2369,47.619244,8.851200000
2370,47.628752,9.242600000
2371,47.638522,9.541100000
2372,47.647283,8.524300000
2373,47.655832,8.386500000
2374,47.664630,8.599800000
2375,47.743995,10.864900000
2376,47.755158,10.761600000
2377,47.784564,11.631400000
2378,47.794935,10.102700000
2379,47.804147,9.052400000
2380,47.813625,9.256000000
2381,47.823706,9.759700000
2382,47.833656,9.716800000
2383,47.842461,8.537900000
2384,47.921454,11.314200000
2385,47.932920,11.073000000
2386,47.961430,10.950200000
2387,47.972612,10.948000000
2388,47.982412,9.393700000
2389,47.991524,8.692000000
2390,47.999800,8.063300000
2391,48.008617,8.484700000
2392,48.103721,14.980100000
2393,48.136699,10.077400000
2394,48.145898,8.905000000
2395,48.155685,9.519800000
2396,48.164620,8.706600000
2397,48.172685,7.971600000
2398,48.181060,8.098200000
2399,48.189638,8.365400000
2400,48.198194,8.337500000
2401,48.274600,10.595900000
2402,48.286827,11.895500000
2403,48.314150,11.716300000
2404,48.325178,10.622700000
2405,48.334651,9.203600000
2406,48.344103,9.304600000
2407,48.353768,9.484000000
2408,48.363505,9.491600000
2409,48.373448,9.764300000
2410,48.455470,11.385700000
2411,48.466419,10.572000000
2412,48.492378,10.363200000
2413,48.502585,9.888100000
2414,48.511854,9.077700000
2415,48.521295,9.196600000
2416,48.530946,9.518600000
2417,48.541102,9.854700000
2418,48.551197,9.837300000
2419,48.635682,10.661100000
2420,48.646515,10.416700000
2421,48.674711,11.765100000
2422,48.684669,9.596600000
2423,48.694549,9.659100000
2424,48.703485,8.647800000
2425,48.712671,8.925200000
2426,48.722229,9.282500000
2427,48.730891,8.361800000
2428,48.808406,10.653100000
2429,48.849175,13.685900000
2430,48.858970,9.414300000
2431,48.868444,9.197800000
2432,48.878146,9.397000000
2433,48.887220,8.832000000
2434,48.896331,8.839100000
2435,48.905467,8.859300000
2436,48.914469,8.678800000
2437,48.994985,10.568500000
2438,49.007427,12.047100000
2439,49.021759,14.013600000
2440,49.039080,15.947700000
2441,49.049259,9.808500000
2442,49.058394,8.779500000
2443,49.067977,9.359000000
2444,49.077386,9.165600000
2445,49.086511,8.928600000
2446,49.176505,11.375800000
2447,49.188104,11.195100000
2448,49.215040,10.516600000
2449,49.226198,10.849300000
2450,49.236004,9.517300000
2451,49.245529,9.331400000
2452,49.255478,9.668100000
2453,49.265453,9.667200000
2454,49.274474,8.779300000
2455,49.352634,11.877900000
2456,49.364546,11.487200000
2457,49.395499,11.443100000
2458,49.407080,11.206700000
2459,49.419090,11.518200000
2460,49.429142,9.733600000
2461,49.439192,9.786600000
2462,49.448490,9.090500000
2463,49.457705,8.959100000
2464,49.537730,10.713300000
2465,49.550759,12.676700000
2466,49.581396,13.498700000
2467,49.590915,9.207800000
2468,49.599866,8.777100000
2469,49.608937,8.853200000
2470,49.617443,8.280700000
2471,49.625791,8.118500000
2472,49.634005,8.072600000
2473,49.719427,11.639300000
2474,49.756090,10.741600000
2475,49.766353,9.895500000
2476,49.776593,9.949200000
2477,49.786955,10.147700000
2478,49.796432,9.204700000
2479,49.805058,8.415900000
2480,49.813766,8.468000000
2481,49.822481,8.509900000
2482,49.902499,10.591400000
2483,49.919039,16.131300000
2484,49.940736,11.624800000
2485,49.951169,10.141400000
2486,49.960830,9.409900000
2487,49.969965,8.872600000
2488,49.979920,9.682800000
2489,49.992451,11.948200000
2490,50.002619,9.933200000
2491,50.012625,9.747600000
2492,50.102032,11.311600000
2493,50.113904,11.508700000
2494,50.145858,12.925000000
2495,50.158045,11.895200000
2496,50.169277,10.934900000
2497,50.179326,9.725600000
2498,50.189191,9.721000000
2499,50.198452,9.068300000
2500,50.207911,9.210100000
2501,50.303603,14.874700000
2502,50.338403,10.351800000
2503,50.348183,9.461400000
2504,50.357467,9.007600000
2505,50.366200,8.522300000
2506,50.374505,8.097800000
2507,50.383428,8.698800000
2508,50.391980,8.320900000
2509,50.400188,8.090600000
2510,50.408599,8.106500000
2511,50.488396,11.211500000
2512,50.500085,11.324200000
2513,50.528597,12.309600000
2514,50.539254,10.339800000
2515,50.549114,9.554700000
2516,50.559016,9.688600000
2517,50.569540,10.252100000
2518,50.578747,8.931900000
2519,50.587438,8.474900000
2520,50.596114,8.416300000
2521,50.676482,11.738700000
2522,50.688153,11.251000000
2523,50.718842,15.231400000
2524,50.728807,9.663200000
2525,50.738301,9.299700000
2526,50.748140,9.547100000
2527,50.757837,9.528500000
2528,50.766711,8.625900000
2529,50.775671,8.743000000
2530,50.854696,10.796200000
2531,50.866432,11.309400000
2532,50.896367,10.855200000
2533,50.906676,10.010200000
2534,50.917005,10.117200000
2535,50.928669,11.423000000
2536,50.938522,9.634500000
2537,50.947806,9.031500000
2538,50.956646,8.624600000
2539,51.038816,11.542200000
2540,51.050222,11.043000000
2541,51.084612,11.478700000
2542,51.094640,9.734400000
2543,51.104866,9.932900000
2544,51.114230,9.128400000
2545,51.123216,8.887500000
2546,51.131687,8.323600000
2547,51.140486,8.522400000
2548,51.219975,11.676800000
2549,51.232721,12.421900000
2550,51.262487,12.851500000
2551,51.273872,11.112400000
2552,51.283933,9.903200000
2553,51.294136,9.978900000
2554,51.304502,10.186600000
2555,51.314187,9.419800000
2556,51.322851,8.462100000
2557,51.412842,11.794300000
2558,51.425115,11.887100000
2559,51.436840,11.375100000
2560,51.450642,13.510300000
2561,51.463088,12.163600000
2562,51.474863,11.550800000
2563,51.489959,14.708800000
2564,51.500465,10.202300000
2565,51.511219,10.539700000
2566,51.522877,11.394000000
2567,51.604926,12.085600000
2568,51.616832,11.545100000
2569,51.629552,12.306800000
2570,51.645086,15.198400000
2571,51.655487,10.186800000
2572,51.666113,10.340800000
2573,51.676584,10.270600000
2574,51.686761,9.964100000
2575,51.696496,9.596300000
2576,51.705772,9.084700000
2577,51.786554,11.455600000
2578,51.798335,11.430800000
2579,51.826290,11.057000000
2580,51.836272,9.733500000
2581,51.845551,9.027900000
2582,51.854395,8.675200000
2583,51.863463,8.901400000
2584,51.873332,9.652400000
2585,51.882236,8.683800000
2586,51.965055,14.297100000
2587,51.977376,11.816100000
2588,51.993184,15.475100000
2589,52.007696,14.137400000
2590,52.022168,14.231100000
2591,52.034496,12.147300000
2592,52.059046,24.310100000
2593,52.068101,8.781800000
2594,52.149937,12.029900000
2595,52.163672,13.247700000
2596,52.192182,12.060000000
2597,52.205145,12.422300000
2598,52.217866,12.498600000
2599,52.228960,10.683500000
2600,52.239845,10.547300000
2601,52.250669,10.492900000
2602,52.260206,9.208400000
2603,52.269841,9.339900000
2604,52.352839,11.243200000
2605,52.364043,10.832800000
2606,52.391123,10.346900000
2607,52.400810,9.467200000
2608,52.410925,9.837700000
2609,52.420993,9.927600000
2610,52.429578,8.360000000
2611,52.438893,9.083500000
2612,52.449065,9.946600000
2613,52.459366,9.969100000
2614,52.553530,10.664000000
2615,52.564725,10.839000000
2616,52.593140,11.972700000
2617,52.602916,9.460900000
2618,52.612843,9.687400000
2619,52.621925,8.846500000
2620,52.630401,8.253700000
2621,52.638866,8.265300000
2622,52.647388,8.307600000
2623,52.656137,8.535600000
2624,52.733337,10.201500000
2625,52.745338,11.653300000
2626,52.781300,17.611100000
2627,52.791508,9.867000000
2628,52.801315,9.457500000
2629,52.811099,9.563900000
2630,52.820971,9.696700000
2631,52.831141,9.925700000
2632,52.841299,9.966900000
2633,52.923731,11.786000000
2634,52.935253,11.108000000
2635,52.962199,10.204300000
2636,52.973132,10.702600000
2637,52.983053,9.651300000
2638,52.993136,9.834600000
2639,53.002128,8.845700000
2640,53.011528,9.146500000
2641,53.020012,8.375900000
2642,53.029065,8.842200000
2643,53.108694,11.165600000
2644,53.124694,15.494800000
2645,53.153393,14.401500000
2646,53.164216,10.532900000
2647,53.173844,9.417000000
2648,53.183604,9.585300000
2649,53.192669,8.820400000
2650,53.202035,9.174000000
2651,53.210612,8.480600000
2652,53.291844,10.793800000
2653,53.302899,10.592000000
2654,53.328435,10.468600000
2655,53.339667,10.984300000
2656,53.349631,9.747800000
2657,53.358973,9.166800000
2658,53.368660,9.525600000
2659,53.377816,8.903300000
2660,53.386490,8.422300000
2661,53.466654,12.940300000
2662,53.505110,12.315300000
2663,53.516792,11.273300000
2664,53.526992,9.916200000
2665,53.537359,10.123300000
2666,53.546676,9.095300000
2667,53.555643,8.763900000
2668,53.564091,8.225200000
2669,53.572533,8.229300000
2670,53.662139,12.678800000
2671,53.674567,12.031700000
2672,53.687555,12.063100000
2673,53.708909,16.049100000
2674,53.720414,11.248800000
2675,53.730495,9.799300000
2676,53.739897,9.198100000
2677,53.751093,10.991500000
2678,53.760500,9.292800000
2679,53.841216,10.957800000
2680,53.888805,13.248300000
2681,53.900614,11.481000000
2682,53.911439,10.574200000
2683,53.922066,10.421500000
2684,53.931632,9.405700000
2685,53.940468,8.627400000
2686,53.948936,8.236200000
2687,53.957969,8.802000000
2688,54.041642,14.072400000
2689,54.078826,10.612700000
2690,54.089509,10.448600000
2691,54.100339,10.550900000
2692,54.111031,10.385400000
2693,54.120590,9.352700000
2694,54.130318,9.472900000
2695,54.139135,8.596800000
2696,54.147744,8.409300000
2697,54.156450,8.443200000
2698,54.232479,11.575200000
2699,54.245409,12.380300000
2700,54.274537,12.240900000
2701,54.285515,10.743200000
2702,54.295406,9.569400000
2703,54.304715,9.100200000
2704,54.313756,8.825900000
2705,54.322889,8.890100000
2706,54.333542,10.383300000
2707,54.345341,11.565000000
2708,54.441791,13.511300000
2709,54.455003,12.774000000
2710,54.468201,12.846000000
2711,54.485887,14.744100000
2712,54.495730,9.603300000
2713,54.505124,9.092400000
2714,54.514673,9.398300000
2715,54.523663,8.764200000
2716,54.532596,8.829200000
2717,54.541763,8.935100000
2718,54.625997,13.427500000
2719,54.662576,10.335400000
2720,54.673899,11.069500000
2721,54.683847,9.807900000
2722,54.694391,10.261300000
2723,54.704232,9.562000000
2724,54.713992,9.516600000
2725,54.723056,8.823100000
2726,54.731919,8.648700000
2727,54.740960,8.828400000
2728,54.840153,10.809400000
2729,54.851003,10.530900000
2730,54.880772,10.429200000
2731,54.890775,9.675100000
2732,54.901206,10.097400000
2733,54.912762,11.257700000
2734,54.922877,9.773200000
2735,54.932787,9.620200000
2736,54.942876,9.805900000
2737,54.953044,9.896700000
2738,55.034048,10.703600000
2739,55.045555,11.178200000
2740,55.077013,11.124300000
2741,55.087072,9.719000000
2742,55.097238,9.993700000
2743,55.106705,9.252500000
2744,55.115753,8.828400000
2745,55.125033,9.082200000
2746,55.133769,8.514100000
2747,55.142766,8.773700000
2748,55.227520,13.948800000
2749,55.270466,11.040500000
2750,55.281900,11.182700000
2751,55.292076,9.942300000
2752,55.301752,9.437700000
2753,55.311956,9.954900000
2754,55.321097,8.908100000
2755,55.329757,8.414000000
2756,55.338330,8.391200000
2757,55.346794,8.257200000
2758,55.425157,11.093600000
2759,55.436866,11.349800000
2760,55.471539,12.777700000
2761,55.481613,9.791700000
2762,55.491638,9.807400000
2763,55.501932,10.084900000
2764,55.510963,8.848000000
2765,55.520583,9.422600000
2766,55.530956,10.133300000
2767,55.541837,10.609800000
2768,55.630378,12.046500000
2769,55.678151,13.472500000
2770,55.688924,10.417500000
2771,55.698619,9.444600000
2772,55.707812,8.983400000
2773,55.717077,9.142700000
2774,55.725632,8.374700000
2775,55.734377,8.658300000
2776,55.742610,8.088200000
2777,55.751079,8.240800000
2778,55.840026,10.775800000
2779,55.851079,10.686800000
2780,55.884385,12.252200000
2781,55.895317,10.675500000
2782,55.905062,9.534300000
2783,55.914248,8.916700000
2784,55.922993,8.520300000
2785,55.931617,8.433000000
2786,55.940162,8.309700000
2787,55.948783,8.418200000
2788,56.036835,17.498700000
2789,56.071963,10.463600000
2790,56.082250,9.970800000
2791,56.091802,9.278600000
2792,56.101527,9.444600000
2793,56.110568,8.835300000
2794,56.119452,8.665900000
2795,56.128564,8.889100000
2796,56.137621,8.837700000
2797,56.146675,8.831500000
2798,56.224253,10.790600000
2799,56.235688,11.087400000
2800,56.269657,10.508400000
2801,56.279416,9.502200000
2802,56.288610,8.891000000
2803,56.298070,9.177700000
2804,56.307122,8.874200000
2805,56.315703,8.287700000
2806,56.324215,8.237600000
2807,56.332720,8.223700000
2808,56.414227,13.468200000
2809,56.425601,10.867900000
2810,56.440414,11.253300000
2811,56.454476,13.780600000
2812,56.465621,10.928500000
2813,56.475808,9.938900000
2814,56.485826,9.839500000
2815,56.495026,8.998000000
2816,56.503737,8.509300000
2817,56.584021,11.229400000
2818,56.623573,11.390200000
2819,56.635456,11.494900000
2820,56.646595,10.838700000
2821,56.656507,9.692700000
2822,56.665708,8.973200000
2823,56.674507,8.594300000
2824,56.683156,8.458300000
2825,56.691920,8.547600000
2826,56.773122,11.022000000
2827,56.784577,11.079600000
2828,56.815768,12.334200000
2829,56.825856,9.801900000
2830,56.835229,9.168800000
2831,56.844326,8.931000000
2832,56.853715,9.290100000
2833,56.862317,8.329900000
2834,56.871244,8.727900000
2835,56.960553,10.605400000
2836,56.972176,10.782400000
2837,56.983875,11.216000000
2838,57.006990,14.679800000
2839,57.019966,12.485300000
2840,57.031959,11.765600000
2841,57.044388,12.142700000
2842,57.055796,11.151000000
2843,57.067643,11.613200000
2844,57.157556,12.847600000
2845,57.204228,19.605000000
2846,57.215701,11.136100000
2847,57.226781,10.867600000
2848,57.237639,10.580600000
2849,57.249493,11.644400000
2850,57.260721,10.956500000
2851,57.271606,10.518000000
2852,57.282069,10.177200000
2853,57.292667,10.286000000
2854,57.378352,12.526000000
2855,57.422459,13.190900000
2856,57.432834,10.135900000
2857,57.443172,10.103200000
2858,57.453531,10.161600000
2859,57.462861,9.126700000
2860,57.471697,8.594100000
2861,57.480347,8.400100000
2862,57.488442,7.966200000
2863,57.497243,8.543800000
2864,57.505742,8.223500000
2865,57.583124,10.302100000
2866,57.620250,36.585800000
2867,57.634683,14.056000000
2868,57.647410,12.429000000
2869,57.658868,11.353000000
2870,57.670945,11.978600000
2871,57.683258,12.183200000
2872,57.695027,11.540200000
2873,57.706230,10.900800000
2874,57.717039,10.554700000
2875,57.728327,11.023000000
2876,57.816803,15.342800000
2877,57.860920,14.005500000
2878,57.873882,12.592900000
2879,57.885750,11.570900000
2880,57.897944,11.974500000
2881,57.908538,10.367800000
2882,57.919737,10.987400000
2883,57.930889,10.892800000
2884,57.941769,10.664000000
2885,57.952602,10.613400000
2886,57.963164,10.295700000
2887,58.068311,14.783700000
2888,58.109895,14.595700000
2889,58.122835,12.644200000
2890,58.134956,11.833800000
2891,58.146710,11.568600000
2892,58.158311,11.288100000
2893,58.169468,10.923300000
2894,58.179971,10.260900000
2895,58.191263,11.055000000
2896,58.202783,11.291200000
2897,58.214515,11.532400000
2898,58.225748,10.913300000
2899,58.236742,10.787200000
2900,58.325428,15.966300000
2901,58.370992,15.936700000
2902,58.385244,13.894500000
2903,58.399340,13.769800000
2904,58.413985,14.358300000
2905,58.429308,14.935400000
2906,58.442081,12.581800000
2907,58.453141,10.827100000
2908,58.464000,10.675100000
2909,58.475192,10.953500000
2910,58.485751,10.325500000
2911,58.496180,10.225500000
2912,58.581428,14.647600000
2913,58.625165,14.701000000
2914,58.638817,13.335100000
2915,58.650693,11.641100000
2916,58.661880,10.994900000
2917,58.673017,10.897700000
2918,58.685292,12.047000000
2919,58.696727,11.198200000
2920,58.708160,11.219100000
2921,58.718735,10.376000000
2922,58.729338,10.378900000
2923,58.739858,10.292300000
2924,58.750644,10.402500000
2925,58.835590,14.438200000
2926,58.882811,14.492800000
2927,58.896520,13.336400000
2928,58.908873,12.016200000
2929,58.920210,11.102400000
2930,58.931789,11.396600000
2931,58.942945,10.977000000
2932,58.953144,9.968600000
2933,58.964856,11.486600000
2934,58.975885,10.802700000
2935,58.986673,10.458900000
2936,58.998978,12.024700000
2937,59.009586,10.342100000
2938,59.137290,30.329000000
2939,59.166118,10.162500000
2940,59.177108,10.727800000
2941,59.187029,9.644600000
2942,59.196172,8.929400000
2943,59.204633,8.255900000
2944,59.212758,7.922700000
2945,59.221500,8.556200000
2946,59.229757,8.048900000
2947,59.238274,8.305300000
2948,59.246202,7.731900000
2949,59.254467,7.971100000
2950,59.262496,7.805100000
2951,59.270942,8.180500000
2952,59.348907,11.658800000
2953,59.361055,11.803500000
2954,59.392344,10.100100000
2955,59.401860,9.211800000
2956,59.410920,8.822100000
2957,59.419870,8.723700000
2958,59.428047,7.975700000
2959,59.436510,8.314700000
2960,59.444841,8.205800000
2961,59.454776,9.613100000
2962,59.464151,9.119500000
2963,59.472829,8.458500000
2964,59.551970,10.924600000
2965,59.563428,10.962600000
2966,59.599578,11.514400000
2967,59.610344,10.436900000
2968,59.619839,9.344300000
2969,59.629399,9.328600000
2970,59.639476,9.862700000
2971,59.649697,9.978200000
2972,59.660454,10.570100000
2973,59.670618,9.826000000
2974,59.751513,12.035800000
2975,59.763323,11.450900000
2976,59.780207,11.094500000
2977,59.792474,11.948700000
2978,59.802515,9.744400000
2979,59.811733,8.987100000
2980,59.820927,8.864800000
2981,59.829234,8.113300000
2982,59.837563,8.140600000
2983,59.845849,8.050400000
2984,59.927376,11.192800000
2985,59.938869,10.914000000
2986,59.971378,10.732000000
2987,59.982374,10.680000000
2988,59.993123,10.417100000
2989,60.003661,10.295000000
2990,60.013014,9.121300000
2991,60.021707,8.490700000
2992,60.030277,8.355500000
2993,60.120266,10.353900000
2994,60.165713,11.011500000
2995,60.176428,10.427100000
2996,60.185923,9.308500000
2997,60.194823,8.652600000
2998,60.203546,8.524800000
2999,60.212451,8.711500000
3000,60.221549,8.883100000
3001,60.229797,8.005000000
3002,60.306554,10.279800000
3003,60.317851,10.962600000
3004,60.335789,10.214000000
3005,60.348723,12.579500000
3006,60.358721,9.663400000
3007,60.368144,9.233900000
3008,60.376942,8.583900000
3009,60.385120,7.988300000
3010,60.393182,7.882000000
3011,60.401144,7.839900000
3012,60.481316,11.236600000
3013,60.494227,12.468100000
3014,60.533344,14.690700000
3015,60.543533,9.772300000
3016,60.553591,9.723200000
3017,60.563787,9.909400000
3018,60.573809,9.698200000
3019,60.583855,9.732400000
3020,60.663699,10.753400000
3021,60.676382,12.298000000
3022,60.709573,11.216000000
3023,60.719415,9.550900000
3024,60.728445,8.755000000
3025,60.737763,9.059500000
3026,60.747777,9.793900000
3027,60.757840,9.764000000
3028,60.768040,9.963100000
3029,60.777072,8.778700000
3030,60.862815,10.641700000
3031,60.873887,10.764500000
3032,60.890584,11.097900000
3033,60.904680,13.712000000
3034,60.915364,10.461200000
3035,60.925105,9.505300000
3036,60.934848,9.589200000
3037,60.944900,9.790300000
3038,60.954969,9.810600000
3039,60.963989,8.727600000
3040,61.046451,13.506300000
3041,61.062491,10.599000000
3042,61.077193,14.384500000
3043,61.088466,10.688600000
3044,61.099462,10.731600000
3045,61.109402,9.584500000
3046,61.120179,10.477200000
3047,61.132694,12.132900000
3048,61.142027,9.092300000
3049,61.247165,11.140900000
3050,61.286619,10.445900000
3051,61.296169,9.232700000
3052,61.305170,8.774300000
3053,61.314691,9.265900000
3054,61.323554,8.669300000
3055,61.332018,8.294300000
3056,61.340327,8.053200000
3057,61.348535,8.006800000
3058,61.356869,8.121200000
3059,61.432411,10.985000000
3060,61.443692,10.982400000
3061,61.471836,12.241500000
3062,61.483861,11.661400000
3063,61.493893,9.742300000
3064,61.503094,8.984700000
3065,61.511699,8.405600000
3066,61.520233,8.356700000
3067,61.528814,8.378400000
3068,61.607115,11.297200000
3069,61.618724,11.090500000
3070,61.650763,12.223600000
3071,61.660515,9.431500000
3072,61.669827,9.055100000
3073,61.678911,8.881300000
3074,61.687428,8.328000000
3075,61.696074,8.446800000
3076,61.705153,8.862100000
3077,61.782309,10.642700000
3078,61.793106,10.465100000
3079,61.826047,12.210000000
3080,61.836298,9.868100000
3081,61.845669,9.156000000
3082,61.854566,8.701600000
3083,61.863168,8.465100000
3084,61.871875,8.486700000
3085,61.880653,8.573900000
3086,61.958642,10.555200000
3087,61.969949,10.812500000
3088,62.000593,12.284000000
3089,62.010498,9.542600000
3090,62.020002,9.132000000
3091,62.029607,9.305400000
3092,62.038353,8.516400000
3093,62.046751,8.192500000
3094,62.128443,13.392700000
3095,62.162620,11.015600000
3096,62.172765,9.846900000
3097,62.182243,9.283700000
3098,62.191712,9.296800000
3099,62.200086,8.206900000
3100,62.208576,8.276000000
3101,62.217402,8.655600000
3102,62.226033,8.445700000
3103,62.316299,10.612600000
3104,62.328403,11.761800000
3105,62.357053,12.184700000
3106,62.368223,10.786800000
3107,62.379204,10.686200000
3108,62.389626,10.190000000
3109,62.398861,8.978300000
3110,62.407814,8.661100000
3111,62.416772,8.694900000
3112,62.494907,10.334000000
3113,62.505796,10.487000000
3114,62.532764,12.467300000
3115,62.544330,11.217500000
3116,62.554396,9.844700000
3117,62.564008,9.360900000
3118,62.573805,9.526300000
3119,62.583757,9.692000000
3120,62.593556,9.604900000
3121,62.683716,11.723900000
3122,62.696232,12.148800000
3123,62.724736,12.589700000
3124,62.736008,10.835800000
3125,62.746619,10.390800000
3126,62.755918,9.150300000
3127,62.765132,9.009000000
3128,62.773994,8.569700000
3129,62.782190,8.104700000
3130,62.791149,8.720800000
3131,62.867629,10.896400000
3132,62.880159,12.170900000
3133,62.905271,10.929000000
3134,62.915774,10.201700000
3135,62.926133,10.115800000
3136,62.935816,9.467300000
3137,62.945423,9.367200000
3138,62.954546,8.920700000
3139,62.963203,8.455900000
3140,63.041296,10.353500000
3141,63.053403,11.765900000
3142,63.080469,10.657800000
3143,63.091648,10.897000000
3144,63.102818,10.902000000
3145,63.113209,10.181000000
3146,63.123838,10.343500000
3147,63.134233,10.161000000
3148,63.144091,9.709000000
3149,63.228869,10.584700000
3150,63.245893,16.179700000
3151,63.269234,12.041600000
3152,63.280124,10.590700000
3153,63.290091,9.642000000
3154,63.300422,10.168100000
3155,63.309622,9.039700000
3156,63.318412,8.686000000
3157,63.327376,8.630100000
3158,63.418626,10.011000000
3159,63.429116,10.113800000
3160,63.455838,10.728200000
3161,63.467501,11.290300000
3162,63.477027,9.342300000
3163,63.486295,9.004200000
3164,63.494744,8.308500000
3165,63.503560,8.612000000
3166,63.512091,8.373100000
3167,63.600193,12.974500000
3168,63.612750,12.113400000
3169,63.640180,15.118100000
3170,63.650380,9.811300000
3171,63.659866,9.250900000
3172,63.669575,9.424000000
3173,63.679872,10.040800000
3174,63.688870,8.886500000
3175,63.698608,9.396600000
3176,63.778704,10.333700000
3177,63.789350,10.240900000
3178,63.815791,11.244900000
3179,63.827586,11.426800000
3180,63.837798,10.017700000
3181,63.846937,9.028400000
3182,63.856438,9.300600000
3183,63.865013,8.328600000
3184,63.873757,8.517600000
3185,63.959280,11.684000000
3186,63.972441,12.746200000
3187,63.985393,11.644800000
3188,64.002276,12.210800000
3189,64.013875,11.273900000
3190,64.024554,10.451600000
3191,64.033789,9.127100000
3192,64.042838,8.964200000
3193,64.051850,8.926600000
3194,64.130524,10.546500000
3195,64.142478,11.570200000
3196,64.174478,10.867400000
3197,64.185798,11.084400000
3198,64.195674,9.614300000
3199,64.204666,8.804700000
3200,64.213912,9.073200000
3201,64.222714,8.594900000
3202,64.231153,8.260100000
3203,64.307530,11.179500000
3204,64.345512,11.413200000
3205,64.355887,10.033100000
3206,64.366242,10.150300000
3207,64.375607,9.154300000
3208,64.385286,9.494100000
3209,64.394019,8.502400000
3210,64.402366,8.141400000
3211,64.413560,11.004800000
3212,64.513113,15.010000000
3213,64.566305,28.040000000
3214,64.576607,9.804100000
3215,64.585913,9.019500000
3216,64.594315,8.225500000
3217,64.602758,8.236100000
3218,64.610760,7.793700000
3219,64.619175,8.242800000
3220,64.627804,8.274100000
3221,64.636348,8.364900000
3222,64.714388,10.807800000
3223,64.755374,11.655900000
3224,64.765986,9.593400000
3225,64.775514,9.349800000
3226,64.784504,8.795500000
3227,64.793535,8.844900000
3228,64.802637,8.903800000
3229,64.811779,8.951500000
3230,64.820491,8.472900000
3231,64.829332,8.625300000
3232,64.910189,11.427000000
3233,64.951783,10.875900000
3234,64.961885,9.750900000
3235,64.971224,9.092500000
3236,64.980236,8.816600000
3237,64.989241,8.804200000
3238,64.997818,8.356800000
3239,65.006294,8.271500000
3240,65.015076,8.583800000
3241,65.024617,9.312100000
3242,65.101683,10.115800000
3243,65.112350,10.340200000
3244,65.153701,14.404300000
3245,65.165930,11.880300000
3246,65.177257,11.071800000
3247,65.187016,9.616400000
3248,65.196702,9.451200000
3249,65.206097,9.162000000
3250,65.215918,9.673000000
3251,65.226095,9.923800000
3252,65.313014,10.930300000
3253,65.356826,13.928100000
3254,65.368004,10.946000000
3255,65.378990,10.783800000
3256,65.388662,9.419500000
3257,65.397705,8.806100000
3258,65.406889,9.005400000
3259,65.416695,9.597600000
3260,65.425788,8.829800000
3261,65.434158,8.088800000
3262,65.528824,15.930300000
3263,65.566017,11.053200000
3264,65.575874,9.495400000
3265,65.585991,9.918700000
3266,65.596120,9.920600000
3267,65.605262,8.912000000
3268,65.614719,9.194000000
3269,65.624638,9.630700000
3270,65.633471,8.636900000
3271,65.641925,8.190900000
3272,65.650008,7.958400000
3273,65.726869,9.923800000
3274,65.737668,10.415200000
3275,65.768952,11.621500000
3276,65.779533,10.307000000
3277,65.789015,9.270100000
3278,65.798112,8.900600000
3279,65.806587,8.265100000
3280,65.814836,7.986500000
3281,65.823391,8.360700000
3282,65.831751,8.159800000
3283,65.912050,13.340800000
3284,65.924171,11.769400000
3285,65.953179,11.220500000
3286,65.963788,10.355700000
3287,65.973467,9.485300000
3288,65.983286,9.616200000
3289,65.993564,9.971800000
3290,66.003752,9.969700000
3291,66.013934,9.961600000
3292,66.098181,14.014900000
3293,66.138558,10.706300000
3294,66.149524,10.651500000
3295,66.160526,10.699800000
3296,66.171434,10.538300000
3297,66.181980,10.419700000
3298,66.192174,9.958900000
3299,66.201006,8.713100000
3300,66.210663,9.364900000
3301,66.292772,11.536800000
3302,66.304301,11.129000000
3303,66.333279,11.213200000
3304,66.344755,11.228300000
3305,66.354692,9.781000000
3306,66.365316,10.398700000
3307,66.375801,10.238700000
3308,66.385052,8.922100000
3309,66.394735,9.457800000
3310,66.405017,10.070700000
3311,66.485570,9.984700000
3312,66.496635,10.712900000
3313,66.528361,10.972900000
3314,66.539149,10.564300000
3315,66.550066,10.706600000
3316,66.560950,10.667200000
3317,66.571728,10.587300000
3318,66.581930,9.995700000
3319,66.591489,9.378000000
3320,66.601535,9.858700000
3321,66.697941,11.768200000
3322,66.741415,11.817900000
3323,66.752001,10.166900000
3324,66.762437,10.189100000
3325,66.774066,11.347800000
3326,66.787012,12.638400000
3327,66.799331,11.977000000
3328,66.811860,12.222900000
3329,66.824104,12.042900000
3330,66.835688,11.183400000
3331,66.920131,10.988600000
3332,66.931905,11.454400000
3333,66.962498,10.348200000
3334,66.973226,10.485300000
3335,66.982492,9.051100000
3336,66.992717,10.105400000
3337,67.001727,8.838900000
3338,67.011237,9.335900000
3339,67.020045,8.701500000
3340,67.029379,9.018900000
3341,67.039224,9.590200000
3342,67.123411,12.249400000
3343,67.134680,10.933500000
3344,67.167824,12.744500000
3345,67.178099,9.928800000
3346,67.188871,10.581800000
3347,67.197763,8.673600000
3348,67.206418,8.406500000
3349,67.214531,7.992100000
3350,67.223337,8.540300000
3351,67.231448,7.870900000
3352,67.239445,7.812600000
3353,67.318968,12.258200000
3354,67.329570,10.225900000
3355,67.358839,11.379800000
3356,67.369904,10.704300000
3357,67.379649,9.522800000
3358,67.388665,8.799200000
3359,67.397615,8.763000000
3360,67.406916,9.112700000
3361,67.415669,8.561800000
3362,67.492532,10.446900000
3363,67.504532,11.548300000
3364,67.535839,10.965800000
3365,67.546964,10.852400000
3366,67.557721,10.548300000
3367,67.568368,10.344700000
3368,67.577815,9.163100000
3369,67.587452,9.428500000
3370,67.596288,8.598900000
3371,67.685520,10.297200000
3372,67.698150,12.224500000
3373,67.729339,11.300900000
3374,67.739634,9.991100000
3375,67.749022,9.161200000
3376,67.758643,9.479300000
3377,67.767509,8.716200000
3378,67.775922,8.222600000
3379,67.784089,7.959900000
3380,67.792002,7.675800000
3381,67.869672,10.820400000
3382,67.917615,12.682400000
3383,67.927114,9.133400000
3384,67.936119,8.710400000
3385,67.944827,8.429400000
3386,67.953682,8.636900000
3387,67.962014,8.122200000
3388,67.970811,8.546100000
3389,67.979109,8.079600000
3390,68.056240,10.714000000
3391,68.067046,9.924600000
3392,68.097579,9.937200000
3393,68.107166,9.302300000
3394,68.117013,9.660800000
3395,68.126049,8.889000000
3396,68.134785,8.459600000
3397,68.143509,8.494500000
3398,68.152205,8.474400000
3399,68.235900,11.536000000
3400,68.248140,11.777300000
3401,68.281024,13.556300000
3402,68.292884,11.413800000
3403,68.303946,10.803200000
3404,68.313856,9.661800000
3405,68.323255,9.184000000
3406,68.332672,9.211700000
3407,68.342162,9.279900000
3408,68.421471,10.987300000
3409,68.432154,10.334500000
3410,68.463332,12.137300000
3411,68.474149,10.579800000
3412,68.483997,9.581900000
3413,68.493051,8.791600000
3414,68.502383,9.042100000
3415,68.511808,9.093900000
3416,68.520828,8.684300000
3417,68.606653,13.405200000
3418,68.619538,12.314900000
3419,68.645877,11.573300000
3420,68.656897,10.653000000
3421,68.667132,9.937000000
3422,68.677270,9.850100000
3423,68.687533,9.966400000
3424,68.697800,9.945000000
3425,68.708222,10.136600000
3426,68.718985,10.487200000
3427,68.814008,10.799300000
3428,68.825948,11.587800000
3429,68.854377,11.417400000
3430,68.865000,10.260400000
3431,68.875155,9.899600000
3432,68.885321,9.919600000
3433,68.897699,12.066000000
3434,68.907375,9.435300000
3435,68.917302,9.693400000
3436,68.926250,8.817400000
3437,69.008946,10.186400000
3438,69.019488,10.227000000
3439,69.048211,9.966000000
3440,69.058063,9.563500000
3441,69.067926,9.702500000
3442,69.076988,8.925200000
3443,69.085540,8.407400000
3444,69.094635,8.956300000
3445,69.103090,8.206200000
3446,69.111436,8.137100000
3447,69.192682,11.608000000
3448,69.205679,12.566400000
3449,69.234123,10.158800000
3450,69.244072,9.635200000
3451,69.254337,10.084200000
3452,69.264714,10.163400000
3453,69.274014,9.099600000
3454,69.282706,8.588000000
3455,69.291208,8.277300000
3456,69.372148,11.048100000
3457,69.384053,11.521100000
3458,69.412665,11.622200000
3459,69.423206,10.171900000
3460,69.433343,9.961200000
3461,69.442719,9.121600000
3462,69.451424,8.523900000
3463,69.460454,8.777100000
3464,69.471170,10.532600000
3465,69.558147,12.220000000
3466,69.569459,10.959000000
3467,69.601485,10.867400000
3468,69.614500,12.724000000
3469,69.625969,11.228700000
3470,69.635955,9.711600000
3471,69.645061,8.878100000
3472,69.653712,8.408000000
3473,69.662021,8.094800000
3474,69.741010,10.331900000
3475,69.752313,10.972800000
3476,69.781054,11.190000000
3477,69.792247,10.870800000
3478,69.801950,9.500800000
3479,69.811414,9.176800000
3480,69.820560,8.890000000
3481,69.829099,8.329100000
3482,69.837113,7.781600000
3483,69.926313,11.054200000
3484,69.938595,11.850500000
3485,69.971965,14.907000000
3486,69.983336,10.938900000
3487,69.994493,10.933300000
3488,70.006628,12.014700000
3489,70.018024,11.200400000
3490,70.029146,10.851700000
3491,70.048899,19.496800000
3492,70.057168,7.809100000
3493,70.134629,10.132300000
3494,70.146767,11.758900000
3495,70.180095,15.798300000
3496,70.189912,9.517300000
3497,70.198895,8.771100000
3498,70.207401,8.295400000
3499,70.215595,7.990300000
3500,70.223538,7.741300000
3501,70.231538,7.775700000
3502,70.239389,7.711600000
3503,70.319513,10.306800000
3504,70.330708,10.752900000
3505,70.363442,10.680200000
3506,70.374644,10.912000000
3507,70.384613,9.695200000
3508,70.393759,8.903800000
3509,70.402736,8.733900000
3510,70.410903,7.966900000
3511,70.419369,8.317800000
3512,70.499458,12.555700000
3513,70.541668,10.014300000
3514,70.551749,9.750200000
3515,70.562059,10.094600000
3516,70.572264,9.995800000
3517,70.581671,9.179800000
3518,70.590303,8.524400000
3519,70.599173,8.682700000
3520,70.607580,8.205900000
3521,70.690011,12.495400000
3522,70.728484,12.416200000
3523,70.738400,9.615900000
3524,70.747705,9.016500000
3525,70.756860,8.878800000
3526,70.765112,8.044200000
3527,70.773483,8.157300000
3528,70.781848,8.156400000
3529,70.789933,7.854600000
3530,70.797647,7.542300000
3531,70.875546,10.751500000
3532,70.886873,11.029300000
3533,70.917668,9.980600000
3534,70.927348,9.400800000
3535,70.936757,9.165400000
3536,70.945683,8.728600000
3537,70.954093,8.187000000
3538,70.962939,8.617500000
3539,70.971388,8.244600000
3540,71.063606,12.207000000
3541,71.075516,11.555700000
3542,71.102877,9.984900000
3543,71.113086,9.807600000
3544,71.122351,9.024100000
3545,71.131178,8.585400000
3546,71.139857,8.442800000
3547,71.148648,8.557000000
3548,71.156783,7.907300000
3549,71.164653,7.704200000
3550,71.243773,10.872600000
3551,71.254445,10.342300000
3552,71.288473,13.235500000
3553,71.299100,10.196300000
3554,71.309438,10.095100000
3555,71.320412,10.662000000
3556,71.330879,10.221200000
3557,71.340412,9.287900000
3558,71.349902,9.284000000
3559,71.439278,11.400500000
3560,71.451113,11.457300000
3561,71.479752,10.753600000
3562,71.491282,11.202300000
3563,71.501548,10.025100000
3564,71.511392,9.579000000
3565,71.521272,9.734100000
3566,71.531445,9.910300000
3567,71.540785,9.025400000
3568,71.618460,11.169200000
3569,71.630729,11.921900000
3570,71.656483,10.689800000
3571,71.667107,10.328800000
3572,71.676886,9.554500000
3573,71.686734,9.601300000
3574,71.696599,9.676300000
3575,71.706352,9.421800000
3576,71.716146,9.566600000
3577,71.803907,11.375800000
3578,71.815715,11.481500000
3579,71.842880,12.198100000
3580,71.853388,10.227100000
3581,71.863935,10.313400000
3582,71.873183,9.094700000
3583,71.882954,9.558900000
3584,71.892952,9.838900000
3585,71.903245,10.101400000
3586,71.913521,10.084900000
3587,71.999737,10.949700000
3588,72.012773,12.672400000
3589,72.039578,10.683400000
3590,72.050227,10.239900000
3591,72.059671,9.176100000
3592,72.069571,9.747500000
3593,72.079692,9.885300000
3594,72.090013,10.172600000
3595,72.099345,9.128000000
3596,72.191044,11.260400000
3597,72.203397,11.975500000
3598,72.231595,11.463800000
3599,72.242688,10.787700000
3600,72.253575,10.680300000
3601,72.262981,9.254900000
3602,72.273683,10.521800000
3603,72.282609,8.803900000
3604,72.291761,8.939600000
3605,72.301266,9.214100000
3606,72.390423,13.498400000
3607,72.404360,13.529400000
3608,72.435591,18.648400000
3609,72.447648,11.727200000
3610,72.458781,10.828200000
3611,72.468396,9.462000000
3612,72.478333,9.733400000
3613,72.487738,9.222800000
3614,72.497293,9.350500000
3615,72.507563,10.016800000
3616,72.591585,11.224900000
3617,72.604441,12.473800000
3618,72.633652,12.109100000
3619,72.644396,10.405800000
3620,72.654179,9.580200000
3621,72.663758,9.448000000
3622,72.673583,9.584100000
3623,72.683091,9.315700000
3624,72.692638,9.356600000
3625,72.701590,8.768700000
3626,72.778918,11.233900000
3627,72.790190,10.994300000
3628,72.815292,12.642200000
3629,72.825662,10.091300000
3630,72.836413,10.465700000
3631,72.846116,9.444000000
3632,72.855119,8.784300000
3633,72.864570,9.240500000
3634,72.873617,8.853300000
3635,72.951579,10.368900000
3636,72.962407,10.524500000
3637,72.990760,10.493700000
3638,73.002346,11.251600000
3639,73.012827,10.252400000
3640,73.022412,9.295200000
3641,73.032274,9.572900000
3642,73.041183,8.810500000
3643,73.050616,9.246300000
3644,73.130589,11.216900000
3645,73.142678,11.745600000
3646,73.172722,10.081500000
3647,73.182744,9.736500000
3648,73.192865,9.917200000
3649,73.202137,9.021600000
3650,73.210937,8.659400000
3651,73.219624,8.462100000
3652,73.228484,8.670100000
3653,73.320504,11.240300000
3654,73.331731,10.852200000
3655,73.361667,10.758200000
3656,73.371902,9.907200000
3657,73.382157,10.096700000
3658,73.391563,9.282500000
3659,73.400485,8.591300000
3660,73.409661,8.943400000
3661,73.419391,9.479100000
3662,73.502229,11.267000000
3663,73.513966,11.376600000
3664,73.546084,11.552200000
3665,73.556895,10.563200000
3666,73.566414,9.349900000
3667,73.576369,9.620900000
3668,73.586322,9.807600000
3669,73.596663,10.048200000
3670,73.606902,10.022500000
3671,73.617471,10.226600000
3672,73.698567,11.207200000
3673,73.710070,11.173000000
3674,73.744898,14.220400000
3675,73.756700,11.476000000
3676,73.767720,10.732600000
3677,73.777082,9.144800000
3678,73.786956,9.712400000
3679,73.796538,9.434700000
3680,73.806478,9.636400000
3681,73.891163,10.889600000
3682,73.930130,10.820900000
3683,73.940891,10.447400000
3684,73.952675,11.493700000
3685,73.964652,11.654500000
3686,73.974599,9.779800000
3687,73.984669,9.822700000
3688,73.993980,8.964300000
3689,74.002755,8.531600000
3690,74.011503,8.527600000
3691,74.103896,15.463100000
3692,74.116138,11.902800000
3693,74.139134,11.528800000
3694,74.150053,10.536300000
3695,74.160158,9.815100000
3696,74.170587,10.102800000
3697,74.181040,10.186100000
3698,74.191347,10.162200000
3699,74.201838,10.185400000
3700,74.213120,11.055000000
3701,74.294636,10.808400000
3702,74.337007,10.827800000
3703,74.347856,10.449500000
3704,74.358617,10.477800000
3705,74.368476,9.571300000
3706,74.378321,9.486700000
3707,74.387199,8.656600000
3708,74.395921,8.447600000
3709,74.404470,8.266500000
3710,74.412896,8.150400000
3711,74.505588,12.188400000
3712,74.519097,13.157600000
3713,74.546790,13.673100000
3714,74.557620,10.475600000
3715,74.567724,9.791900000
3716,74.577879,9.931500000
3717,74.588245,10.085600000
3718,74.598782,10.233300000
3719,74.609549,10.466300000
3720,74.620321,10.441400000
3721,74.630660,10.143600000
3722,74.711657,10.417100000
3723,74.722721,10.719400000
3724,74.751826,10.371100000
3725,74.761893,9.782600000
3726,74.772102,10.048400000
3727,74.781337,9.119900000
3728,74.791056,9.364000000
3729,74.799865,8.615200000
3730,74.808405,8.333700000
3731,74.817006,8.337300000
3732,74.899305,10.834200000
3733,74.911440,11.797600000
3734,74.940530,11.601500000
3735,74.952306,11.475200000
3736,74.962226,9.676700000
3737,74.971750,9.332700000
3738,74.980479,8.628500000
3739,74.989717,9.053800000
3740,74.998121,8.214900000
3741,75.076479,10.726400000
3742,75.087485,10.592500000
3743,75.117571,13.138400000
3744,75.128602,10.727100000
3745,75.139893,11.025400000
3746,75.151903,11.754900000
3747,75.164115,11.905100000
3748,75.175381,10.973600000
3749,75.186195,10.572100000
3750,75.274463,12.987100000
3751,75.292289,17.231000000
3752,75.312242,11.441100000
3753,75.322549,10.001900000
3754,75.332377,9.608800000
3755,75.342576,10.008600000
3756,75.351716,8.927700000
3757,75.360533,8.635200000
3758,75.369688,8.932800000
3759,75.378349,8.457100000
3760,75.455922,11.281900000
3761,75.467413,11.131400000
3762,75.498554,10.498400000
3763,75.508399,9.532200000
3764,75.517525,8.928800000
3765,75.527047,9.296400000
3766,75.538896,11.584300000
3767,75.548538,9.446100000
3768,75.559571,10.766400000
3769,75.672229,11.126900000
3770,75.685578,12.995900000
3771,75.709084,12.660100000
3772,75.720568,11.085600000
3773,75.730565,9.806400000
3774,75.739927,9.088100000
3775,75.749456,9.361800000
3776,75.758844,9.206900000
3777,75.767370,8.342900000
3778,75.775496,7.961200000
3779,75.783791,8.094000000
3780,75.862225,11.360100000
3781,75.873957,11.374200000
3782,75.902067,10.758300000
3783,75.913899,11.490200000
3784,75.924693,10.550500000
3785,75.934853,9.783700000
3786,75.944997,9.927800000
3787,75.955699,10.416700000
3788,75.966666,10.687200000
3789,76.049525,11.784600000
3790,76.062738,12.858500000
3791,76.086767,12.244700000
3792,76.098500,11.335600000
3793,76.108214,9.473400000
3794,76.117521,9.028700000
3795,76.127016,9.242900000
3796,76.136027,8.727700000
3797,76.145138,8.848700000
3798,76.153948,8.492400000
3799,76.232968,10.959500000
3800,76.244537,11.160600000
3801,76.273942,11.153800000
3802,76.285688,11.427500000
3803,76.295845,9.970000000
3804,76.305315,9.207900000
3805,76.314993,9.464800000
3806,76.324184,9.007000000
3807,76.333083,8.667600000
3808,76.410677,10.540200000
3809,76.421974,10.959700000
3810,76.452435,11.442000000
3811,76.463384,10.648000000
3812,76.474255,10.696400000
3813,76.484524,9.942400000
3814,76.493456,8.689400000
3815,76.502814,9.099800000
3816,76.511751,8.673900000
3817,76.590718,11.288200000
3818,76.601777,10.695900000
3819,76.629609,11.700800000
3820,76.640196,10.226900000
3821,76.649797,9.430900000
3822,76.659671,9.651300000
3823,76.669884,9.987900000
3824,76.680194,10.055600000
3825,76.690581,10.160800000
3826,76.782878,11.151600000
3827,76.795161,11.941000000
3828,76.822582,11.435400000
3829,76.834335,11.485900000
3830,76.844506,9.978700000
3831,76.853888,9.128000000
3832,76.864102,9.942200000
3833,76.872833,8.518400000
3834,76.881220,8.157000000
3835,76.890003,8.558000000
3836,76.968923,10.978000000
3837,76.981929,12.430600000
3838,77.012299,12.215000000
3839,77.024511,11.759400000
3840,77.034368,9.682600000
3841,77.044472,9.720200000
3842,77.054262,9.632900000
3843,77.064356,9.787800000
3844,77.073782,9.175100000
3845,77.155736,11.162700000
3846,77.173785,17.626500000
3847,77.195999,10.925400000
3848,77.206822,10.473900000
3849,77.217653,10.566200000
3850,77.227649,9.708700000
3851,77.236596,8.737200000
3852,77.245250,8.470800000
3853,77.253448,8.016800000
3854,77.334644,12.798400000
3855,77.378712,11.447000000
3856,77.390525,11.518800000
3857,77.401922,11.005400000
3858,77.412463,10.221800000
3859,77.422682,9.957700000
3860,77.432534,9.651500000
3861,77.442069,9.249700000
3862,77.450877,8.618900000
3863,77.530758,11.527300000
3864,77.542866,11.748400000
3865,77.571545,12.860200000
3866,77.583120,11.183400000
3867,77.593277,9.979100000
3868,77.602668,9.203700000
3869,77.612726,9.790400000
3870,77.622796,9.847400000
3871,77.632042,8.934900000
3872,77.641482,8.312800000
3873,77.722757,10.750200000
3874,77.734636,11.624800000
3875,77.764278,14.319900000
3876,77.775452,10.838400000
3877,77.785402,9.731300000
3878,77.795648,9.928900000
3879,77.805124,9.145600000
3880,77.814741,9.474300000
3881,77.824746,9.727400000
3882,77.834013,8.956600000
3883,77.926057,10.800600000
3884,77.970080,12.805900000
3885,77.980914,10.467600000
3886,77.991834,10.628200000
3887,78.001954,9.872000000
3888,78.012256,10.112800000
3889,78.022562,10.026600000
3890,78.032391,9.534400000
3891,78.042590,9.906900000
3892,78.052814,10.062000000
3893,78.131697,10.607200000
3894,78.143428,11.357600000
3895,78.170211,13.175900000
3896,78.181332,10.803700000
3897,78.191268,9.675200000
3898,78.200599,9.120400000
3899,78.210112,9.352000000
3900,78.218830,8.516000000
3901,78.227319,8.263600000
3902,78.235392,7.853400000
3903,78.313994,11.645400000
3904,78.325849,11.521400000
3905,78.350352,10.893100000
3906,78.360839,10.144800000
3907,78.371373,10.174400000
3908,78.380801,9.238300000
3909,78.389541,8.528400000
3910,78.398182,8.448100000
3911,78.407078,8.692200000
3912,78.485880,11.391400000
3913,78.498256,11.995600000
3914,78.524590,10.685400000
3915,78.536276,11.356600000
3916,78.547667,11.128400000
3917,78.558577,10.643500000
3918,78.568346,9.591900000
3919,78.578198,9.601000000
3920,78.588331,9.913300000
3921,78.672161,11.573900000
3922,78.684633,11.990300000
3923,78.710015,10.296800000
3924,78.720857,10.528000000
3925,78.732124,11.009900000
3926,78.741905,9.580700000
3927,78.751246,9.088400000
3928,78.760002,8.536600000
3929,78.768990,8.826200000
3930,78.848013,10.539500000
3931,78.859272,10.898400000
3932,78.885379,10.061000000
3933,78.895473,9.745100000
3934,78.905061,9.373600000
3935,78.914088,8.841700000
3936,78.922610,8.385900000
3937,78.931068,8.362500000
3938,78.940649,9.450800000
3939,79.029024,10.237400000
3940,79.041448,12.025200000
3941,79.069424,10.692100000
3942,79.079881,10.139300000
3943,79.089297,9.253500000
3944,79.098359,8.890100000
3945,79.107016,8.427400000
3946,79.116043,8.845200000
3947,79.125135,8.900300000
3948,79.203441,11.485200000
3949,79.214695,10.908000000
3950,79.242491,11.673700000
3951,79.253181,10.370300000
3952,79.262889,9.514600000
3953,79.272094,9.105700000
3954,79.281533,9.168400000
3955,79.290471,8.644800000
3956,79.298661,8.006500000
3957,79.377723,11.105500000
3958,79.388771,10.750200000
3959,79.417741,12.829700000
3960,79.428050,9.957600000
3961,79.438567,10.296600000
3962,79.448441,9.691800000
3963,79.457492,8.845100000
3964,79.467007,9.315300000
3965,79.546597,10.827200000
3966,79.560400,13.409600000
3967,79.598198,20.014000000
3968,79.608712,10.161000000
3969,79.618660,9.669800000
3970,79.628509,9.620800000
3971,79.638282,9.572200000
3972,79.648020,9.469800000
3973,79.657938,9.773500000
3974,79.752494,12.009300000
3975,79.764919,11.865200000
3976,79.793249,11.163500000
3977,79.805172,11.568200000
3978,79.815191,9.770200000
3979,79.825370,9.979300000
3980,79.835640,10.067300000
3981,79.845995,10.128100000
3982,79.856586,10.332200000
3983,79.866509,9.715100000
3984,79.947919,11.918300000
3985,79.960005,11.756900000
3986,79.986940,11.649200000
3987,79.998004,10.702700000
3988,80.008725,10.419100000
3989,80.019244,10.258700000
3990,80.028669,9.243100000
3991,80.038464,9.597000000
3992,80.047417,8.819500000
3993,80.056967,9.353700000
3994,80.157058,11.863800000
3995,80.170127,12.589600000
3996,80.200264,15.659400000
3997,80.210891,10.249000000
3998,80.221487,10.438100000
3999,80.232114,10.335500000
4000,80.241637,9.229000000
4001,80.250217,8.483900000
4002,80.259621,9.140600000
4003,80.268369,8.564800000
4004,80.345081,10.387800000
4005,80.356448,10.998400000
4006,80.384747,10.734300000
4007,80.395426,10.418300000
4008,80.405113,9.430800000
4009,80.414585,9.215800000
4010,80.424051,9.202600000
4011,80.434163,9.821400000
4012,80.443316,8.839500000
4013,80.451616,8.108400000
4014,80.529858,10.408400000
4015,80.542758,12.366000000
4016,80.568207,10.421600000
4017,80.578947,10.415200000
4018,80.589534,10.337300000
4019,80.599978,10.189800000
4020,80.609181,8.981200000
4021,80.618817,9.426100000
4022,80.627614,8.538000000
4023,80.711628,12.863400000
4024,80.725447,13.383300000
4025,80.751053,13.122800000
4026,80.762125,10.650200000
4027,80.772285,9.810300000
4028,80.782350,9.758300000
4029,80.792448,9.892900000
4030,80.802910,10.061700000
4031,80.813062,9.903800000
4032,80.897449,12.738700000
4033,80.934125,10.938400000
4034,80.944474,10.021000000
4035,80.954605,9.963900000
4036,80.963795,8.976800000
4037,80.972763,8.702300000
4038,80.981907,8.897100000
4039,80.990863,8.806300000
4040,80.999016,7.986800000
4041,81.074879,10.571400000
4042,81.087151,11.928500000
4043,81.113156,11.618000000
4044,81.126995,13.560800000
4045,81.138097,10.898900000
4046,81.150379,11.980500000
4047,81.163840,13.234800000
4048,81.177192,13.174000000
4049,81.201280,23.795800000
4050,81.291378,11.029300000
4051,81.302407,10.688500000
4052,81.327829,10.168100000
4053,81.337964,9.912700000
4054,81.347569,9.377100000
4055,81.356508,8.743500000
4056,81.365233,8.522700000
4057,81.374162,8.730900000
4058,81.383190,8.831500000
4059,81.392429,9.001500000
4060,81.401539,8.916600000
4061,81.479271,10.787000000
4062,81.490512,10.867500000
4063,81.514724,12.483800000
4064,81.525033,9.995700000
4065,81.534853,9.579600000
4066,81.544019,8.940000000
4067,81.552851,8.589800000
4068,81.561484,8.428700000
4069,81.570379,8.669500000
4070,81.651870,11.330300000
4071,81.664306,12.060400000
4072,81.693536,14.885400000
4073,81.705090,11.283700000
4074,81.715091,9.827800000
4075,81.725249,9.792700000
4076,81.735047,9.587600000
4077,81.744933,9.599100000
4078,81.754967,9.754900000
4079,81.843104,12.490700000
4080,81.853933,10.382000000
4081,81.878834,11.083000000
4082,81.889362,10.219500000
4083,81.898851,9.318500000
4084,81.908017,8.804300000
4085,81.917432,9.081900000
4086,81.926758,9.048700000
4087,81.934974,8.012700000
4088,82.015057,10.328900000
4089,82.027313,11.837500000
4090,82.053267,11.083000000
4091,82.063712,10.135900000
4092,82.073445,9.477400000
4093,82.082432,8.732000000
4094,82.091277,8.628700000
4095,82.100064,8.635100000
4096,82.108282,7.995300000
4097,82.185694,10.487700000
4098,82.197613,11.580900000
4099,82.224061,10.971400000
4100,82.235184,10.811400000
4101,82.244910,9.553300000
4102,82.254243,9.004100000
4103,82.263566,9.114700000
4104,82.272365,8.635700000
4105,82.281022,8.421400000
4106,82.370424,10.310600000
4107,82.410737,10.515900000
4108,82.421475,10.385400000
4109,82.431192,9.498800000
4110,82.440514,9.098900000
4111,82.449888,9.135100000
4112,82.458672,8.608100000
4113,82.467404,8.527900000
4114,82.475622,8.025600000
4115,82.563383,11.517300000
4116,82.576248,12.484200000
4117,82.605634,12.881100000
4118,82.617644,11.680600000
4119,82.628667,10.801100000
4120,82.638405,9.431500000
4121,82.647838,9.306900000
4122,82.657513,9.425400000
4123,82.667052,9.340400000
4124,82.677926,10.632400000
4125,82.768645,10.656200000
4126,82.779714,10.696600000
4127,82.808196,11.961200000
4128,82.818699,10.230500000
4129,82.828218,9.247000000
4130,82.838027,9.611100000
4131,82.848211,9.945200000
4132,82.858576,10.157900000
4133,82.869404,10.518400000
4134,82.880710,11.027700000
4135,82.973956,14.088500000
4136,82.986166,11.764400000
4137,83.018182,15.604100000
4138,83.027876,9.399700000
4139,83.036911,8.837600000
4140,83.046141,9.047700000
4141,83.055895,9.498900000
4142,83.065941,9.789300000
4143,83.076070,9.926500000
4144,83.086394,10.017600000
4145,83.169101,10.868500000
4146,83.179881,10.509800000
4147,83.211922,12.207800000
4148,83.222816,10.628500000
4149,83.233591,10.479700000
4150,83.244031,10.277200000
4151,83.253381,9.155800000
4152,83.262383,8.778700000
4153,83.271592,8.962100000
4154,83.281422,9.587200000
4155,83.364693,11.445300000
4156,83.377806,12.739800000
4157,83.406237,13.384500000
4158,83.416646,9.997300000
4159,83.426978,10.151900000
4160,83.438139,10.912000000
4161,83.447694,9.305000000
4162,83.457894,9.999000000
4163,83.468972,10.818600000
4164,83.478317,9.124800000
4165,83.584479,12.573500000
4166,83.627356,12.682400000
4167,83.637907,10.156200000
4168,83.647387,9.216800000
4169,83.656661,9.085600000
4170,83.665456,8.662300000
4171,83.673869,8.193800000
4172,83.682532,8.492600000
4173,83.691034,8.267800000
4174,83.699573,8.275000000
4175,83.708683,8.848300000
4176,83.792064,11.117000000
4177,83.803760,11.334700000
4178,83.834153,11.381900000
4179,83.844418,9.962600000
4180,83.854631,9.966100000
4181,83.864030,9.148500000
4182,83.873626,9.416700000
4183,83.882552,8.681600000
4184,83.891138,8.462100000
4185,83.899285,7.933300000
4186,83.979030,10.400100000
4187,83.990322,10.786900000
4188,84.023254,11.661000000
4189,84.033922,10.365700000
4190,84.043789,9.639600000
4191,84.052858,8.836400000
4192,84.061675,8.629800000
4193,84.070728,8.869000000
4194,84.079043,8.156900000
4195,84.157723,10.996300000
4196,84.200006,10.285500000
4197,84.209944,9.616500000
4198,84.219190,9.047700000
4199,84.228979,9.518800000
4200,84.238017,8.852300000
4201,84.247208,9.002300000
4202,84.256490,9.060800000
4203,84.265462,8.781400000
4204,84.346712,10.728900000
4205,84.357957,10.915000000
4206,84.390054,11.476800000
4207,84.401619,11.301300000
4208,84.411611,9.703100000
4209,84.421653,9.799200000
4210,84.430795,8.885800000
4211,84.439602,8.628800000
4212,84.448001,8.195900000
4213,84.456551,8.355500000
4214,84.535498,11.439000000
4215,84.548614,12.594800000
4216,84.577267,10.540500000
4217,84.588548,10.997700000
4218,84.598576,9.751000000
4219,84.607797,9.009100000
4220,84.616479,8.472000000
4221,84.625597,8.918500000
4222,84.633894,7.994500000
4223,84.725132,13.839300000
4224,84.764951,11.190400000
4225,84.775083,9.864300000
4226,84.784427,9.134300000
4227,84.793546,8.901900000
4228,84.802896,9.129900000
4229,84.812947,9.831000000
4230,84.822017,8.856100000
4231,84.830874,8.635000000
4232,84.839201,8.113900000
4233,84.923284,13.791800000
4234,84.957568,11.445700000
4235,84.969306,11.443600000
4236,84.979854,10.219200000
4237,84.989517,9.433800000
4238,84.998809,9.083600000
4239,85.007511,8.525100000
4240,85.015943,8.206800000
4241,85.024575,8.386800000
4242,85.103194,10.555500000
4243,85.114520,10.955700000
4244,85.144410,10.752500000
4245,85.155430,10.747300000
4246,85.165180,9.592300000
4247,85.174624,9.238300000
4248,85.184451,9.529400000
4249,85.193524,8.952400000
4250,85.202396,8.664700000
4251,85.211658,9.040800000
4252,85.300847,15.343400000
4253,85.338106,12.033700000
4254,85.351175,12.655600000
4255,85.363033,11.535200000
4256,85.374202,10.949000000
4257,85.383891,9.481900000
4258,85.393471,9.408000000
4259,85.403004,9.283500000
4260,85.412680,9.503700000
4261,85.502930,15.641700000
4262,85.536953,10.765700000
4263,85.548348,11.144300000
4264,85.559640,11.054400000
4265,85.570718,10.843400000
4266,85.580591,9.638300000
4267,85.589849,9.053300000
4268,85.598761,8.731000000
4269,85.607993,9.032500000
4270,85.616937,8.748200000
4271,85.696739,11.874400000
4272,85.709628,12.560500000
4273,85.744189,17.125300000
4274,85.755291,10.756000000
4275,85.766207,10.653600000
4276,85.776787,10.394400000
4277,85.786632,9.715300000
4278,85.796256,9.330800000
4279,85.804983,8.447500000
4280,85.814167,8.965800000
4281,85.906182,11.512100000
4282,85.918740,12.184900000
4283,85.944375,10.939400000
4284,85.956351,11.686100000
4285,85.969229,12.656600000
4286,85.979404,9.860900000
4287,85.988910,9.259800000
4288,85.999251,10.066800000
4289,86.007839,8.362000000
4290,86.016687,8.659900000
4291,86.025835,8.946300000
4292,86.107342,11.496100000
4293,86.147450,11.617200000
4294,86.158349,10.575500000
4295,86.168749,10.163000000
4296,86.177942,8.951100000
4297,86.186972,8.831500000
4298,86.195825,8.667400000
4299,86.205059,9.047800000
4300,86.214146,8.884400000
4301,86.223100,8.790900000
4302,86.306910,11.578700000
4303,86.354834,13.252000000
4304,86.366934,11.739800000
4305,86.378051,10.825600000
4306,86.389241,10.823500000
4307,86.400968,11.457000000
4308,86.412347,11.145500000
4309,86.422790,10.146700000
4310,86.432837,9.786100000
4311,86.442214,9.065000000
4312,86.526550,14.771100000
4313,86.561560,11.715600000
4314,86.572835,10.908500000
4315,86.583054,9.966900000
4316,86.592690,9.460500000
4317,86.602769,9.839000000
4318,86.611864,8.851400000
4319,86.621732,9.672000000
4320,86.630712,8.764200000
4321,86.640379,9.460200000
4322,86.650645,10.050100000
4323,86.733040,11.075300000
4324,86.750420,17.078500000
4325,86.776888,14.006500000
4326,86.788810,11.618600000
4327,86.802648,13.647900000
4328,86.815807,12.927200000
4329,86.836900,20.837800000
4330,86.845970,8.770600000
4331,86.854790,8.548000000
4332,86.863820,8.762900000
4333,86.957841,12.684200000
4334,86.970926,12.753500000
4335,86.999671,11.380500000
4336,87.011386,11.396400000
4337,87.021793,10.176700000
4338,87.031915,9.863800000
4339,87.041616,9.594900000
4340,87.051348,9.427300000
4341,87.060662,9.090700000
4342,87.069792,8.922500000
4343,87.078866,8.718900000
4344,87.159378,11.572500000
4345,87.202499,12.300100000
4346,87.214023,11.131700000
4347,87.224308,10.075600000
4348,87.234089,9.496300000
4349,87.243603,9.329100000
4350,87.253390,9.600800000
4351,87.262541,8.935500000
4352,87.272439,9.637900000
4353,87.281678,9.003700000
4354,87.363356,13.846100000
4355,87.377114,13.451100000
4356,87.405253,11.984200000
4357,87.417437,11.831400000
4358,87.428276,10.617500000
4359,87.438529,10.064600000
4360,87.449373,10.554500000
4361,87.459295,9.684400000
4362,87.469859,10.294000000
4363,87.479565,9.431900000
4364,87.568928,12.812600000
4365,87.612998,13.751200000
4366,87.624454,11.151900000
4367,87.635456,10.726300000
4368,87.646096,10.409000000
4369,87.656243,9.862700000
4370,87.666984,10.508000000
4371,87.676699,9.476800000
4372,87.686814,9.942900000
4373,87.697697,10.667800000
4374,87.709712,11.795400000
4375,87.799085,13.829900000
4376,87.811953,12.492400000
4377,87.846781,16.854800000
4378,87.858246,11.166800000
4379,87.870379,11.901700000
4380,87.881555,10.939600000
4381,87.893440,11.548600000
4382,87.905257,11.507000000
4383,87.916936,11.514800000
4384,87.928042,10.763200000
4385,87.937885,9.611500000
4386,88.032880,11.730400000
4387,88.045010,11.785600000
4388,88.076429,11.380600000
4389,88.087106,10.391500000
4390,88.097846,10.538400000
4391,88.108968,10.943400000
4392,88.120324,11.170900000
4393,88.131692,11.199700000
4394,88.141811,9.875300000
4395,88.151146,9.106700000
4396,88.160031,8.686700000
4397,88.169134,8.852600000
4398,88.250023,12.574900000
4399,88.291377,13.154500000
4400,88.302482,10.725700000
4401,88.313562,10.796800000
4402,88.323691,9.922500000
4403,88.333018,9.091100000
4404,88.342836,9.596900000
4405,88.351958,8.898100000
4406,88.360874,8.691100000
4407,88.369832,8.737800000
4408,88.378643,8.612000000
4409,88.460907,11.901400000
4410,88.475459,14.078500000
4411,88.513227,20.856100000
4412,88.525434,11.924800000
4413,88.536484,10.809100000
4414,88.547967,11.175100000
4415,88.559922,11.672800000
4416,88.571742,11.447400000
4417,88.582251,10.271400000
4418,88.592587,10.115200000
4419,88.674046,11.306500000
4420,88.719518,11.211200000
4421,88.730764,10.976800000
4422,88.741305,10.238700000
4423,88.752079,10.516800000
4424,88.762580,10.223400000
4425,88.772042,9.254700000
4426,88.781979,9.714700000
4427,88.792341,10.169500000
4428,88.801425,8.810300000
4429,88.811054,9.383800000
4430,88.894415,11.696000000
4431,88.906472,11.701900000
4432,88.939696,14.414300000
4433,88.950386,10.334000000
4434,88.960561,9.898100000
4435,88.970334,9.597800000
4436,88.979765,9.212300000
4437,88.988858,8.900400000
4438,88.998147,9.133800000
4439,89.007350,8.960600000
4440,89.017037,9.451600000
4441,89.116563,13.636000000
4442,89.129795,12.853700000
4443,89.162595,14.250400000
4444,89.174100,11.219200000
4445,89.184865,10.584900000
4446,89.195600,10.539900000
4447,89.205961,10.200000000
4448,89.216086,10.021900000
4449,89.226047,9.597100000
4450,89.236073,9.802600000
4451,89.245284,9.109200000
4452,89.325890,11.512800000
4453,89.338538,12.280600000
4454,89.373475,12.907500000
4455,89.384789,10.914600000
4456,89.394888,9.868200000
4457,89.404404,9.303800000
4458,89.414158,9.561800000
4459,89.423371,9.035700000
4460,89.432402,8.767100000
4461,89.441360,8.743000000
4462,89.450881,9.178000000
4463,89.532719,11.533800000
4464,89.578692,14.529800000
4465,89.590173,11.102900000
4466,89.599965,9.574300000
4467,89.610065,9.876900000
4468,89.619326,9.049500000
4469,89.628660,9.131100000
4470,89.637955,9.089500000
4471,89.647391,9.209000000
4472,89.656986,9.362000000
4473,89.738793,11.144200000
4474,89.751251,12.100000000
4475,89.784080,11.611800000
4476,89.795855,11.502900000
4477,89.806334,10.302400000
4478,89.816011,9.373200000
4479,89.825481,9.253500000
4480,89.834471,8.745600000
4481,89.843998,9.209500000
4482,89.853131,8.896600000
4483,89.932534,11.329600000
4484,89.945024,12.156500000
4485,89.979977,13.339400000
4486,89.990300,10.013900000
4487,90.000270,9.735400000
4488,90.009960,9.489200000
4489,90.019539,9.230100000
4490,90.028359,8.607700000
4491,90.037827,9.232200000
4492,90.046715,8.685700000
4493,90.139147,11.983500000
4494,90.151862,12.387100000
4495,90.183122,12.413900000
4496,90.194502,11.029100000
4497,90.204706,9.923200000
4498,90.215143,10.191100000
4499,90.225912,10.501100000
4500,90.235554,9.411500000
4501,90.244653,8.907400000
4502,90.253937,9.057500000
4503,90.338478,12.143900000
4504,90.351313,12.494200000
4505,90.373731,14.513100000
4506,90.386206,11.793300000
4507,90.397875,11.408100000
4508,90.408335,10.274300000
4509,90.417842,9.398200000
4510,90.427950,9.786800000
4511,90.438446,10.235400000
4512,90.449153,10.435300000
4513,90.533215,11.670500000
4514,90.545331,11.715000000
4515,90.576578,12.127000000
4516,90.588720,11.803400000
4517,90.599314,10.462700000
4518,90.609271,9.630600000
4519,90.618746,9.252100000
4520,90.627621,8.688800000
4521,90.637136,9.283100000
4522,90.646907,9.539400000
4523,90.732916,13.085700000
4524,90.778684,15.740800000
4525,90.792498,13.532100000
4526,90.806957,14.147400000
4527,90.821807,14.357300000
4528,90.835749,13.562300000
4529,90.849712,13.671900000
4530,90.865618,15.633400000
4531,90.881449,15.637500000
4532,90.894366,12.522700000
4533,90.987237,13.774300000
4534,91.000427,12.757700000
4535,91.037584,18.161000000
4536,91.053609,15.656900000
4537,91.065181,11.232500000
4538,91.076391,10.989400000
4539,91.086680,10.136900000
4540,91.096779,9.954100000
4541,91.107158,10.063100000
4542,91.116899,9.493200000
4543,91.126633,9.591300000
4544,91.136690,9.751400000
4545,91.147011,10.117600000
4546,91.245983,13.205100000
4547,91.261021,14.619300000
4548,91.295427,14.839000000
4549,91.307167,11.464300000
4550,91.318775,11.260600000
4551,91.330871,11.799500000
4552,91.342970,11.872900000
4553,91.355329,12.084900000
4554,91.366874,11.266600000
4555,91.377990,10.807600000
4556,91.387924,9.701900000
4557,91.397909,9.781500000
4558,91.408298,10.171600000
4559,91.498853,12.609300000
4560,91.511738,12.526600000
4561,91.539023,11.956600000
4562,91.550308,10.847000000
4563,91.561328,10.747700000
4564,91.572916,11.228100000
4565,91.583489,10.352000000
4566,91.593081,9.199900000
4567,91.602181,8.879000000
4568,91.611467,9.075300000
4569,91.620764,9.065100000
4570,91.630055,9.082200000
4571,91.709751,11.241000000
4572,91.752017,13.962800000
4573,91.762371,10.058800000
4574,91.772162,9.616100000
4575,91.782160,9.780400000
4576,91.792235,9.790200000
4577,91.801476,9.043100000
4578,91.810469,8.783900000
4579,91.819706,8.992300000
4580,91.828597,8.676100000
4581,91.840567,11.735700000
4582,91.931498,14.863600000
4583,91.977555,14.684100000
4584,91.990161,12.240900000
4585,92.002411,11.931000000
4586,92.013781,11.010300000
4587,92.024197,10.215400000
4588,92.034247,9.863700000
4589,92.043658,9.221400000
4590,92.053315,9.388400000
4591,92.063105,9.525500000
4592,92.072329,9.015100000
4593,92.152705,11.754300000
4594,92.194246,11.479600000
4595,92.206314,11.775700000
4596,92.216964,10.287900000
4597,92.227728,10.492300000
4598,92.237546,9.537300000
4599,92.246592,8.834500000
4600,92.255782,8.972600000
4601,92.267963,11.869900000
4602,92.277773,9.521100000
4603,92.289025,10.966800000
4604,92.400505,12.002600000
4605,92.412193,11.336900000
4606,92.445466,12.044900000
4607,92.457449,11.706000000
4608,92.468520,10.845700000
4609,92.478719,10.006900000
4610,92.488878,10.029100000
4611,92.498322,9.201400000
4612,92.507890,9.346100000
4613,92.517586,9.429200000
4614,92.526348,8.554700000
4615,92.535046,8.467900000
4616,92.621618,15.226400000
4617,92.661148,11.305000000
4618,92.672917,11.519200000
4619,92.683594,10.379700000
4620,92.693403,9.574400000
4621,92.702792,9.184500000
4622,92.712566,9.538800000
4623,92.722938,10.153100000
4624,92.732306,9.082800000
4625,92.741476,9.020600000
4626,92.750814,9.111700000
4627,92.829584,11.256700000
4628,92.841495,11.526600000
4629,92.874713,11.595400000
4630,92.885655,10.573100000
4631,92.895910,9.981200000
4632,92.905721,9.601000000
4633,92.915171,9.235800000
4634,92.924774,9.385400000
4635,92.934309,9.326400000
4636,92.943955,9.425500000
4637,92.952761,8.533200000
4638,93.035819,11.078200000
4639,93.049067,12.903600000
4640,93.068936,14.342200000
4641,93.083448,14.232600000
4642,93.094961,11.293300000
4643,93.106368,11.104000000
4644,93.116637,10.084200000
4645,93.126081,9.202200000
4646,93.135273,8.953700000
4647,93.144797,9.289900000
4648,93.227959,12.382600000
4649,93.245562,17.040200000
4650,93.272763,12.222600000
4651,93.285175,12.092300000
4652,93.296919,11.402500000
4653,93.307515,10.391200000
4654,93.318365,10.519100000
4655,93.329310,10.664300000
4656,93.339842,10.230400000
4657,93.349411,9.391100000
4658,93.444225,11.695800000
4659,93.457197,12.583300000
4660,93.489183,12.237200000
4661,93.500178,10.678500000
4662,93.510440,9.952800000
4663,93.519775,9.089600000
4664,93.529606,9.627400000
4665,93.538909,9.087700000
4666,93.548272,9.163300000
4667,93.557690,9.206100000
4668,93.567224,9.330500000
4669,93.648115,12.870600000
4670,93.660750,12.277400000
4671,93.680288,15.664600000
4672,93.692226,11.546900000
4673,93.703304,10.814300000
4674,93.713559,10.038700000
4675,93.723407,9.638100000
4676,93.732766,9.154200000
4677,93.742296,9.306500000
4678,93.752097,9.564000000
4679,93.836561,12.511500000
4680,93.877864,11.212100000
4681,93.888994,10.766200000
4682,93.900282,11.041100000
4683,93.910633,10.045400000
4684,93.920411,9.593000000
4685,93.929500,8.878300000
4686,93.938928,9.224300000
4687,93.948433,9.334300000
4688,94.032574,12.504300000
4689,94.081197,16.193000000
4690,94.095981,14.322900000
4691,94.110228,13.789800000
4692,94.124521,13.854400000
4693,94.138375,13.514600000
4694,94.152341,13.512500000
4695,94.166018,13.385600000
4696,94.177380,11.178600000
4697,94.188489,10.829000000
4698,94.273955,12.065700000
4699,94.286475,12.177300000
4700,94.320030,11.759000000
4701,94.332044,11.717700000
4702,94.342714,10.375000000
4703,94.352808,9.784900000
4704,94.363238,10.202700000
4705,94.375033,11.532300000
4706,94.385975,10.647100000
4707,94.397112,10.897300000
4708,94.408365,11.020100000
4709,94.418219,9.624500000
4710,94.516241,13.097500000
4711,94.559719,13.183600000
4712,94.572044,11.945100000
4713,94.582877,10.667100000
4714,94.593954,10.825500000
4715,94.604228,10.067900000
4716,94.613872,9.409200000
4717,94.624134,10.034900000
4718,94.635107,10.738600000
4719,94.645635,10.312900000
4720,94.655755,9.923400000
4721,94.665807,9.940200000
4722,94.757872,15.740000000
4723,94.773648,15.195100000
4724,94.800003,14.920500000
4725,94.811979,11.655600000
4726,94.822999,10.845400000
4727,94.833710,10.478100000
4728,94.844150,10.305700000
4729,94.854846,10.561000000
4730,94.864739,9.570600000
4731,94.874837,9.887000000
4732,94.885075,9.944900000
4733,94.895322,10.050700000
4734,94.977769,13.544200000
4735,95.020524,13.058400000
4736,95.033573,12.787400000
4737,95.045301,11.476100000
4738,95.056363,10.783500000
4739,95.066522,10.021900000
4740,95.077246,10.493600000
4741,95.087085,9.634200000
4742,95.096914,9.635800000
4743,95.106993,9.870000000
4744,95.116952,9.746200000
4745,95.204072,14.322700000
4746,95.219192,14.767100000
4747,95.245125,14.071800000
4748,95.257554,12.146000000
4749,95.268917,11.107100000
4750,95.279468,10.308700000
4751,95.289308,9.620600000
4752,95.299695,10.171000000
4753,95.310597,10.673000000
4754,95.320586,9.788600000
4755,95.331241,10.407900000
4756,95.411327,12.504700000
4757,95.453128,12.130000000
4758,95.464429,11.008700000
4759,95.475885,11.150400000
4760,95.487248,11.144900000
4761,95.497400,9.915100000
4762,95.507060,9.451200000
4763,95.516400,9.126600000
4764,95.525922,9.306700000
4765,95.535058,8.869900000
4766,95.544327,9.023100000
4767,95.638604,12.813300000
4768,95.682111,13.235900000
4769,95.693160,10.726900000
4770,95.703610,10.257100000
4771,95.713746,9.939500000
4772,95.724003,10.039400000
4773,95.733801,9.568900000
4774,95.743346,9.344000000
4775,95.752676,9.116400000
4776,95.762650,9.723600000
4777,95.772148,9.282200000
4778,95.854029,13.378300000
4779,95.868484,14.073100000
4780,95.901217,11.738700000
4781,95.912220,10.722800000
4782,95.923335,10.845600000
4783,95.934599,11.017600000
4784,95.945972,11.134100000
4785,95.955994,9.816000000
4786,95.965622,9.348100000
4787,95.974987,9.152200000
4788,95.984173,8.964200000
4789,96.066625,12.610500000
4790,96.113714,14.429400000
4791,96.124787,10.727000000
4792,96.135886,10.809300000
4793,96.147199,11.062900000
4794,96.157222,9.917600000
4795,96.167341,9.825900000
4796,96.176848,9.287200000
4797,96.186572,9.491400000
4798,96.196712,9.929400000
4799,96.207265,10.384900000
4800,96.295730,12.907200000
4801,96.341442,15.120500000
4802,96.352295,10.465700000
4803,96.362448,9.903700000
4804,96.371976,9.435500000
4805,96.381596,9.367700000
4806,96.391100,9.341500000
4807,96.401312,9.994500000
4808,96.410875,9.378200000
4809,96.420334,9.215200000
4810,96.429522,8.969200000
4811,96.524231,14.727600000
4812,96.538556,13.910600000
4813,96.573556,16.511000000
4814,96.585061,11.168300000
4815,96.596315,10.989500000
4816,96.606660,10.122000000
4817,96.616650,9.874300000
4818,96.627242,10.475100000
4819,96.637709,10.358200000
4820,96.648955,10.895200000
4821,96.660167,10.906300000
4822,96.763625,14.172100000
4823,96.804493,13.731600000
4824,96.816764,11.926400000
4825,96.828091,10.946900000
4826,96.842152,13.752000000
4827,96.854586,12.151600000
4828,96.866045,11.316500000
4829,96.877169,10.801600000
4830,96.888828,11.345300000
4831,96.900584,11.403200000
4832,96.912388,11.602100000
4833,96.923398,10.725400000
4834,97.008972,13.615600000
4835,97.051168,10.790700000
4836,97.061599,10.158400000
4837,97.072131,10.283900000
4838,97.082050,9.724900000
4839,97.091593,9.290000000
4840,97.101573,9.713400000
4841,97.114068,12.324200000
4842,97.124424,10.085800000
4843,97.134678,9.981200000
4844,97.144916,10.001800000
4845,97.154102,8.974100000
4846,97.163243,8.969400000
4847,97.247127,12.496100000
4848,97.260840,13.294700000
4849,97.293263,12.099300000
4850,97.304449,10.725200000
4851,97.315314,10.601800000
4852,97.325351,9.744800000
4853,97.335594,10.066500000
4854,97.345100,9.278300000
4855,97.354467,9.133200000
4856,97.363793,9.090900000
4857,97.372941,8.916100000
4858,97.381992,8.847500000
4859,97.470687,12.496000000
4860,97.484932,13.692900000
4861,97.527895,18.853700000
4862,97.540759,12.449400000
4863,97.552512,11.503900000
4864,97.565047,12.207000000
4865,97.576852,11.577400000
4866,97.587306,10.138100000
4867,97.597249,9.721900000
4868,97.607686,10.162400000
4869,97.618366,10.432300000
4870,97.702605,12.060700000
4871,97.745589,10.548800000
4872,97.756864,10.923400000
4873,97.766928,9.853600000
4874,97.776393,9.233600000
4875,97.785489,8.869400000
4876,97.794622,8.905100000
4877,97.807131,12.205500000
4878,97.816468,9.131600000
4879,97.827513,10.798200000
4880,97.839711,11.989200000
4881,97.949747,11.324000000
4882,97.962086,11.955200000
4883,97.984068,12.850800000
4884,97.998704,13.118000000
4885,98.009820,10.864700000
4886,98.020219,10.184600000
4887,98.029902,9.481400000
4888,98.040020,9.978200000
4889,98.049596,9.325900000
4890,98.058742,8.909600000
4891,98.068528,9.568600000
4892,98.077839,9.079700000
4893,98.087301,9.254900000
4894,98.169206,11.662600000
4895,98.220133,12.499000000
4896,98.233558,13.105300000
4897,98.249134,15.196700000
4898,98.262370,12.938800000
4899,98.273745,11.210000000
4900,98.284977,10.977300000
4901,98.296390,11.184900000
4902,98.307934,11.309200000
4903,98.318453,10.249400000
4904,98.328108,9.432600000
4905,98.489313,13.285900000
4906,98.504141,14.464100000
4907,98.539732,18.352300000
4908,98.551079,11.001200000
4909,98.564999,13.556500000
4910,98.578490,13.238500000
4911,98.588719,9.990200000
4912,98.598699,9.735700000
4913,98.608942,10.019300000
4914,98.618563,9.347300000
4915,98.628532,9.767800000
4916,98.639066,10.282400000
4917,98.649291,9.979400000
4918,98.659648,10.143300000
4919,98.669350,9.465600000
4920,98.679284,9.762000000
4921,98.773511,13.958400000
4922,98.819415,13.993400000
4923,98.832724,13.013600000
4924,98.844709,11.681700000
4925,98.856331,11.332100000
4926,98.868072,11.433900000
4927,98.878848,10.463100000
4928,98.889035,9.949500000
4929,98.899959,10.622700000
4930,98.910007,9.876100000
4931,98.919986,9.872400000
4932,98.930288,9.969400000
4933,98.939790,9.285000000
4934,98.948764,8.650700000
