Sample,Elapsed_s,Computation_ms
1,0.315292,12.656100000
2,0.327907,12.282000000
3,0.340934,12.679800000
4,0.352235,11.025300000
5,0.362984,10.561600000
6,0.373775,10.485400000
7,0.384547,10.586400000
8,0.395531,10.693400000
9,0.407428,11.718500000
10,0.421583,13.445500000
11,0.545083,11.822600000
12,0.559578,14.144800000
13,0.586103,14.131500000
14,0.599516,12.874900000
15,0.612139,12.225200000
16,0.624064,11.561200000
17,0.634948,10.598100000
18,0.645485,10.307300000
19,0.656106,10.363500000
20,0.665911,9.606200000
21,0.675951,9.837200000
22,0.686161,10.090200000
23,0.768983,12.525300000
24,0.783035,13.646800000
25,0.798292,14.924800000
26,0.811837,13.128900000
27,0.824185,12.049200000
28,0.836483,11.992600000
29,0.848388,11.582500000
30,0.859163,10.468300000
31,0.870202,10.699900000
32,0.880359,9.920600000
33,0.890392,9.742200000
34,0.972935,12.670400000
35,0.985521,12.235500000
36,1.010672,12.777000000
37,1.022382,11.459500000
38,1.033382,10.733700000
39,1.043975,10.334900000
40,1.054279,10.059500000
41,1.063969,9.481800000
42,1.073131,8.992400000
43,1.082701,9.349300000
44,1.162144,12.078700000
45,1.199943,14.074500000
46,1.211365,11.133600000
47,1.222353,10.673700000
48,1.233140,10.589300000
49,1.243574,10.192800000
50,1.254431,10.709600000
51,1.267009,12.326800000
52,1.279984,12.743400000
53,1.295472,15.173100000
54,1.386758,11.352400000
55,1.400660,13.656200000
56,1.426549,17.040500000
57,1.438419,11.518900000
58,1.448606,9.983600000
59,1.459043,10.194300000
60,1.468477,9.243300000
61,1.478491,9.733700000
62,1.487635,8.916700000
63,1.496626,8.787600000
64,1.506245,9.409900000
65,1.610519,20.252300000
66,1.642567,13.170300000
67,1.654378,11.444000000
68,1.665365,10.694000000
69,1.675375,9.892700000
70,1.685177,9.623700000
71,1.694930,9.609700000
72,1.705116,10.007100000
73,1.715742,10.376300000
74,1.725443,9.452200000
75,1.734817,9.156300000
76,1.811616,11.300700000
77,1.826240,13.221300000
78,1.843291,16.636400000
79,1.854842,11.014900000
80,1.865564,10.460800000
81,1.875812,10.050200000
82,1.885408,9.413900000
83,1.894837,9.078900000
84,1.904562,9.512500000
85,1.914224,9.426000000
86,2.001224,13.341700000
87,2.014100,12.475900000
88,2.030781,16.344500000
89,2.045142,13.956300000
90,2.058645,13.247700000
91,2.070822,11.743300000
92,2.081854,10.751500000
93,2.091935,9.813700000
94,2.101885,9.800100000
95,2.111210,9.222900000
96,2.190630,12.062800000
97,2.202870,11.977300000
98,2.216294,13.084100000
99,2.232009,12.369200000
100,2.243828,11.529600000
101,2.254753,10.677800000
102,2.264896,9.897200000
103,2.274674,9.569800000
104,2.283827,8.963600000
105,2.365790,12.982800000
106,2.383918,13.462900000
107,2.399069,14.803600000
108,2.411392,12.018000000
109,2.423375,11.708700000
110,2.434378,10.757500000
111,2.445035,10.433300000
112,2.454879,9.675200000
113,2.464689,9.447600000
114,2.542380,11.491600000
115,2.554818,12.100500000
116,2.566370,11.175200000
117,2.580528,13.825200000
118,2.591355,10.585200000
119,2.602249,10.726400000
120,2.613254,10.762900000
121,2.623218,9.681300000
122,2.636938,13.515000000
123,2.721844,10.665000000
124,2.733032,10.852000000
125,2.749137,13.426700000
126,2.763167,10.932700000
127,2.774914,11.532900000
128,2.785891,10.793700000
129,2.796669,10.499900000
130,2.806499,9.650900000
131,2.816153,9.500000000
132,2.895373,11.194800000
133,2.907702,12.017600000
134,2.919328,11.270100000
135,2.933570,13.952400000
136,2.945359,11.529200000
137,2.956106,10.549800000
138,2.966319,9.975100000
139,2.976214,9.717300000
140,2.985450,9.128900000
141,3.061667,11.838200000
142,3.080346,13.518800000
143,3.095759,15.112800000
144,3.107851,11.717400000
145,3.119578,11.490500000
146,3.130570,10.791900000
147,3.140466,9.759000000
148,3.150038,9.305600000
149,3.227438,11.784300000
150,3.240813,12.989900000
151,3.254357,13.249400000
152,3.267958,11.445900000
153,3.279731,11.470500000
154,3.290442,10.536900000
155,3.300978,10.287600000
156,3.311221,10.062400000
157,3.390567,11.761000000
158,3.404410,13.419000000
159,3.417867,13.152600000
160,3.431004,12.000200000
161,3.442368,11.098600000
162,3.453506,10.905800000
163,3.463793,10.048300000
164,3.473557,9.511100000
165,3.549977,10.903600000
166,3.567552,12.097700000
167,3.582856,14.981800000
168,3.595578,12.398300000
169,3.607687,11.875500000
170,3.619134,11.276500000
171,3.630405,11.049900000
172,3.641439,10.757200000
173,3.741752,12.618500000
174,3.755621,13.433800000
175,3.770571,14.644100000
176,3.783368,12.392600000
177,3.796022,12.246200000
178,3.807231,10.903000000
179,3.818501,10.984000000
180,3.830026,11.253800000
181,3.841328,11.012000000
182,3.854105,12.454300000
183,3.938835,10.809300000
184,3.950444,11.234700000
185,3.963864,13.022000000
186,3.977293,10.565300000
187,3.987881,10.268500000
188,3.998550,10.466700000
189,4.009394,10.598400000
190,4.020310,10.689000000
191,4.031337,10.826700000
192,4.042469,10.969200000
193,4.128050,16.442300000
194,4.141728,13.361000000
195,4.159022,16.977400000
196,4.172113,12.709700000
197,4.184034,11.599500000
198,4.196551,12.385400000
199,4.209231,12.360600000
200,4.222788,13.423500000
201,4.236747,13.719800000
202,4.319919,14.938300000
203,4.335604,15.373300000
204,4.370744,34.816000000
205,4.381563,10.504600000
206,4.392576,10.755400000
207,4.404315,11.487600000
208,4.414092,9.546800000
209,4.424501,10.169600000
210,4.435725,10.969300000
211,4.445623,9.666700000
212,4.527821,12.089300000
213,4.565841,11.634800000
214,4.577946,11.834200000
215,4.589186,10.870500000
216,4.599341,9.927200000
217,4.609516,9.972500000
218,4.619009,9.275500000
219,4.628292,9.146400000
220,4.637304,8.815900000
221,4.646171,8.685400000
222,4.727316,12.373500000
223,4.744179,16.449200000
224,4.759054,14.573100000
225,4.772063,12.678100000
226,4.783881,11.549200000
227,4.795599,11.495000000
228,4.807615,11.680100000
229,4.819737,11.872900000
230,4.834685,14.628500000
231,4.847023,12.112300000
232,4.937362,12.443600000
233,4.949647,11.686800000
234,4.963575,13.600200000
235,4.975619,11.661900000
236,4.986649,10.742700000
237,4.996773,10.004900000
238,5.006821,9.779200000
239,5.016449,9.482500000
240,5.025921,9.180000000
241,5.035027,8.992700000
242,5.044707,9.417200000
243,5.122823,11.686200000
244,5.139030,11.726100000
245,5.154061,14.721300000
246,5.167501,13.012700000
247,5.179595,11.802100000
248,5.190307,10.470500000
249,5.200239,9.718100000
250,5.209444,8.978500000
251,5.218696,9.063900000
252,5.292661,11.342800000
253,5.304596,11.691800000
254,5.317641,12.681200000
255,5.333547,15.597600000
256,5.346156,12.305800000
257,5.357504,11.040200000
258,5.368390,10.664000000
259,5.379125,10.424200000
260,5.458974,11.315500000
261,5.471847,12.535700000
262,5.490137,14.921900000
263,5.503995,11.835300000
264,5.515062,10.827700000
265,5.525731,10.400000000
266,5.535636,9.720000000
267,5.545274,9.451700000
268,5.555160,9.676800000
269,5.632703,11.888300000
270,5.647075,12.016700000
271,5.660172,12.823100000
272,5.673611,12.783300000
273,5.684820,10.943500000
274,5.695335,10.267100000
275,5.705451,9.896800000
276,5.714825,9.182700000
277,5.794213,13.216400000
278,5.807526,12.986900000
279,5.821124,12.112500000
280,5.838775,12.530400000
281,5.850220,11.195900000
282,5.861573,11.163700000
283,5.872387,10.599800000
284,5.883188,10.518700000
285,5.973219,11.991300000
286,5.986154,12.616200000
287,6.001297,14.764800000
288,6.014252,12.616300000
289,6.026991,12.493200000
290,6.038867,11.652700000
291,6.049714,10.664600000
292,6.060834,10.912200000
293,6.071980,11.016800000
294,6.152299,11.956700000
295,6.165036,12.414300000
296,6.190517,11.688600000
297,6.202924,12.108700000
298,6.216475,13.343000000
299,6.229108,12.388800000
300,6.241550,12.189200000
301,6.256819,15.079600000
302,6.269447,12.303000000
303,6.351568,12.289600000
304,6.372516,18.912100000
305,6.389306,12.918300000
306,6.400748,11.155200000
307,6.412222,11.284900000
308,6.423832,11.377200000
309,6.434377,10.344500000
310,6.444823,10.280700000
311,6.454574,9.530000000
312,6.464330,9.547800000
313,6.547779,13.608800000
314,6.567096,18.982300000
315,6.583588,16.164300000
316,6.597280,13.367000000
317,6.609856,12.285600000
318,6.621457,11.393300000
319,6.633507,11.774600000
320,6.645404,11.599400000
321,6.657212,11.464100000
322,6.668651,11.173500000
323,6.754372,14.133400000
324,6.768357,13.652100000
325,6.785391,16.608900000
326,6.800373,14.679300000
327,6.813369,12.636600000
328,6.824870,11.186000000
329,6.835643,10.494800000
330,6.846501,10.640700000
331,6.859364,12.514800000
332,6.870208,10.559200000
333,6.959816,14.167000000
334,6.975013,14.798300000
335,6.998954,16.007600000
336,7.013179,13.905700000
337,7.025250,11.752000000
338,7.036430,10.852300000
339,7.047364,10.679800000
340,7.057632,9.987000000
341,7.067119,9.288900000
342,7.076565,9.213400000
343,7.086511,9.732200000
344,7.175399,12.508700000
345,7.187181,11.452100000
346,7.201926,14.427300000
347,7.214218,11.922900000
348,7.225585,11.020000000
349,7.237075,11.245700000
350,7.248386,11.011400000
351,7.258670,10.016900000
352,7.268468,9.533500000
353,7.278166,9.315500000
354,7.355465,11.037800000
355,7.367343,11.421400000
356,7.380772,13.113500000
357,7.393600,11.488200000
358,7.405328,11.488700000
359,7.416930,11.364500000
360,7.427364,10.115000000
361,7.437687,10.047700000
362,7.447544,9.502900000
363,7.456722,8.895000000
364,7.538472,12.795700000
365,7.552057,13.182100000
366,7.580767,12.683700000
367,7.593018,11.931200000
368,7.604953,11.673400000
369,7.616094,10.959400000
370,7.627345,11.014400000
371,7.638280,10.665900000
372,7.648208,9.664300000
373,7.725196,10.797000000
374,7.741968,11.353100000
375,7.757651,15.386700000
376,7.769140,11.118100000
377,7.779870,10.491900000
378,7.789807,9.668700000
379,7.799865,9.827000000
380,7.809209,9.121200000
381,7.818167,8.863900000
382,7.895657,10.849700000
383,7.912164,11.481200000
384,7.926698,14.246000000
385,7.938172,11.139900000
386,7.948884,10.465100000
387,7.959036,10.014600000
388,7.968818,9.523500000
389,7.978401,9.326400000
390,7.987461,8.836500000
391,8.066373,11.201200000
392,8.083186,16.460200000
393,8.097614,14.113700000
394,8.109184,11.250600000
395,8.120731,11.305800000
396,8.131242,10.357500000
397,8.141368,9.831500000
398,8.151439,9.829600000
399,8.238036,11.606900000
400,8.252008,13.559200000
401,8.267031,14.692100000
402,8.279932,12.572200000
403,8.292117,11.897900000
404,8.303249,10.844700000
405,8.313551,10.053900000
406,8.323257,9.414900000
407,8.332638,9.093000000
408,8.413685,13.182700000
409,8.430747,16.554000000
410,8.445137,14.083100000
411,8.457016,11.521600000
412,8.468061,10.748000000
413,8.478268,9.945100000
414,8.487893,9.383300000
415,8.496952,8.851100000
416,8.574324,11.158900000
417,8.586016,11.340200000
418,8.612948,11.831100000
419,8.624438,11.185400000
420,8.634908,10.192900000
421,8.644656,9.511100000
422,8.654142,9.266800000
423,8.663206,8.825300000
424,8.748448,12.794600000
425,8.762381,11.947800000
426,8.776966,14.260200000
427,8.790550,13.245300000
428,8.801343,10.487000000
429,8.811456,9.862700000
430,8.821687,10.025800000
431,8.831462,9.503200000
432,8.841637,9.957200000
433,8.921163,12.163300000
434,8.932780,11.317600000
435,8.946493,13.435700000
436,8.958156,11.368000000
437,8.969511,11.063500000
438,8.980231,10.423300000
439,8.989965,9.525300000
440,8.999401,9.329400000
441,9.009626,9.953300000
442,9.100385,12.457300000
443,9.124422,19.416400000
444,9.137824,12.057400000
445,9.149908,11.599900000
446,9.161176,11.010800000
447,9.172263,10.866100000
448,9.183381,10.980400000
449,9.194973,11.307900000
450,9.206396,11.194800000
451,9.303025,10.560300000
452,9.313782,10.370900000
453,9.324776,10.657100000
454,9.338231,13.206400000
455,9.349520,11.045600000
456,9.359752,10.060600000
457,9.369448,9.589100000
458,9.378866,9.221700000
459,9.388394,9.336500000
460,9.398413,9.790000000
461,9.479217,11.315300000
462,9.490869,11.272300000
463,9.501724,10.524200000
464,9.515200,13.225300000
465,9.526252,10.796400000
466,9.536200,9.717900000
467,9.545783,9.342100000
468,9.555066,9.055100000
469,9.564356,9.033400000
470,9.643472,11.557000000
471,9.655915,12.124200000
472,9.669268,13.022200000
473,9.685575,14.152600000
474,9.696279,10.389900000
475,9.706367,9.876700000
476,9.716275,9.615900000
477,9.726674,10.080800000
478,9.811916,11.622800000
479,9.824795,12.496900000
480,9.851827,12.110600000
481,9.863248,11.076800000
482,9.874787,11.270900000
483,9.886227,11.174000000
484,9.896089,9.729100000
485,9.905557,9.215400000
486,9.986604,14.509000000
487,9.999076,12.128900000
488,10.015041,15.624200000
489,10.029997,14.507300000
490,10.046163,15.664200000
491,10.060349,13.958100000
492,10.073657,13.040100000
493,10.085812,11.907600000
494,10.107233,21.123100000
495,10.184453,10.558900000
496,10.197048,12.257400000
497,10.208852,11.413900000
498,10.222603,13.451800000
499,10.233776,10.838400000
500,10.244067,10.024600000
501,10.253974,9.647500000
502,10.263077,8.867700000
503,10.271854,8.546500000
504,10.280814,8.777700000
505,10.375000,10.752400000
506,10.387793,12.371000000
507,10.399598,10.575000000
508,10.421064,12.308300000
509,10.434182,12.821200000
510,10.446964,12.467300000
511,10.458910,11.613100000
512,10.471003,11.764100000
513,10.482759,11.546300000
514,10.493092,10.048900000
515,10.573754,11.294700000
516,10.584671,10.623800000
517,10.612269,12.162000000
518,10.623152,10.660800000
519,10.633806,10.443000000
520,10.643679,9.612100000
521,10.653065,9.138900000
522,10.661923,8.617300000
523,10.670908,8.766100000
524,10.751852,10.462500000
525,10.762524,10.364300000
526,10.772883,10.004200000
527,10.790104,16.839900000
528,10.802851,12.369300000
529,10.813061,9.975600000
530,10.822634,9.363100000
531,10.832234,9.300400000
532,10.841350,8.838600000
533,10.922724,10.287000000
534,10.934046,10.979400000
535,10.944800,10.422000000
536,10.958451,13.387500000
537,10.972180,13.317300000
538,10.981969,9.537000000
539,10.991533,9.305400000
540,11.000715,8.908100000
541,11.009790,8.959700000
542,11.088223,10.405500000
543,11.099047,10.460200000
544,11.109464,10.008100000
545,11.122603,12.892400000
546,11.133011,9.963100000
547,11.142812,9.560400000
548,11.152677,9.654600000
549,11.161900,8.964600000
550,11.243299,11.277100000
551,11.254393,10.742000000
552,11.265399,10.741200000
553,11.281221,11.116000000
554,11.291916,10.410300000
555,11.301994,9.845400000
556,11.311347,9.073000000
557,11.320252,8.701200000
558,11.409281,10.212800000
559,11.420111,10.398400000
560,11.430894,10.266300000
561,11.444519,13.348300000
562,11.455046,10.212600000
563,11.465027,9.813200000
564,11.474453,9.226300000
565,11.483252,8.695400000
566,11.564433,10.143200000
567,11.576049,11.155800000
568,11.587591,11.182600000
569,11.601795,13.906400000
570,11.612718,10.681300000
571,11.623006,10.102400000
572,11.632651,9.390300000
573,11.641881,8.952800000
574,11.725457,14.375200000
575,11.741182,11.481700000
576,11.757357,11.074500000
577,11.768054,10.382800000
578,11.778550,10.281300000
579,11.788115,9.425600000
580,11.797806,9.427400000
581,11.807620,9.598800000
582,11.888774,11.030700000
583,11.900038,10.896200000
584,11.927033,12.907200000
585,11.938558,11.114200000
586,11.948821,9.968100000
587,11.958379,9.383800000
588,11.968010,9.311200000
589,11.977260,8.962700000
590,12.066344,10.804800000
591,12.078310,11.620800000
592,12.104401,11.676300000
593,12.116073,11.240500000
594,12.126381,10.104900000
595,12.136369,9.793200000
596,12.148625,11.998300000
597,12.158590,9.704900000
598,12.168524,9.651400000
599,12.254161,10.273700000
600,12.264699,10.173700000
601,12.277551,12.546700000
602,12.292944,10.630400000
603,12.303908,10.638300000
604,12.314228,10.062300000
605,12.324120,9.688900000
606,12.333978,9.663000000
607,12.343896,9.619100000
608,12.353853,9.769200000
609,12.454886,11.486300000
610,12.466025,10.740200000
611,12.495662,10.851600000
612,12.506232,10.249700000
613,12.516398,9.945800000
614,12.526563,9.954100000
615,12.536912,10.107600000
616,12.547634,10.460600000
617,12.559262,11.380400000
618,12.642638,10.500500000
619,12.654626,11.593800000
620,12.682003,10.830200000
621,12.692920,10.543300000
622,12.703743,10.549800000
623,12.714347,10.323100000
624,12.724630,10.050800000
625,12.735286,10.394300000
626,12.745892,10.366500000
627,12.756088,10.071000000
628,12.847264,11.184100000
629,12.859307,11.544300000
630,12.872869,13.241000000
631,12.884404,10.253700000
632,12.895689,10.973100000
633,12.905978,10.062400000
634,12.915448,9.194900000
635,12.926487,10.798700000
636,12.935080,8.458700000
637,12.943501,8.139800000
638,13.022816,10.395500000
639,13.033536,10.426700000
640,13.046770,12.912400000
641,13.061434,11.041900000
642,13.072171,10.453200000
643,13.082319,9.888700000
644,13.092445,9.824200000
645,13.101792,9.026200000
646,13.110373,8.371400000
647,13.198206,14.564300000
648,13.210913,12.340700000
649,13.226386,15.113900000
650,13.237650,10.867500000
651,13.249930,11.986400000
652,13.261017,10.755700000
653,13.271808,10.505700000
654,13.282787,10.702900000
655,13.365879,10.524300000
656,13.377291,11.089700000
657,13.391507,13.921700000
658,13.405401,10.783200000
659,13.415982,10.321900000
660,13.425846,9.574700000
661,13.435216,9.162500000
662,13.444175,8.739600000
663,13.453234,8.812600000
664,13.543991,11.030400000
665,13.581490,10.531100000
666,13.592154,10.390700000
667,13.602665,10.319100000
668,13.612583,9.725200000
669,13.622091,9.332400000
670,13.630852,8.554600000
671,13.639634,8.597800000
672,13.648385,8.560800000
673,13.733071,15.946800000
674,13.769789,15.780200000
675,13.780266,10.160700000
676,13.790298,9.790900000
677,13.799367,8.950700000
678,13.808768,9.122300000
679,13.817846,8.877300000
680,13.826247,8.173000000
681,13.834510,8.037700000
682,13.912258,10.203800000
683,13.928141,15.259500000
684,13.941866,13.418900000
685,13.953340,11.090600000
686,13.963777,10.123800000
687,13.973693,9.676600000
688,13.982980,8.986000000
689,13.991960,8.783900000
690,14.000522,8.282900000
691,14.080472,10.195000000
692,14.091523,10.728200000
693,14.120211,11.038100000
694,14.130417,9.904100000
695,14.140215,9.567200000
696,14.149438,8.998600000
697,14.158232,8.484300000
698,14.166905,8.464200000
699,14.175480,8.363500000
700,14.252953,9.941600000
701,14.263598,10.323000000
702,14.274436,10.543800000
703,14.294985,16.174200000
704,14.305260,9.997500000
705,14.315061,9.576400000
706,14.324405,9.083200000
707,14.333265,8.648700000
708,14.413788,10.062400000
709,14.424712,10.368000000
710,14.436265,11.189600000
711,14.452310,10.854900000
712,14.463446,10.850400000
713,14.473927,10.168400000
714,14.484072,9.894000000
715,14.494305,10.004700000
716,14.503453,8.987300000
717,14.600460,10.381700000
718,14.612264,11.484400000
719,14.623078,10.481200000
720,14.640230,11.728300000
721,14.652048,11.486300000
722,14.662898,10.582700000
723,14.672436,9.223200000
724,14.681725,8.967700000
725,14.691273,9.322900000
726,14.775534,10.396100000
727,14.787100,11.237600000
728,14.812376,12.500900000
729,14.822883,10.055800000
730,14.832452,9.334000000
731,14.842308,9.624400000
732,14.852392,9.899400000
733,14.862519,9.834700000
734,14.871783,9.014800000
735,14.956971,10.605800000
736,14.968870,11.548100000
737,14.980305,11.088600000
738,14.997634,12.748600000
739,15.008464,10.589000000
740,15.018721,9.978800000
741,15.028552,9.689800000
742,15.039824,10.995300000
743,15.049203,9.067800000
744,15.141962,12.209000000
745,15.154769,12.458100000
746,15.182365,10.820700000
747,15.193815,11.064400000
748,15.204946,10.839500000
749,15.215179,9.965400000
750,15.225074,9.657800000
751,15.234333,9.096600000
752,15.243549,9.015200000
753,15.328739,11.589300000
754,15.341792,12.609500000
755,15.369694,13.056300000
756,15.382030,11.895300000
757,15.392960,10.551300000
758,15.403665,10.324200000
759,15.414558,10.598500000
760,15.425722,10.913300000
761,15.436696,10.683500000
762,15.527095,11.378700000
763,15.538204,10.715600000
764,15.550854,12.329200000
765,15.563861,10.896400000
766,15.576746,12.556300000
767,15.587150,10.139200000
768,15.597211,9.847600000
769,15.606541,9.127300000
770,15.615406,8.680400000
771,15.624086,8.478500000
772,15.719441,10.060700000
773,15.730551,10.746000000
774,15.756700,13.255900000
775,15.770966,13.919300000
776,15.781603,10.360900000
777,15.791411,9.607100000
778,15.802894,11.297700000
779,15.815559,12.437700000
780,15.826932,11.129000000
781,15.838181,11.034300000
782,15.929605,10.327500000
783,15.941951,12.017400000
784,15.972051,13.292200000
785,15.983269,10.961100000
786,15.994281,10.512600000
787,16.004752,10.172600000
788,16.015083,10.091500000
789,16.025359,9.981600000
790,16.040435,14.936300000
791,16.049843,9.073400000
792,16.133934,10.335700000
793,16.148780,9.738400000
794,16.161817,12.832700000
795,16.172825,10.233500000
796,16.183706,10.576500000
797,16.193660,9.734300000
798,16.204583,10.674700000
799,16.213006,8.216200000
800,16.221436,8.225400000
801,16.229816,8.170100000
802,16.310991,9.919000000
803,16.322105,10.802600000
804,16.350322,10.344600000
805,16.360485,9.811200000
806,16.370584,9.928700000
807,16.381566,10.682100000
808,16.390826,9.147100000
809,16.400312,9.205500000
810,16.409674,9.128800000
811,16.490313,10.906000000
812,16.502200,11.525400000
813,16.529973,9.873800000
814,16.540465,10.204300000
815,16.550349,9.630200000
816,16.559459,8.851900000
817,16.568236,8.534200000
818,16.576514,8.090500000
819,16.584528,7.837900000
820,16.663924,9.733800000
821,16.674858,10.606000000
822,16.705524,14.226500000
823,16.715471,9.606900000
824,16.725199,9.468000000
825,16.735169,9.746200000
826,16.745516,10.127100000
827,16.754649,8.907200000
828,16.763242,8.344800000
829,16.856040,12.684600000
830,16.892479,10.683500000
831,16.902937,10.142900000
832,16.912744,9.484800000
833,16.921937,9.074400000
834,16.930664,8.466200000
835,16.939044,8.221800000
836,16.947438,8.195200000
837,16.955892,8.246300000
838,17.045632,15.561100000
839,17.081016,12.382300000
840,17.091485,10.029300000
841,17.101255,9.434200000
842,17.110432,8.966400000
843,17.119079,8.517100000
844,17.127575,8.247700000
845,17.135839,8.078700000
846,17.144217,8.188300000
847,17.152506,8.075800000
848,17.229838,10.342400000
849,17.240219,10.075400000
850,17.252369,9.988900000
851,17.265686,13.043000000
852,17.276273,10.118700000
853,17.286178,9.683900000
854,17.295984,9.524900000
855,17.306090,9.841000000
856,17.315207,8.899000000
857,17.397671,10.854800000
858,17.409052,11.017900000
859,17.433749,13.577000000
860,17.445612,11.371100000
861,17.455416,9.531700000
862,17.465233,9.581100000
863,17.474506,8.972800000
864,17.483456,8.690200000
865,17.491885,8.229100000
866,17.569083,10.057400000
867,17.579884,10.408200000
868,17.609111,11.763800000
869,17.620492,11.056400000
870,17.631164,10.315400000
871,17.641683,10.264600000
872,17.651810,9.860700000
873,17.661393,9.215200000
874,17.751316,11.362600000
875,17.764629,12.584800000
876,17.787755,11.031700000
877,17.798456,10.367200000
878,17.808705,10.060400000
879,17.818846,10.030100000
880,17.829038,9.877100000
881,17.839261,10.046500000
882,17.848528,9.128800000
883,17.944890,10.720200000
884,17.956196,10.925200000
885,17.985805,10.487900000
886,17.996393,10.161400000
887,18.006127,9.440900000
888,18.015075,8.683600000
889,18.023603,8.343000000
890,18.031913,8.073700000
891,18.039964,7.870500000
892,18.048343,8.169100000
893,18.132309,12.696600000
894,18.144481,11.798700000
895,18.159023,14.217800000
896,18.176929,17.490300000
897,18.188289,11.006000000
898,18.198699,10.162600000
899,18.209491,10.519900000
900,18.220362,10.558500000
901,18.231175,10.580600000
902,18.310308,10.689600000
903,18.322122,11.483600000
904,18.345632,10.607600000
905,18.356651,10.738400000
906,18.367484,10.527500000
907,18.378085,10.353700000
908,18.387874,9.587500000
909,18.397737,9.614800000
910,18.406583,8.585000000
911,18.489915,11.488700000
912,18.502252,11.968600000
913,18.531134,10.323800000
914,18.542593,11.153400000
915,18.553617,10.740100000
916,18.564123,10.263500000
917,18.574499,10.157400000
918,18.583956,9.331200000
919,18.593551,9.239500000
920,18.672532,9.970600000
921,18.683209,10.316800000
922,18.714014,12.079200000
923,18.724101,9.786600000
924,18.733495,9.142100000
925,18.742624,8.881600000
926,18.751060,8.156200000
927,18.760363,9.102500000
928,18.768935,8.328500000
929,18.855453,12.742600000
930,18.867515,11.704500000
931,18.891218,10.437300000
932,18.903155,11.585300000
933,18.914225,10.799800000
934,18.924589,10.081400000
935,18.934745,10.026900000
936,18.943734,8.755300000
937,18.952247,8.244300000
938,19.044547,10.966200000
939,19.066852,15.477300000
940,19.077389,10.246300000
941,19.090068,12.361200000
942,19.100195,9.833000000
943,19.109951,9.593200000
944,19.119113,8.910000000
945,19.127949,8.650500000
946,19.136751,8.629100000
947,19.145623,8.668300000
948,19.229359,10.984600000
949,19.241299,11.433900000
950,19.266474,12.268600000
951,19.280156,13.328500000
952,19.291141,10.576900000
953,19.301376,9.888300000
954,19.311428,9.751600000
955,19.321463,9.765900000
956,19.332034,10.257900000
957,19.415705,10.331500000
958,19.426495,10.495500000
959,19.452404,10.208200000
960,19.462688,9.864000000
961,19.473001,10.063200000
962,19.481985,8.873100000
963,19.491238,9.010200000
964,19.500045,8.664500000
965,19.509125,8.849800000
966,19.517873,8.532800000
967,19.599493,10.941700000
968,19.638508,10.632100000
969,19.648761,9.940700000
970,19.658370,9.355500000
971,19.667881,9.365800000
972,19.677071,8.905700000
973,19.685794,8.528200000
974,19.694132,8.209500000
975,19.702686,8.328400000
976,19.782306,10.085600000
977,19.793358,10.759900000
978,19.824253,12.336000000
979,19.834982,10.468000000
980,19.845388,10.189000000
981,19.855829,10.225900000
982,19.865544,9.482400000
983,19.874669,8.917600000
984,19.883531,8.666900000
985,19.962685,10.925200000
986,19.973743,10.698000000
987,20.002101,10.791000000
988,20.013208,10.848400000
989,20.023443,9.954400000
990,20.032976,9.368200000
991,20.041967,8.810400000
992,20.050739,8.530400000
993,20.059478,8.549500000
994,20.150984,10.610100000
995,20.181321,15.757400000
996,20.191867,10.186900000
997,20.202917,10.664300000
998,20.213713,10.512400000
999,20.223615,9.666700000
1000,20.233288,9.436500000
1001,20.242407,8.889000000
1002,20.251638,9.028900000
1003,20.333662,10.285400000
1004,20.345149,11.167800000
1005,20.358999,10.323700000
1006,20.372143,12.834000000
1007,20.382578,10.144400000
1008,20.393142,10.335300000
1009,20.403343,10.051800000
1010,20.412676,9.110600000
1011,20.421273,8.399500000
1012,20.501020,9.946900000
1013,20.514935,13.576600000
1014,20.529040,12.544800000
1015,20.543452,11.750400000
1016,20.554377,10.634100000
1017,20.564370,9.712600000
1018,20.573800,9.191500000
1019,20.582382,8.389700000
1020,20.590603,8.056700000
1021,20.671489,12.348000000
1022,20.696652,12.459600000
1023,20.713068,16.003600000
1024,20.725991,12.469800000
1025,20.737599,11.184700000
1026,20.748643,10.790300000
1027,20.759355,10.416500000
1028,20.769992,10.472400000
1029,20.859852,11.473900000
1030,20.872894,12.668700000
1031,20.898828,10.944200000
1032,20.909151,10.067000000
1033,20.919064,9.718300000
1034,20.928531,9.276400000
1035,20.937596,8.865800000
1036,20.946610,8.819300000
1037,20.956122,9.333300000
1038,20.965086,8.706000000
1039,21.053069,10.913100000
1040,21.065226,11.754700000
1041,21.095427,14.761900000
1042,21.105207,9.447300000
1043,21.115017,9.525100000
1044,21.124128,8.904300000
1045,21.133110,8.787500000
1046,21.142188,8.894700000
1047,21.151345,8.980600000
1048,21.241650,12.092800000
1049,21.252749,10.705100000
1050,21.281308,11.144700000
1051,21.293510,11.866300000
1052,21.304495,10.659000000
1053,21.314587,9.826600000
1054,21.324420,9.627600000
1055,21.333669,9.032600000
1056,21.342791,8.917800000
1057,21.351055,8.075500000
1058,21.434309,11.858800000
1059,21.445323,10.663100000
1060,21.471442,10.262100000
1061,21.481879,10.126700000
1062,21.491481,9.432600000
1063,21.500511,8.843800000
1064,21.509368,8.678800000
1065,21.520766,11.276100000
1066,21.529467,8.538500000
1067,21.615164,13.123000000
1068,21.635567,19.983200000
1069,21.663772,17.516900000
1070,21.679243,15.185700000
1071,21.694625,15.016800000
1072,21.723424,28.451400000
1073,21.734131,10.356100000
1074,21.743223,8.868600000
1075,21.751533,8.055000000
1076,21.828988,10.479100000
1077,21.840934,11.612200000
1078,21.866493,11.525200000
1079,21.877692,10.945300000
1080,21.888761,10.819200000
1081,21.898786,9.817800000
1082,21.908166,9.186800000
1083,21.917328,8.969300000
1084,21.926463,8.997300000
1085,21.935138,8.463200000
1086,21.943466,8.147100000
1087,22.022770,10.610500000
1088,22.033928,10.617000000
1089,22.058940,10.765200000
1090,22.069941,10.649200000
1091,22.079936,9.712600000
1092,22.089749,9.567500000
1093,22.099344,9.414800000
1094,22.108734,9.193000000
1095,22.118727,9.773200000
1096,22.127680,8.704200000
1097,22.205698,10.609600000
1098,22.216686,10.710700000
1099,22.228695,11.675700000
1100,22.245967,12.746100000
1101,22.256615,10.354500000
1102,22.266438,9.509000000
1103,22.275961,9.349600000
1104,22.285425,9.182000000
1105,22.295367,9.714700000
1106,22.384929,10.401600000
1107,22.395739,10.435800000
1108,22.422412,10.588100000
1109,22.432678,9.980100000
1110,22.442281,9.419700000
1111,22.452206,9.701000000
1112,22.462309,9.854300000
1113,22.471560,9.029100000
1114,22.481005,9.232600000
1115,22.562863,11.301700000
1116,22.573980,10.784100000
1117,22.586783,11.486100000
1118,22.600683,12.989800000
1119,22.611269,10.244400000
1120,22.621072,9.577200000
1121,22.630318,9.077600000
1122,22.639481,8.938000000
1123,22.648656,9.029900000
1124,22.729177,12.082100000
1125,22.769160,10.485800000
1126,22.779681,10.292500000
1127,22.789575,9.635000000
1128,22.799291,9.571000000
1129,22.808227,8.824700000
1130,22.817033,8.717600000
1131,22.826304,9.032200000
1132,22.913745,14.430000000
1133,22.946959,11.344000000
1134,22.957435,10.168100000
1135,22.967199,9.452700000
1136,22.976730,9.367400000
1137,22.985785,8.778400000
1138,22.995170,9.176100000
1139,23.003869,8.531600000
1140,23.012617,8.519100000
1141,23.092498,11.279200000
1142,23.110635,11.587900000
1143,23.124586,13.689900000
1144,23.135829,10.896100000
1145,23.146124,10.082900000
1146,23.155969,9.658900000
1147,23.165572,9.420400000
1148,23.174902,9.133800000
1149,23.184880,9.725700000
1150,23.276302,11.223300000
1151,23.319702,12.051700000
1152,23.330959,11.008400000
1153,23.342512,11.245500000
1154,23.354166,11.375000000
1155,23.365253,10.879400000
1156,23.375852,10.377100000
1157,23.385458,9.348500000
1158,23.394728,9.069600000
1159,23.403856,8.921800000
1160,23.498339,10.920700000
1161,23.510624,11.948900000
1162,23.539559,11.620900000
1163,23.550846,11.052400000
1164,23.560934,9.892800000
1165,23.571073,9.849700000
1166,23.580432,9.172600000
1167,23.589370,8.788000000
1168,23.598861,9.244900000
1169,23.607431,8.357600000
1170,23.615717,8.078200000
1171,23.695317,12.030300000
1172,23.735393,11.551700000
1173,23.745722,10.017300000
1174,23.756000,10.104600000
1175,23.765481,9.321100000
1176,23.776025,10.335900000
1177,23.787326,11.031000000
1178,23.796985,9.414500000
1179,23.806483,9.240900000
1180,23.893430,11.296700000
1181,23.904270,10.562600000
1182,23.936299,11.054500000
1183,23.947572,11.017300000
1184,23.957554,9.819800000
1185,23.966697,9.053600000
1186,23.975551,8.577000000
1187,23.983898,8.178000000
1188,23.991931,7.862200000
1189,24.000130,8.025000000
1190,24.083105,11.823000000
1191,24.126301,10.871200000
1192,24.137043,10.374800000
1193,24.146938,9.594400000
1194,24.156555,9.414000000
1195,24.165641,8.892000000
1196,24.174151,8.282400000
1197,24.183019,8.675800000
1198,24.191929,8.644800000
1199,24.200226,8.116500000
1200,24.279239,11.944200000
1201,24.315578,10.898200000
1202,24.327063,11.224300000
1203,24.337678,10.301000000
1204,24.347403,9.475100000
1205,24.356771,9.143500000
1206,24.365651,8.692500000
1207,24.375442,9.603100000
1208,24.383965,8.271200000
1209,24.392588,8.367200000
1210,24.494446,17.312000000
1211,24.534684,11.942900000
1212,24.545772,10.723300000
1213,24.555861,9.668100000
1214,24.565279,9.221400000
1215,24.574669,9.202400000
1216,24.584445,9.638400000
1217,24.593354,8.716500000
1218,24.602001,8.477500000
1219,24.610469,8.316100000
1220,24.686851,10.620800000
1221,24.698702,11.519800000
1222,24.726690,11.843100000
1223,24.737677,10.658600000
1224,24.747614,9.771500000
1225,24.756728,9.011200000
1226,24.765763,8.948600000
1227,24.774287,8.355400000
1228,24.782791,8.206900000
1229,24.791764,8.729400000
1230,24.871241,11.952200000
1231,24.884957,13.307300000
1232,24.911969,12.410000000
1233,24.922680,10.437800000
1234,24.932270,9.429900000
1235,24.942123,9.666600000
1236,24.951354,9.016400000
1237,24.960729,9.241600000
1238,24.969426,8.585100000
1239,25.048141,10.242900000
1240,25.059212,10.681800000
1241,25.073956,10.506300000
1242,25.092590,10.560900000
1243,25.103318,10.501100000
1244,25.113222,9.669600000
1245,25.123338,9.833900000
1246,25.132731,9.104900000
1247,25.141784,8.835900000
1248,25.222962,11.245600000
1249,25.234199,10.827900000
1250,25.247846,13.345000000
1251,25.263051,13.114400000
1252,25.274069,10.710900000
1253,25.284640,10.339000000
1254,25.294567,9.759000000
1255,25.303843,9.016800000
1256,25.312675,8.662200000
1257,25.398072,13.760300000
1258,25.410714,12.303000000
1259,25.435642,10.826200000
1260,25.446267,10.310700000
1261,25.456107,9.556500000
1262,25.466243,9.865600000
1263,25.475572,9.072700000
1264,25.484651,8.851500000
1265,25.493839,8.991300000
1266,25.582732,10.904500000
1267,25.598015,14.975900000
1268,25.610594,12.290200000
1269,25.623316,11.312000000
1270,25.633415,9.825600000
1271,25.643625,9.997400000
1272,25.653125,9.312100000
1273,25.662060,8.731100000
1274,25.670695,8.388000000
1275,25.749235,10.773800000
1276,25.761691,12.147200000
1277,25.786760,10.445300000
1278,25.797760,10.768500000
1279,25.808697,10.721300000
1280,25.818540,9.726700000
1281,25.828540,9.698800000
1282,25.838649,9.862400000
1283,25.921813,10.558100000
1284,25.932718,10.599100000
1285,25.943752,10.725700000
1286,25.958938,10.954200000
1287,25.969387,10.172100000
1288,25.979328,9.660800000
1289,25.988557,9.027600000
1290,25.997416,8.619200000
1291,26.006319,8.713300000
1292,26.095006,15.224300000
1293,26.108084,12.589100000
1294,26.123890,15.268400000
1295,26.137155,12.902200000
1296,26.147815,10.353300000
1297,26.157650,9.637800000
1298,26.167913,10.012600000
1299,26.177341,9.241100000
1300,26.261861,12.175000000
1301,26.303329,12.458900000
1302,26.315519,11.872100000
1303,26.327318,11.295400000
1304,26.338429,10.885700000
1305,26.349491,10.902800000
1306,26.360161,10.449700000
1307,26.370683,10.215300000
1308,26.380975,10.033500000
1309,26.460004,10.685300000
1310,26.474142,13.798800000
1311,26.503858,11.202700000
1312,26.514720,10.612700000
1313,26.524626,9.726500000
1314,26.534882,10.025200000
1315,26.545044,9.875400000
1316,26.555629,10.347400000
1317,26.565868,10.044200000
1318,26.575414,9.290400000
1319,26.676960,10.755200000
1320,26.688895,11.618000000
1321,26.714643,9.998800000
1322,26.724984,10.048000000
1323,26.734512,9.274400000
1324,26.743630,8.882500000
1325,26.753452,9.612300000
1326,26.763119,9.450100000
1327,26.772100,8.743400000
1328,26.780979,8.668900000
1329,26.789038,7.838400000
1330,26.866530,11.422200000
1331,26.881529,14.579700000
1332,26.911118,12.788000000
1333,26.922359,10.857400000
1334,26.933382,10.613800000
1335,26.943285,9.669100000
1336,26.952526,9.122500000
1337,26.961299,8.509300000
1338,26.970374,8.877500000
1339,27.051704,11.189800000
1340,27.063431,11.375000000
1341,27.091898,10.990800000
1342,27.103126,10.967700000
1343,27.113606,10.133400000
1344,27.123722,9.821400000
1345,27.133857,9.895600000
1346,27.143277,9.182100000
1347,27.152016,8.575500000
1348,27.236507,12.076500000
1349,27.273971,11.316100000
1350,27.285239,10.920700000
1351,27.296722,11.136100000
1352,27.307878,10.906400000
1353,27.319431,11.245100000
1354,27.330790,11.145500000
1355,27.344902,13.809600000
1356,27.354609,9.506500000
1357,27.364028,9.245800000
1358,27.447591,12.903900000
1359,27.464921,17.019600000
1360,27.483675,18.467500000
1361,27.498662,14.585000000
1362,27.525548,26.553600000
1363,27.534193,8.412000000
1364,27.542437,8.035000000
1365,27.550830,8.194600000
1366,27.558859,7.770800000
1367,27.567005,7.921400000
1368,27.647587,10.696100000
1369,27.658689,10.737100000
1370,27.686634,11.209600000
1371,27.697554,10.561700000
1372,27.708205,10.408800000
1373,27.718252,9.812600000
1374,27.727581,9.042200000
1375,27.737098,9.333800000
1376,27.745603,8.207200000
1377,27.754413,8.577000000
1378,27.846041,13.893700000
1379,27.879669,10.729000000
1380,27.890719,10.772300000
1381,27.901700,10.779500000
1382,27.912004,10.079200000
1383,27.922228,9.976800000
1384,27.932472,10.040500000
1385,27.941854,9.184100000
1386,27.951610,9.510500000
1387,27.960337,8.514000000
1388,28.039744,10.971400000
1389,28.051458,11.383700000
1390,28.083221,15.782000000
1391,28.093644,10.105700000
1392,28.103164,9.329700000
1393,28.112320,8.771500000
1394,28.121229,8.668100000
1395,28.130191,8.736200000
1396,28.139576,9.148600000
1397,28.148434,8.644700000
1398,28.226502,9.887900000
1399,28.237082,10.294100000
1400,28.265460,10.859900000
1401,28.275963,10.176300000
1402,28.285939,9.734900000
1403,28.295817,9.617700000
1404,28.305763,9.741300000
1405,28.315147,9.145200000
1406,28.323918,8.560900000
1407,28.400618,10.976100000
1408,28.411772,10.758700000
1409,28.435917,12.224800000
1410,28.446159,9.984000000
1411,28.456254,9.855400000
1412,28.465875,9.427600000
1413,28.475372,9.291000000
1414,28.484323,8.635900000
1415,28.493385,8.828600000
1416,28.577148,13.048000000
1417,28.616726,14.902900000
1418,28.627408,10.415400000
1419,28.637520,9.881400000
1420,28.646846,9.156000000
1421,28.655709,8.638500000
1422,28.664598,8.703900000
1423,28.673738,8.922000000
1424,28.683697,9.706600000
1425,28.774129,12.841400000
1426,28.814519,15.135400000
1427,28.825623,10.764400000
1428,28.836493,10.586200000
1429,28.847195,10.479100000
1430,28.858693,11.244200000
1431,28.870178,11.248800000
1432,28.881471,10.952800000
1433,28.892497,10.714100000
1434,28.984904,10.488200000
1435,28.995635,10.421300000
1436,29.029162,13.142600000
1437,29.039434,10.023400000
1438,29.048937,9.320300000
1439,29.058120,8.998200000
1440,29.066724,8.384800000
1441,29.075438,8.541500000
1442,29.084467,8.792500000
1443,29.093023,8.325000000
1444,29.101593,8.333800000
1445,29.177561,10.218700000
1446,29.188570,10.613500000
1447,29.221497,11.067800000
1448,29.232151,10.355000000
1449,29.241922,9.555000000
1450,29.251636,9.472100000
1451,29.260681,8.844000000
1452,29.269470,8.532800000
1453,29.278410,8.725800000
1454,29.286965,8.355400000
1455,29.368749,10.625700000
1456,29.379323,10.245200000
1457,29.390519,10.652600000
1458,29.403860,13.045900000
1459,29.414694,10.567000000
1460,29.425749,10.732000000
1461,29.436567,10.489300000
1462,29.447767,10.921200000
1463,29.457596,9.566900000
1464,29.550992,10.678100000
1465,29.592410,9.929000000
1466,29.602112,9.405900000
1467,29.611541,9.201400000
1468,29.621037,9.297600000
1469,29.630935,9.680900000
1470,29.641137,9.915400000
1471,29.651398,10.014800000
1472,29.660919,9.302600000
1473,29.744140,11.179700000
1474,29.756820,12.334300000
1475,29.771284,14.036500000
1476,29.788130,16.529900000
1477,29.800364,11.791700000
1478,29.812221,11.571700000
1479,29.823222,10.766500000
1480,29.833699,10.279700000
1481,29.843273,9.361600000
1482,29.852951,9.476900000
1483,29.934974,12.907700000
1484,29.952237,10.466000000
1485,29.963453,10.940600000
1486,29.976659,10.796900000
1487,29.987344,10.414500000
1488,29.997189,9.595500000
1489,30.006449,9.050700000
1490,30.015344,8.674000000
1491,30.026326,10.768700000
1492,30.126072,11.704700000
1493,30.146929,20.313900000
1494,30.170550,11.317400000
1495,30.182093,11.200400000
1496,30.193077,10.702400000
1497,30.203196,9.921300000
1498,30.212473,9.011100000
1499,30.221904,9.171400000
1500,30.231690,9.471100000
1501,30.240595,8.625000000
1502,30.318919,10.974400000
1503,30.329290,10.025000000
1504,30.342003,12.044400000
1505,30.360446,12.310400000
1506,30.370240,9.529300000
1507,30.380181,9.738900000
1508,30.389170,8.876800000
1509,30.398715,9.260000000
1510,30.407703,8.782100000
1511,30.416306,8.388800000
1512,30.495313,9.922700000
1513,30.505605,10.035700000
1514,30.520111,10.273300000
1515,30.538358,13.176700000
1516,30.548500,9.931500000
1517,30.558673,9.935300000
1518,30.568614,9.721100000
1519,30.578691,9.881400000
1520,30.587812,9.012600000
1521,30.667338,10.875300000
1522,30.678446,10.789900000
1523,30.690217,10.183000000
1524,30.703221,12.739300000
1525,30.713811,10.334300000
1526,30.723872,9.837500000
1527,30.733489,9.375800000
1528,30.742624,8.908300000
1529,30.782677,9.307200000
1530,30.792044,9.101200000
1531,30.802281,9.995000000
1532,30.814980,12.111800000
1533,30.824997,9.783000000
1534,30.835274,9.989800000
1535,30.917630,14.033700000
1536,30.929915,11.905300000
1537,30.942791,12.583300000
1538,30.955516,12.313000000
1539,30.967087,11.249200000
1540,30.978209,10.803900000
1541,31.161608,14.433000000
1542,31.174281,12.279000000
1543,31.186382,11.797200000
1544,31.198318,11.508300000
1545,31.210606,11.966000000
1546,31.222696,11.766300000
1547,31.233770,10.776200000
1548,31.244433,10.361000000
1549,31.255014,10.382800000
1550,31.265912,10.646100000
1551,31.277013,10.824900000
1552,31.291703,14.437600000
1553,31.305504,11.714000000
1554,31.376892,11.549100000
1555,31.391145,13.902900000
1556,31.404547,13.057600000
1557,31.416412,11.573100000
1558,31.460127,13.009700000
1559,31.471547,11.181800000
1560,31.482444,10.624900000
1561,31.492323,9.629600000
1562,31.502089,9.583400000
1563,31.512119,9.821200000
1564,31.522361,10.088300000
1565,31.607304,11.670200000
1566,31.619070,11.419100000
1567,31.648790,10.929400000
1568,31.660022,10.923100000
1569,31.670524,10.231500000
1570,31.679924,9.139100000
1571,31.689683,9.520800000
1572,31.698540,8.649700000
1573,31.707866,9.119300000
1574,31.716510,8.360600000
1575,31.724698,8.064900000
1576,31.813607,11.434900000
1577,31.825502,11.491500000
1578,31.853068,11.489700000
1579,31.865445,11.904900000
1580,31.876625,10.878400000
1581,31.886643,9.733400000
1582,31.896243,9.417300000
1583,31.905454,9.071300000
1584,31.914719,8.966300000
1585,31.924236,9.259100000
1586,32.006100,11.691400000
1587,32.017288,10.836900000
1588,32.044582,11.145800000
1589,32.055665,10.727900000
1590,32.066138,10.238900000
1591,32.076530,10.156100000
1592,32.086409,9.702900000
1593,32.096693,10.005700000
1594,32.107069,10.095000000
1595,32.116880,9.598800000
1596,32.196797,10.181500000
1597,32.206886,9.782600000
1598,32.217974,10.827900000
1599,32.232300,14.002000000
1600,32.243806,11.123800000
1601,32.254742,10.636400000
1602,32.265212,10.203400000
1603,32.274642,9.245000000
1604,32.284033,9.232900000
1605,32.293780,9.541200000
1606,32.385705,10.039000000
1607,32.395893,9.821700000
1608,32.405879,9.712400000
1609,32.420045,12.798200000
1610,32.431613,11.240800000
1611,32.441434,9.580200000
1612,32.451325,9.726800000
1613,32.460522,8.961700000
1614,32.469291,8.568600000
1615,32.552839,10.455600000
1616,32.595132,10.436500000
1617,32.606161,10.703700000
1618,32.616406,9.979300000
1619,32.626158,9.552600000
1620,32.636043,9.586000000
1621,32.644987,8.718600000
1622,32.653627,8.428600000
1623,32.731275,10.972300000
1624,32.742523,10.936100000
1625,32.754771,11.920500000
1626,32.770651,11.713600000
1627,32.782593,11.453800000
1628,32.794114,11.227200000
1629,32.805150,10.801800000
1630,32.815062,9.693400000
1631,32.825490,10.219100000
1632,32.915444,12.225700000
1633,32.928650,12.806600000
1634,32.954970,14.971000000
1635,32.968969,13.568600000
1636,32.980734,11.481900000
1637,32.992076,11.043300000
1638,33.001893,9.427800000
1639,33.010955,8.798700000
1640,33.020385,9.156500000
1641,33.097100,9.881900000
1642,33.107434,10.018600000
1643,33.117897,10.113900000
1644,33.136598,10.241400000
1645,33.147637,10.794900000
1646,33.161445,13.532700000
1647,33.171736,9.983400000
1648,33.181127,9.174200000
1649,33.191725,10.373600000
1650,33.204157,12.216100000
1651,33.289276,15.556900000
1652,33.327277,14.803000000
1653,33.352511,24.930800000
1654,33.361745,8.910700000
1655,33.370905,8.928700000
1656,33.379550,8.441800000
1657,33.387993,8.235600000
1658,33.396533,8.337600000
1659,33.404805,8.102200000
1660,33.494083,10.026200000
1661,33.506251,11.822100000
1662,33.532960,11.098800000
1663,33.543570,10.311800000
1664,33.554208,10.356100000
1665,33.563586,9.140600000
1666,33.572535,8.736800000
1667,33.581739,8.964300000
1668,33.590319,8.378300000
1669,33.599026,8.499500000
1670,33.607844,8.585000000
1671,33.689132,10.543000000
1672,33.700386,10.962100000
1673,33.728711,10.191000000
1674,33.738826,9.848100000
1675,33.749191,10.075100000
1676,33.758457,9.151500000
1677,33.768162,9.416100000
1678,33.777191,8.733600000
1679,33.785698,8.330600000
1680,33.864234,11.462200000
1681,33.877755,13.119800000
1682,33.904320,11.679400000
1683,33.915366,10.827800000
1684,33.925398,9.800300000
1685,33.935578,9.940300000
1686,33.945833,9.965600000
1687,33.956168,10.051400000
1688,33.966519,10.107100000
1689,34.046602,9.924000000
1690,34.057629,10.772700000
1691,34.087983,12.877600000
1692,34.098751,10.452400000
1693,34.108700,9.703800000
1694,34.117840,9.023300000
1695,34.127007,8.867400000
1696,34.136102,8.869700000
1697,34.145623,9.278700000
1698,34.223026,10.102300000
1699,34.234448,11.104400000
1700,34.262350,11.214300000
1701,34.272588,9.919600000
1702,34.283197,10.354000000
1703,34.294031,10.660000000
1704,34.304610,10.346500000
1705,34.314278,9.275700000
1706,34.323336,8.848300000
1707,34.402237,9.857300000
1708,34.413293,10.740400000
1709,34.441737,10.597600000
1710,34.452491,10.419800000
1711,34.463196,10.518500000
1712,34.473774,10.284900000
1713,34.483847,9.842800000
1714,34.493220,9.147600000
1715,34.502155,8.729100000
1716,34.587845,10.111600000
1717,34.598669,10.504800000
1718,34.613813,10.599400000
1719,34.628424,14.378400000
1720,34.638942,10.220900000
1721,34.648725,9.570600000
1722,34.657923,8.982800000
1723,34.666716,8.596500000
1724,34.675910,8.988000000
1725,34.754050,9.985000000
1726,34.764642,10.223400000
1727,34.792365,10.741700000
1728,34.803043,10.447300000
1729,34.813870,10.589600000
1730,34.823854,9.760100000
1731,34.833983,9.917400000
1732,34.844262,10.013300000
1733,34.853480,8.981400000
1734,34.932323,9.864000000
1735,34.942689,10.069800000
1736,34.975312,13.727900000
1737,34.987355,11.654700000
1738,34.998155,10.435000000
1739,35.008013,9.534800000
1740,35.017318,8.926100000
1741,35.026207,8.546900000
1742,35.120690,10.828500000
1743,35.131469,10.416700000
1744,35.156828,10.472200000
1745,35.168805,11.325200000
1746,35.178859,9.812200000
1747,35.188178,9.131700000
1748,35.197208,8.844200000
1749,35.206143,8.708800000
1750,35.214687,8.367000000
1751,35.223829,8.870300000
1752,35.309162,10.714800000
1753,35.320320,10.780800000
1754,35.351376,13.074500000
1755,35.361363,9.647200000
1756,35.371449,9.803600000
1757,35.381404,9.719600000
1758,35.390666,9.143100000
1759,35.399689,8.691400000
1760,35.408419,8.489200000
1761,35.488655,11.197300000
1762,35.499033,10.068100000
1763,35.510698,11.398700000
1764,35.525094,10.225600000
1765,35.535255,9.776500000
1766,35.544790,9.308400000
1767,35.553858,8.867100000
1768,35.562646,8.587600000
1769,35.571997,9.071900000
1770,35.663421,10.949700000
1771,35.675126,11.414200000
1772,35.704154,12.468500000
1773,35.715403,10.839000000
1774,35.726177,10.477600000
1775,35.736837,10.291400000
1776,35.747675,10.518600000
1777,35.758524,10.524100000
1778,35.769390,10.534000000
1779,35.860275,14.009900000
1780,35.871641,11.016000000
1781,35.900088,12.116900000
1782,35.910514,10.088800000
1783,35.920307,9.566800000
1784,35.929253,8.790200000
1785,35.938349,8.963900000
1786,35.946949,8.340100000
1787,35.955765,8.626500000
1788,35.964276,8.300100000
1789,36.043692,9.803600000
1790,36.082336,10.694100000
1791,36.092378,9.787900000
1792,36.102517,9.861700000
1793,36.111825,9.166700000
1794,36.120801,8.765600000
1795,36.129865,8.882700000
1796,36.139147,9.039400000
1797,36.148078,8.712900000
1798,36.232424,11.976400000
1799,36.270123,12.433000000
1800,36.281224,10.658700000
1801,36.291851,10.262100000
1802,36.302376,10.235900000
1803,36.312696,10.033900000
1804,36.322845,9.797500000
1805,36.332946,9.808900000
1806,36.343063,9.902500000
1807,36.426398,10.056600000
1808,36.437414,10.547300000
1809,36.463074,9.710200000
1810,36.473140,9.788400000
1811,36.482435,9.053600000
1812,36.491288,8.632300000
1813,36.500120,8.624600000
1814,36.508465,8.118300000
1815,36.516583,7.926900000
1816,36.524478,7.751500000
1817,36.600985,9.552700000
1818,36.623993,9.789500000
1819,36.641999,9.993400000
1820,36.651933,9.621300000
1821,36.661547,9.394200000
1822,36.670859,9.032500000
1823,36.680029,8.933200000
1824,36.689251,8.925200000
1825,36.697714,8.267800000
1826,36.784964,9.515500000
1827,36.797888,12.616200000
1828,36.810620,9.638300000
1829,36.823227,12.357100000
1830,36.832948,9.453000000
1831,36.842296,9.144200000
1832,36.851180,8.696900000
1833,36.860161,8.754900000
1834,36.868571,8.197100000
1835,36.946157,9.772000000
1836,36.956789,10.253900000
1837,36.969307,10.405500000
1838,36.991246,12.317500000
1839,37.001659,10.081400000
1840,37.011296,9.328500000
1841,37.020035,8.546600000
1842,37.028450,8.231400000
1843,37.107582,10.081900000
1844,37.129184,9.834400000
1845,37.142279,12.826700000
1846,37.153508,10.907300000
1847,37.163240,9.467500000
1848,37.173179,9.690600000
1849,37.182250,8.872900000
1850,37.190998,8.558500000
1851,37.268917,9.730300000
1852,37.279664,10.386100000
1853,37.305597,10.315600000
1854,37.315398,9.458800000
1855,37.325284,9.715500000
1856,37.334449,8.896800000
1857,37.343689,9.039300000
1858,37.352376,8.456800000
1859,37.433242,11.739800000
1860,37.450609,16.975500000
1861,37.471108,13.554400000
1862,37.482335,10.836900000
1863,37.492541,9.907300000
1864,37.502680,9.815000000
1865,37.512433,9.564400000
1866,37.523586,10.835100000
1867,37.612528,10.944200000
1868,37.626132,13.241000000
1869,37.645955,10.058000000
1870,37.656337,10.068300000
1871,37.666468,9.886200000
1872,37.675469,8.854500000
1873,37.684010,8.344800000
1874,37.691959,7.762800000
1875,37.700550,8.345500000
1876,37.786165,9.648600000
1877,37.796675,10.155100000
1878,37.825396,12.813000000
1879,37.836513,10.793500000
1880,37.846945,10.199300000
1881,37.856338,9.117900000
1882,37.865696,9.102500000
1883,37.875191,9.297900000
1884,37.885084,9.606100000
1885,37.973736,9.621800000
1886,37.984413,10.307100000
1887,38.009798,11.021800000
1888,38.019699,9.619700000
1889,38.029106,9.121900000
1890,38.038765,9.367200000
1891,38.047608,8.666900000
1892,38.056192,8.370400000
1893,38.064409,8.041200000
1894,38.072375,7.768100000
1895,38.154389,11.080900000
1896,38.165133,10.453700000
1897,38.192181,10.245800000
1898,38.202400,9.957800000
1899,38.212594,9.957000000
1900,38.222184,9.256600000
1901,38.231257,8.737300000
1902,38.240258,8.719100000
1903,38.323666,11.234400000
1904,38.355947,10.797100000
1905,38.366644,10.297400000
1906,38.376541,9.622100000
1907,38.385644,8.894500000
1908,38.394270,8.429100000
1909,38.402935,8.487700000
1910,38.411438,8.241300000
1911,38.421193,9.534000000
1912,38.502082,11.715200000
1913,38.517318,14.941800000
1914,38.532479,14.678000000
1915,38.546214,13.266800000
1916,38.566777,20.201200000
1917,38.577902,10.820700000
1918,38.587811,9.776600000
1919,38.598041,10.010500000
1920,38.607036,8.741900000
1921,38.684304,11.597000000
1922,38.698352,13.576800000
1923,38.712480,13.741200000
1924,38.724381,11.559400000
1925,38.735008,10.341300000
1926,38.745299,10.042900000
1927,38.755418,9.883300000
1928,38.765957,10.328700000
1929,38.775212,9.040000000
1930,38.861848,9.655800000
1931,38.884121,9.830400000
1932,38.900029,15.636000000
1933,38.909811,9.401500000
1934,38.923252,13.277000000
1935,38.933531,10.015700000
1936,38.944427,10.596700000
1937,38.954885,10.145700000
1938,38.967699,12.619500000
1939,39.052049,14.852200000
1940,39.088697,13.713800000
1941,39.115670,26.676400000
1942,39.125211,9.191600000
1943,39.133873,8.466600000
1944,39.142497,8.408300000
1945,39.150921,8.235700000
1946,39.158848,7.724700000
1947,39.166887,7.883900000
1948,39.241516,10.583100000
1949,39.277366,9.944200000
1950,39.287417,9.777100000
1951,39.296777,9.130200000
1952,39.305933,8.829700000
1953,39.314824,8.699100000
1954,39.323727,8.664000000
1955,39.332050,8.138000000
1956,39.340868,8.604300000
1957,39.349124,8.086400000
1958,39.429945,12.983500000
1959,39.451985,9.715400000
1960,39.464731,12.485000000
1961,39.475403,10.414700000
1962,39.485333,9.703300000
1963,39.494780,9.252200000
1964,39.503903,8.900700000
1965,39.512242,8.134100000
1966,39.520957,8.529600000
1967,39.598199,10.814300000
1968,39.609521,10.956200000
1969,39.636305,11.498900000
1970,39.646577,9.953900000
1971,39.656101,9.327700000
1972,39.665628,9.291600000
1973,39.674531,8.641900000
1974,39.682905,8.171400000
1975,39.691707,8.576900000
1976,39.772251,11.659000000
1977,39.793615,9.777800000
1978,39.811037,17.062700000
1979,39.820703,9.401500000
1980,39.829989,9.078600000
1981,39.838662,8.497300000
1982,39.847400,8.531300000
1983,39.856142,8.565100000
1984,39.943875,10.608500000
1985,39.954763,10.561600000
1986,39.982744,11.221300000
1987,39.993545,10.508000000
1988,40.003409,9.549200000
1989,40.012454,8.882400000
1990,40.020964,8.300100000
1991,40.029511,8.341400000
1992,40.037661,7.938400000
1993,40.118424,10.165900000
1994,40.128873,10.113900000
1995,40.141906,9.697700000
1996,40.155644,13.482600000
1997,40.166631,10.544300000
1998,40.176656,9.798500000
1999,40.186235,9.405300000
2000,40.195697,9.159800000
2001,40.205655,9.545100000
2002,40.296244,11.581900000
2003,40.307735,11.139700000
2004,40.322165,14.095300000
2005,40.332808,10.314000000
2006,40.344103,10.937600000
2007,40.355353,11.044000000
2008,40.367184,11.488900000
2009,40.378736,11.182700000
2010,40.388723,9.742600000
2011,40.467480,9.913600000
2012,40.477636,9.830500000
2013,40.487799,9.883100000
2014,40.508496,15.589700000
2015,40.518909,10.182900000
2016,40.528560,9.429800000
2017,40.538184,9.505800000
2018,40.547192,8.804400000
2019,40.624070,9.637700000
2020,40.643878,9.904300000
2021,40.663593,11.999300000
2022,40.674092,10.247100000
2023,40.684595,10.284600000
2024,40.693881,9.119800000
2025,40.703609,9.568400000
2026,40.713100,9.252000000
2027,40.795454,9.867600000
2028,40.807548,11.774400000
2029,40.819582,11.714000000
2030,40.834301,10.674200000
2031,40.844341,9.792900000
2032,40.854496,9.918900000
2033,40.864590,9.905900000
2034,40.873997,9.116500000
2035,40.882930,8.735200000
2036,40.973779,10.573700000
2037,41.011000,10.181400000
2038,41.021189,9.792700000
2039,41.030874,9.432700000
2040,41.040622,9.557500000
2041,41.050611,9.702100000
2042,41.059920,9.101300000
2043,41.069204,9.100800000
2044,41.147761,11.111100000
2045,41.158335,10.209500000
2046,41.184602,11.273400000
2047,41.195572,10.571400000
2048,41.205169,9.341000000
2049,41.214920,9.439200000
2050,41.223993,8.863400000
2051,41.233011,8.809600000
2052,41.242121,8.854100000
2053,41.325706,12.997700000
2054,41.366591,16.870000000
2055,41.377758,10.872700000
2056,41.389064,10.951800000
2057,41.399982,10.626000000
2058,41.410916,10.579700000
2059,41.420912,9.726400000
2060,41.430010,8.863000000
2061,41.438485,8.297600000
2062,41.512933,9.595400000
2063,41.524604,11.350100000
2064,41.550095,10.675000000
2065,41.561143,10.758000000
2066,41.571587,10.156000000
2067,41.581056,9.209800000
2068,41.590445,9.201400000
2069,41.599116,8.509600000
2070,41.607404,8.081300000
2071,41.683007,10.166100000
2072,41.693692,10.239800000
2073,41.718395,9.764900000
2074,41.728742,10.053700000
2075,41.738404,9.424600000
2076,41.747626,9.009400000
2077,41.756373,8.551200000
2078,41.764820,8.251700000
2079,41.773016,7.995200000
2080,41.850276,11.272200000
2081,41.860745,10.105100000
2082,41.887670,11.475400000
2083,41.898523,10.535700000
2084,41.909059,10.218700000
2085,41.919400,10.069800000
2086,41.930417,10.719000000
2087,41.942125,11.391900000
2088,42.037391,10.933300000
2089,42.051531,13.697500000
2090,42.080239,12.593900000
2091,42.090948,10.382900000
2092,42.102278,10.973700000
2093,42.113196,10.622100000
2094,42.123119,9.657700000
2095,42.132398,9.051300000
2096,42.141566,8.848600000
2097,42.151810,10.039100000
2098,42.239891,12.589000000
2099,42.253040,12.730400000
2100,42.279184,11.339900000
2101,42.289917,10.425900000
2102,42.299725,9.507900000
2103,42.309245,9.192700000
2104,42.318494,9.003500000
2105,42.327933,9.094400000
2106,42.337038,8.880400000
2107,42.346185,8.835900000
2108,42.433276,14.429300000
2109,42.470301,11.255200000
2110,42.481028,10.315900000
2111,42.491531,10.286600000
2112,42.501271,9.588400000
2113,42.511264,9.740200000
2114,42.520957,9.394500000
2115,42.531058,9.911100000
2116,42.540292,8.931400000
2117,42.623965,10.936700000
2118,42.642372,17.901000000
2119,42.674968,19.702200000
2120,42.687632,12.359900000
2121,42.699361,11.457800000
2122,42.710883,11.182800000
2123,42.721897,10.744000000
2124,42.732831,10.658700000
2125,42.743689,10.567600000
2126,42.754399,10.455800000
2127,42.842160,11.218400000
2128,42.853189,10.679500000
2129,42.882484,10.516800000
2130,42.891844,9.067800000
2131,42.901023,8.961300000
2132,42.910212,8.982100000
2133,42.919032,8.616900000
2134,42.927905,8.676000000
2135,42.936183,7.983000000
2136,42.944106,7.754400000
2137,42.952113,7.850300000
2138,43.030806,12.363300000
2139,43.065552,12.936800000
2140,43.075480,9.596300000
2141,43.084979,9.206600000
2142,43.094300,9.103200000
2143,43.103038,8.538700000
2144,43.111522,8.255500000
2145,43.119983,8.271400000
2146,43.128221,8.041200000
2147,43.214739,10.008100000
2148,43.227897,12.856800000
2149,43.242792,11.110600000
2150,43.260575,13.009500000
2151,43.270509,9.579100000
2152,43.280242,9.345300000
2153,43.289255,8.801400000
2154,43.297988,8.500100000
2155,43.306379,8.204100000
2156,43.315009,8.441600000
2157,43.396266,12.920400000
2158,43.431627,10.028200000
2159,43.441292,9.382800000
2160,43.452899,11.400600000
2161,43.462001,8.819900000
2162,43.472235,10.016500000
2163,43.481587,9.083500000
2164,43.490793,9.038600000
2165,43.570942,10.949300000
2166,43.595056,10.612300000
2167,43.608240,12.882700000
2168,43.619209,10.562000000
2169,43.629061,9.595800000
2170,43.638833,9.545400000
2171,43.648013,8.947700000
2172,43.657232,9.013200000
2173,43.665813,8.353600000
2174,43.741030,9.521100000
2175,43.783909,12.691200000
2176,43.795222,10.723800000
2177,43.805506,9.976300000
2178,43.814962,9.246400000
2179,43.824154,8.982800000
2180,43.832610,8.269700000
2181,43.841290,8.541000000
2182,43.849524,8.017800000
2183,43.924570,9.934500000
2184,43.935741,10.886800000
2185,43.964640,11.487600000
2186,43.976237,11.261200000
2187,43.987212,10.711800000
2188,43.997900,10.413900000
2189,44.007599,9.432800000
2190,44.017164,9.278800000
2191,44.026104,8.741600000
2192,44.113504,12.102800000
2193,44.125538,11.555800000
2194,44.157780,12.060900000
2195,44.169138,11.041900000
2196,44.180896,11.456500000
2197,44.192567,11.362900000
2198,44.204033,11.224300000
2199,44.215472,11.190100000
2200,44.225104,9.329700000
2201,44.310974,10.198000000
2202,44.321981,10.692800000
2203,44.347564,9.988900000
2204,44.357053,9.230100000
2205,44.366837,9.558600000
2206,44.375844,8.788000000
2207,44.384414,8.363100000
2208,44.393374,8.750000000
2209,44.402902,9.300800000
2210,44.412740,9.532000000
2211,44.493451,10.664500000
2212,44.504804,11.002100000
2213,44.531422,10.202600000
2214,44.541168,9.451200000
2215,44.550304,8.872300000
2216,44.559201,8.687400000
2217,44.567956,8.568200000
2218,44.576832,8.661600000
2219,44.585447,8.413500000
2220,44.659518,9.993800000
2221,44.670244,10.397900000
2222,44.693953,11.791400000
2223,44.704142,9.904300000
2224,44.716698,12.367500000
2225,44.726322,9.421400000
2226,44.736017,9.507300000
2227,44.745260,9.049500000
2228,44.757494,12.010200000
2229,44.846201,21.978100000
2230,44.867948,19.628900000
2231,44.896463,28.144400000
2232,44.906237,9.466100000
2233,44.915179,8.663200000
2234,44.923905,8.473300000
2235,44.932182,8.172900000
2236,44.940444,7.967800000
2237,44.948391,7.749100000
2238,45.024212,10.636200000
2239,45.060408,11.954600000
2240,45.070827,10.088500000
2241,45.081002,9.937900000
2242,45.090602,9.264000000
2243,45.100146,9.304200000
2244,45.109882,9.517100000
2245,45.118883,8.716300000
2246,45.127365,8.233400000
2247,45.199886,9.488200000
2248,45.210229,10.016200000
2249,45.222652,9.925000000
2250,45.235756,12.834800000
2251,45.246406,10.350600000
2252,45.256376,9.696400000
2253,45.265419,8.930600000
2254,45.274335,8.638700000
2255,45.283245,8.700200000
2256,45.370718,10.611900000
2257,45.382152,11.095700000
2258,45.407563,10.837700000
2259,45.418035,10.136800000
2260,45.428387,10.059600000
2261,45.437769,9.144200000
2262,45.446650,8.654100000
2263,45.454915,8.083900000
2264,45.530138,9.737500000
2265,45.540719,10.257600000
2266,45.564636,12.314700000
2267,45.575491,10.555900000
2268,45.585730,10.004100000
2269,45.596062,10.072500000
2270,45.605450,9.098300000
2271,45.614263,8.547500000
2272,45.690867,10.420400000
2273,45.701310,10.128400000
2274,45.712933,10.574800000
2275,45.726440,13.173100000
2276,45.736940,10.125600000
2277,45.747001,9.828500000
2278,45.756837,9.563000000
2279,45.765795,8.792600000
2280,45.842553,11.054700000
2281,45.853934,11.014200000
2282,45.884073,12.096800000
2283,45.895509,11.147600000
2284,45.906430,10.585700000
2285,45.916555,9.842200000
2286,45.925916,9.092300000
2287,45.935552,9.329500000
2288,46.024403,11.425500000
2289,46.035463,10.681000000
2290,46.062248,10.937000000
2291,46.073088,10.518800000
2292,46.083148,9.744800000
2293,46.093327,10.014700000
2294,46.104040,10.502800000
2295,46.114751,10.417800000
2296,46.124890,9.883500000
2297,46.203924,10.219300000
2298,46.246766,13.774900000
2299,46.257422,10.374600000
2300,46.267932,10.240300000
2301,46.278216,10.051400000
2302,46.288675,10.181100000
2303,46.299566,10.614800000
2304,46.311680,11.732900000
2305,46.322129,10.123400000
2306,46.418597,9.914000000
2307,46.428903,9.986200000
2308,46.438621,9.348900000
2309,46.450949,12.042300000
2310,46.460416,9.194000000
2311,46.469361,8.731600000
2312,46.477909,8.345700000
2313,46.486717,8.598800000
2314,46.495231,8.325500000
2315,46.503964,8.552700000
2316,46.512925,8.748200000
2317,46.596460,10.510900000
2318,46.608980,12.186100000
2319,46.638274,9.908500000
2320,46.648963,10.359300000
2321,46.659617,10.315500000
2322,46.669254,9.348600000
2323,46.678309,8.800900000
2324,46.686728,8.194300000
2325,46.694996,8.066500000
2326,46.767997,9.605800000
2327,46.778226,9.944900000
2328,46.795733,13.847500000
2329,46.808566,11.055400000
2330,46.818675,9.768100000
2331,46.828335,9.435200000
2332,46.837512,8.977700000
2333,46.846031,8.285200000
2334,46.925803,9.985400000
2335,46.936984,10.803200000
2336,46.970501,13.005600000
2337,46.981390,10.478300000
2338,46.992742,11.044600000
2339,47.004386,11.292800000
2340,47.015878,11.069500000
2341,47.027171,11.063400000
2342,47.113553,12.208500000
2343,47.124321,10.369400000
2344,47.147895,12.684700000
2345,47.159095,10.867400000
2346,47.169047,9.642100000
2347,47.178827,9.576700000
2348,47.188963,9.900800000
2349,47.198102,8.869200000
2350,47.206408,8.202500000
2351,47.282021,9.817900000
2352,47.292818,10.409800000
2353,47.319934,9.941400000
2354,47.329543,9.346700000
2355,47.339148,9.461900000
2356,47.349201,9.869200000
2357,47.358570,9.144700000
2358,47.367477,8.526700000
2359,47.375982,8.272000000
2360,47.459879,10.169100000
2361,47.470398,10.161100000
2362,47.481344,10.566200000
2363,47.495083,13.440000000
2364,47.505713,10.432100000
2365,47.515880,9.908300000
2366,47.525776,9.621700000
2367,47.535090,9.067800000
2368,47.544562,9.219800000
2369,47.621689,9.696700000
2370,47.632857,10.732100000
2371,47.663017,12.048700000
2372,47.674080,10.763800000
2373,47.684002,9.646100000
2374,47.693358,9.129400000
2375,47.702038,8.492900000
2376,47.710391,8.178400000
2377,47.782715,9.530900000
2378,47.793249,10.223100000
2379,47.811037,10.317500000
2380,47.824301,12.985800000
2381,47.835135,10.516100000
2382,47.845377,9.827100000
2383,47.855231,9.630300000
2384,47.864417,8.885500000
2385,47.942198,10.627700000
2386,47.952894,10.256400000
2387,47.979821,11.305600000
2388,47.991066,10.890800000
2389,48.001195,9.905000000
2390,48.011498,10.067700000
2391,48.021860,10.130900000
2392,48.032056,9.948000000
2393,48.108092,10.041600000
2394,48.119210,10.768200000
2395,48.147084,11.285200000
2396,48.157346,9.947100000
2397,48.167661,10.027400000
2398,48.176984,9.108200000
2399,48.185828,8.635300000
2400,48.194780,8.685300000
2401,48.270586,9.936500000
2402,48.281726,10.796500000
2403,48.295152,9.920400000
2404,48.308341,12.913300000
2405,48.318984,10.391800000
2406,48.328776,9.553000000
2407,48.338051,9.065600000
2408,48.347398,9.118900000
2409,48.423957,10.350900000
2410,48.435507,11.242000000
2411,48.463188,10.305200000
2412,48.474043,10.622500000
2413,48.483932,9.653800000
2414,48.493165,9.008300000
2415,48.502026,8.642600000
2416,48.510345,8.107700000
2417,48.601003,10.479700000
2418,48.611576,10.231300000
2419,48.640526,11.751400000
2420,48.651694,10.898700000
2421,48.662852,10.804500000
2422,48.673213,10.081900000
2423,48.683054,9.644700000
2424,48.692736,9.421100000
2425,48.702409,9.412400000
2426,48.786162,10.250800000
2427,48.828305,15.451400000
2428,48.839377,10.780200000
2429,48.850043,10.300600000
2430,48.859769,9.495900000
2431,48.869730,9.738800000
2432,48.879268,9.267100000
2433,48.888022,8.542800000
2434,48.896367,8.145300000
2435,48.973555,10.567200000
2436,48.987143,13.274200000
2437,49.014733,12.236100000
2438,49.025828,10.829900000
2439,49.035963,9.868700000
2440,49.045413,9.186100000
2441,49.054439,8.820000000
2442,49.062876,8.237200000
2443,49.071699,8.620600000
2444,49.149572,10.405200000
2445,49.165799,15.792000000
2446,49.186901,13.204500000
2447,49.197837,10.589900000
2448,49.208486,10.469300000
2449,49.218901,10.180900000
2450,49.228473,9.344400000
2451,49.237335,8.744700000
2452,49.246370,8.715700000
2453,49.325075,13.018800000
2454,49.348481,10.380800000
2455,49.361549,12.803200000
2456,49.371899,10.068200000
2457,49.382075,10.025900000
2458,49.391730,9.348300000
2459,49.400894,8.946300000
2460,49.410747,9.614600000
2461,49.419557,8.618000000
2462,49.499107,10.626200000
2463,49.538292,11.241700000
2464,49.549687,11.114600000
2465,49.560089,10.195200000
2466,49.570699,10.420000000
2467,49.580152,9.225300000
2468,49.589150,8.865500000
2469,49.598334,8.944300000
2470,49.606740,8.174500000
2471,49.697589,10.869200000
2472,49.709619,11.682200000
2473,49.742063,12.329500000
2474,49.753325,10.985100000
2475,49.764897,11.177200000
2476,49.777483,12.205000000
2477,49.788323,10.659300000
2478,49.798484,9.817200000
2479,49.808453,9.741100000
2480,49.818658,9.972100000
2481,49.898866,10.619600000
2482,49.923701,10.682400000
2483,49.940106,11.974800000
2484,49.950752,10.422100000
2485,49.960555,9.655900000
2486,49.969804,9.011400000
2487,49.979631,9.649400000
2488,49.988737,8.908600000
2489,49.998350,9.357200000
2490,50.007317,8.718900000
2491,50.087179,10.687800000
2492,50.098954,11.394700000
2493,50.109942,10.551900000
2494,50.123949,13.673900000
2495,50.135822,11.508500000
2496,50.147411,11.361100000
2497,50.158657,11.045300000
2498,50.169122,10.161000000
2499,50.179395,10.026400000
2500,50.256060,10.832700000
2501,50.267891,11.496000000
2502,50.282051,10.495700000
2503,50.295739,13.425900000
2504,50.306232,10.178700000
2505,50.316136,9.674400000
2506,50.325315,8.940600000
2507,50.335015,9.470600000
2508,50.343999,8.769400000
2509,50.419617,10.617000000
2510,50.430643,10.655300000
2511,50.443138,11.146100000
2512,50.456753,13.348300000
2513,50.467791,10.758700000
2514,50.478775,10.668900000
2515,50.492312,13.245300000
2516,50.502319,9.729500000
2517,50.580156,11.952000000
2518,50.596078,15.531800000
2519,50.618710,22.387800000
2520,50.633999,14.975600000
2521,50.648286,14.000100000
2522,50.671730,23.177800000
2523,50.680790,8.688200000
2524,50.689453,8.443200000
2525,50.778487,11.607500000
2526,50.791112,12.265700000
2527,50.806500,15.067200000
2528,50.818560,11.674000000
2529,50.829995,11.128200000
2530,50.840321,10.062600000
2531,50.850454,9.852300000
2532,50.859839,9.163300000
2533,50.868993,8.969700000
2534,50.878469,9.203800000
2535,50.954604,10.488300000
2536,50.968335,13.390400000
2537,50.982840,14.173100000
2538,50.998597,15.370900000
2539,51.009412,10.507600000
2540,51.019738,10.003200000
2541,51.029750,9.737300000
2542,51.040028,10.029400000
2543,51.049541,9.345900000
2544,51.126777,11.546000000
2545,51.138535,11.374500000
2546,51.153604,14.740300000
2547,51.167325,13.272200000
2548,51.179579,11.914500000
2549,51.191082,11.236600000
2550,51.201620,10.278800000
2551,51.211216,9.439800000
2552,51.299571,13.128600000
2553,51.312170,12.298200000
2554,51.329626,17.120800000
2555,51.343258,13.207900000
2556,51.355852,12.264800000
2557,51.367857,11.630000000
2558,51.379337,11.120100000
2559,51.390816,11.170200000
2560,51.401809,10.679000000
2561,51.491109,11.105000000
2562,51.504143,12.678500000
2563,51.518236,13.768300000
2564,51.530220,11.462400000
2565,51.541777,11.209200000
2566,51.552168,10.113100000
2567,51.561893,9.513200000
2568,51.571861,9.815200000
2569,51.581198,9.027200000
2570,51.659890,12.709500000
2571,51.674443,12.095100000
2572,51.690612,13.045300000
2573,51.702247,11.288000000
2574,51.712273,9.752100000
2575,51.722306,9.815200000
2576,51.731856,9.245600000
2577,51.740988,8.931900000
2578,51.750178,9.007000000
2579,51.843439,10.252700000
2580,51.857598,13.623400000
2581,51.884096,11.642800000
2582,51.895863,11.448500000
2583,51.907330,11.172800000
2584,51.917940,10.393300000
2585,51.928349,10.107100000
2586,51.937998,9.368500000
2587,51.948716,10.365000000
2588,52.036106,17.639400000
2589,52.051288,11.433000000
2590,52.067098,15.413500000
2591,52.080349,12.868600000
2592,52.093125,12.450000000
2593,52.104051,10.595000000
2594,52.113997,9.559900000
2595,52.123468,9.187800000
2596,52.132162,8.558900000
2597,52.211497,11.517500000
2598,52.221985,10.154500000
2599,52.233783,11.477000000
2600,52.249386,12.493100000
2601,52.260828,11.113400000
2602,52.271724,9.912200000
2603,52.281571,9.571600000
2604,52.291411,9.599800000
2605,52.300921,9.234100000
2606,52.382795,10.973200000
2607,52.395437,12.289000000
2608,52.409825,14.004800000
2609,52.430022,19.677500000
2610,52.440375,10.077200000
2611,52.450639,10.052000000
2612,52.460981,10.129100000
2613,52.470413,9.272200000
2614,52.480233,9.557900000
2615,52.567522,12.662100000
2616,52.610239,13.906800000
2617,52.623105,12.451500000
2618,52.635641,12.173200000
2619,52.648311,12.312400000
2620,52.660097,11.487300000
2621,52.671168,10.742600000
2622,52.681919,10.499800000
2623,52.692551,10.389200000
2624,52.777159,10.940000000
2625,52.788800,11.307200000
2626,52.802758,13.622400000
2627,52.815605,11.944100000
2628,52.828643,12.641700000
2629,52.840500,11.574300000
2630,52.851691,10.934500000
2631,52.862382,10.447400000
2632,52.873206,10.578600000
2633,52.883629,10.159700000
2634,52.894192,10.265300000
2635,53.001014,13.863700000
2636,53.015708,14.227500000
2637,53.032687,16.668300000
2638,53.045098,12.097900000
2639,53.056880,11.465600000
2640,53.067953,10.832000000
2641,53.078460,10.206300000
2642,53.088314,9.681900000
2643,53.098130,9.583500000
2644,53.107536,9.098400000
2645,53.117153,9.463500000
2646,53.194736,11.404200000
2647,53.205789,10.719700000
2648,53.221332,15.244200000
2649,53.233206,11.485300000
2650,53.243909,10.467500000
2651,53.253686,9.601300000
2652,53.263788,9.803600000
2653,53.273996,9.959100000
2654,53.283489,9.335500000
2655,53.362542,10.707100000
2656,53.373823,10.950900000
2657,53.404497,12.194800000
2658,53.416701,11.854300000
2659,53.427866,10.883400000
2660,53.437903,9.913900000
2661,53.447513,9.296800000
2662,53.457429,9.717500000
2663,53.466431,8.839900000
2664,53.544892,11.107600000
2665,53.557211,11.955300000
2666,53.585550,12.574500000
2667,53.597075,11.120500000
2668,53.607303,9.980800000
2669,53.617570,9.967200000
2670,53.626928,9.202100000
2671,53.636122,9.085200000
2672,53.645287,9.073100000
2673,53.727263,11.130000000
2674,53.739399,11.808300000
2675,53.753212,13.523900000
2676,53.766664,12.942300000
2677,53.778450,11.375000000
2678,53.789391,10.618100000
2679,53.800293,10.614100000
2680,53.810597,10.036700000
2681,53.820081,9.298000000
2682,53.902962,12.210000000
2683,53.916064,12.643400000
2684,53.943874,16.034000000
2685,53.955641,11.496500000
2686,53.966597,10.639400000
2687,53.976661,9.829800000
2688,53.986432,9.552100000
2689,53.996276,9.582500000
2690,54.006676,10.189900000
2691,54.110860,12.562400000
2692,54.123648,12.452700000
2693,54.139762,15.748300000
2694,54.151968,11.715000000
2695,54.164146,11.867400000
2696,54.175702,11.264300000
2697,54.186887,10.924700000
2698,54.196947,9.885100000
2699,54.206935,9.829500000
2700,54.217851,10.707400000
2701,54.304451,12.429500000
2702,54.316286,11.429600000
2703,54.328012,11.354100000
2704,54.342902,14.528900000
2705,54.354920,11.715000000
2706,54.366844,11.614500000
2707,54.378108,10.903700000
2708,54.388686,10.395600000
2709,54.399631,10.655000000
2710,54.409911,10.011700000
2711,54.501608,14.698700000
2712,54.517262,15.130800000
2713,54.535298,17.668200000
2714,54.547847,12.173800000
2715,54.560130,11.895700000
2716,54.572006,11.610900000
2717,54.583693,11.464700000
2718,54.595581,11.527000000
2719,54.607485,11.672800000
2720,54.619231,11.350900000
2721,54.710253,12.610600000
2722,54.722777,12.142600000
2723,54.736159,12.956400000
2724,54.752131,15.374300000
2725,54.768982,16.328000000
2726,54.780738,11.498800000
2727,54.791067,10.083900000
2728,54.802021,10.724500000
2729,54.812464,10.137800000
2730,54.824241,11.440700000
2731,54.915868,12.168400000
2732,54.928513,12.222600000
2733,54.941099,12.222800000
2734,54.956067,14.567600000
2735,54.968085,11.648800000
2736,54.978493,10.170800000
2737,54.989209,10.491700000
2738,54.999924,10.478600000
2739,55.009759,9.669200000
2740,55.020287,10.180000000
2741,55.030493,10.035600000
2742,55.131431,11.535500000
2743,55.143483,11.640200000
2744,55.172231,10.984200000
2745,55.183251,10.709800000
2746,55.194009,10.566800000
2747,55.204242,9.966900000
2748,55.214222,9.756100000
2749,55.224492,10.074900000
2750,55.235097,10.400600000
2751,55.244618,9.342300000
2752,55.329282,10.859900000
2753,55.377860,15.706800000
2754,55.388500,10.377100000
2755,55.398777,10.027100000
2756,55.409134,10.068700000
2757,55.419805,10.440400000
2758,55.430450,10.317400000
2759,55.441347,10.662600000
2760,55.452590,11.050700000
2761,55.464476,11.613600000
2762,55.553431,11.837600000
2763,55.566200,12.345900000
2764,55.579781,12.147400000
2765,55.595073,14.937200000
2766,55.607140,11.726600000
2767,55.618648,11.281000000
2768,55.628608,9.816800000
2769,55.638267,9.432100000
2770,55.647721,9.224000000
2771,55.657188,9.296400000
2772,55.666720,9.313500000
2773,55.750319,11.830700000
2774,55.762567,11.948100000
2775,55.794311,11.289900000
2776,55.805648,11.016200000
2777,55.815752,9.926200000
2778,55.826205,10.269200000
2779,55.835723,9.365000000
2780,55.845239,9.334200000
2781,55.854670,9.254600000
2782,55.864034,9.061100000
2783,55.965709,16.870200000
2784,55.985955,19.802800000
2785,56.003003,16.693400000
2786,56.014796,11.402400000
2787,56.026383,11.238300000
2788,56.038283,11.664700000
2789,56.050268,11.598400000
2790,56.062100,11.527900000
2791,56.073855,11.475700000
2792,56.086035,11.846200000
2793,56.097488,11.025600000
2794,56.210778,12.092800000
2795,56.225172,13.987000000
2796,56.238670,13.054000000
2797,56.253358,14.330000000
2798,56.265647,11.963700000
2799,56.276342,10.396800000
2800,56.286479,9.801400000
2801,56.296471,9.748800000
2802,56.306751,10.012800000
2803,56.317107,10.088500000
2804,56.330301,13.006000000
2805,56.341002,10.452400000
2806,56.431234,13.628500000
2807,56.450096,18.420200000
2808,56.476712,26.204500000
2809,56.497281,20.132900000
2810,56.515084,17.436800000
2811,56.548289,32.810800000
2812,56.559461,10.871200000
2813,56.570279,10.547000000
2814,56.580527,9.981100000
2815,56.591829,11.086700000
2816,56.602408,10.256900000
2817,56.696949,13.507500000
2818,56.712415,15.001700000
2819,56.728812,13.767800000
2820,56.744512,15.318000000
2821,56.757427,12.594100000
2822,56.770503,12.849900000
2823,56.782263,11.471500000
2824,56.792779,10.324500000
2825,56.803388,10.418100000
2826,56.813675,10.057500000
2827,56.826536,12.555700000
2828,56.837613,10.741200000
2829,56.848123,10.323800000
2830,56.944732,16.698800000
2831,56.962251,17.080800000
2832,56.995044,17.937800000
2833,57.007401,11.984100000
2834,57.019156,11.538100000
2835,57.030429,11.095100000
2836,57.041407,10.672700000
2837,57.052090,10.441200000
2838,57.062872,10.483700000
2839,57.074156,10.965600000
2840,57.084344,9.839800000
2841,57.096024,11.462900000
2842,57.105626,9.370400000
2843,57.201249,14.035600000
2844,57.220235,18.564700000
2845,57.248147,10.915900000
2846,57.259328,10.911500000
2847,57.269888,10.307100000
2848,57.279508,9.389100000
2849,57.289454,9.732100000
2850,57.298994,9.390100000
2851,57.308390,9.126000000
2852,57.318101,9.447500000
2853,57.327421,9.027100000
2854,57.336808,9.100700000
2855,57.346112,9.065900000
2856,57.441498,15.047800000
2857,57.452744,10.880500000
2858,57.464161,11.063700000
2859,57.478569,13.997100000
2860,57.489353,10.435300000
2861,57.499354,9.823700000
2862,57.509509,9.967800000
2863,57.519690,10.064900000
2864,57.530323,10.461400000
2865,57.540528,9.846800000
2866,57.550004,9.187900000
2867,57.560360,10.078600000
2868,57.652425,12.775500000
2869,57.665126,12.326500000
2870,57.677012,11.547900000
2871,57.694100,16.743900000
2872,57.704718,10.303300000
2873,57.714788,9.751600000
2874,57.724238,9.186100000
2875,57.733966,9.440800000
2876,57.743321,9.083100000
2877,57.753031,9.424000000
2878,57.846567,15.039900000
2879,57.858901,11.940600000
2880,57.871202,11.861700000
2881,57.884475,12.949800000
2882,57.894780,9.997000000
2883,57.904525,9.491700000
2884,57.913948,9.163100000
2885,57.923515,9.313400000
2886,57.932418,8.647500000
2887,57.941753,9.082400000
2888,58.023914,11.056500000
2889,58.043157,12.555900000
2890,58.059940,16.347600000
2891,58.070903,10.599200000
2892,58.081394,10.219700000
2893,58.091522,9.866700000
2894,58.101002,9.197900000
2895,58.110246,8.982800000
2896,58.119474,8.973000000
2897,58.204989,12.860400000
2898,58.217257,11.656300000
2899,58.228722,11.060000000
2900,58.242776,13.616100000
2901,58.256003,12.757900000
2902,58.266528,10.220200000
2903,58.276902,10.119900000
2904,58.287598,10.352800000
2905,58.298679,10.845200000
2906,58.392043,10.582600000
2907,58.403952,11.520400000
2908,58.437691,12.066500000
2909,58.447847,9.914700000
2910,58.457884,9.831600000
2911,58.467792,9.683900000
2912,58.477407,9.336500000
2913,58.487320,9.729700000
2914,58.496556,8.996100000
2915,58.577034,11.036400000
2916,58.588441,11.052500000
2917,58.599454,10.643300000
2918,58.613386,13.639700000
2919,58.624259,10.567000000
2920,58.634471,9.954300000
2921,58.644540,9.892000000
2922,58.653726,9.039800000
2923,58.663379,9.343600000
2924,58.672743,9.101100000
2925,58.758647,13.292700000
2926,58.769612,10.582200000
2927,58.792260,13.062400000
2928,58.803046,10.379500000
2929,58.813207,9.908700000
2930,58.822834,9.478700000
2931,58.832526,9.464200000
2932,58.842655,10.013100000
2933,58.853437,10.573300000
2934,58.939025,12.039500000
2935,58.950822,11.467400000
2936,58.962509,11.302600000
2937,58.976712,13.874100000
2938,58.989217,11.977600000
2939,58.999161,9.687600000
2940,59.009076,9.691200000
2941,59.018270,8.979900000
2942,59.027790,9.343500000
2943,59.109185,10.721400000
2944,59.121569,12.045300000
2945,59.149257,11.338600000
2946,59.160577,10.969100000
2947,59.171643,10.726400000
2948,59.181678,9.737000000
2949,59.191237,9.313600000
2950,59.201045,9.549500000
2951,59.286187,10.263400000
2952,59.298784,12.225400000
2953,59.311465,10.524800000
2954,59.325014,13.262500000
2955,59.335856,10.552700000
2956,59.346872,10.743400000
2957,59.358207,11.075500000
2958,59.369643,11.143400000
2959,59.380894,10.939400000
2960,59.486070,10.579900000
2961,59.496929,10.527900000
2962,59.510671,10.938400000
2963,59.524724,13.659300000
2964,59.535673,10.639100000
2965,59.546554,10.630200000
2966,59.557373,10.566600000
2967,59.567210,9.620700000
2968,59.576485,9.097000000
2969,59.585738,9.067200000
2970,59.662776,10.646700000
2971,59.673294,9.988100000
2972,59.685040,10.120700000
2973,59.698263,12.947700000
2974,59.708677,10.146300000
2975,59.718373,9.469700000
2976,59.727418,8.906600000
2977,59.736164,8.538500000
2978,59.746765,10.460400000
2979,59.827362,13.617100000
2980,59.847790,15.658900000
2981,59.863104,14.938000000
2982,59.875532,12.058900000
2983,59.889326,13.525400000
2984,59.899604,9.993500000
2985,59.909567,9.735300000
2986,59.918931,9.188000000
2987,60.013729,17.598400000
2988,60.054618,16.298200000
2989,60.065843,10.932200000
2990,60.077115,10.965400000
2991,60.088160,10.791300000
2992,60.099174,10.687400000
2993,60.109092,9.576300000
2994,60.118888,9.563400000
2995,60.127426,8.332500000
2996,60.201864,10.668600000
2997,60.237110,10.034000000
2998,60.247199,9.779200000
2999,60.256739,9.307200000
3000,60.265895,8.985100000
3001,60.274733,8.665900000
3002,60.283958,8.940300000
3003,60.292627,8.467800000
3004,60.300888,8.072900000
3005,60.309169,8.085300000
3006,60.391957,12.043600000
3007,60.406462,14.137400000
3008,60.420155,13.373800000
3009,60.432676,11.996500000
3010,60.443727,10.739900000
3011,60.453988,9.990500000
3012,60.464311,10.076000000
3013,60.473977,9.325500000
3014,60.483687,9.507800000
3015,60.577299,10.889200000
3016,60.589950,12.252600000
3017,60.612270,13.164300000
3018,60.625590,12.865900000
3019,60.636242,10.389000000
3020,60.647282,10.760400000
3021,60.658618,11.106800000
3022,60.669746,10.804800000
3023,60.679707,9.664300000
3024,60.689352,9.358500000
3025,60.770193,11.187200000
3026,60.782455,11.833600000
3027,60.796343,13.564300000
3028,60.816049,15.841800000
3029,60.826532,10.219200000
3030,60.837727,10.961800000
3031,60.847620,9.689300000
3032,60.857006,9.178900000
3033,60.865988,8.732900000
3034,60.947892,11.624700000
3035,60.959484,11.120100000
3036,60.983914,11.358000000
3037,60.996484,12.276100000
3038,61.009487,12.606900000
3039,61.020531,10.745200000
3040,61.031129,10.359200000
3041,61.041319,9.931300000
3042,61.050818,9.243900000
3043,61.147190,10.723800000
3044,61.157994,10.446300000
3045,61.185906,11.431300000
3046,61.196316,10.161900000
3047,61.205713,9.136400000
3048,61.215010,9.011000000
3049,61.224453,9.249300000
3050,61.233882,9.172000000
3051,61.244223,10.013300000
3052,61.254027,9.616800000
3053,61.340919,11.716700000
3054,61.353571,12.253900000
3055,61.381905,14.588800000
3056,61.393232,10.869800000
3057,61.403360,9.848800000
3058,61.413414,9.810400000
3059,61.423258,9.643300000
3060,61.433555,10.031500000
3061,61.443704,9.829000000
3062,61.453807,9.853500000
3063,61.536554,10.315400000
3064,61.568327,13.021500000
3065,61.578684,10.035100000
3066,61.588428,9.473200000
3067,61.598365,9.746200000
3068,61.607427,8.862200000
3069,61.616551,8.938600000
3070,61.625029,8.279800000
3071,61.633222,7.980300000
3072,61.641696,8.228900000
3073,61.727433,9.914600000
3074,61.738113,10.329300000
3075,61.753227,11.501100000
3076,61.766019,12.558600000
3077,61.776269,9.949200000
3078,61.786139,9.631500000
3079,61.795218,8.974100000
3080,61.804632,9.129200000
3081,61.813450,8.717100000
3082,61.891391,10.084900000
3083,61.931755,10.033600000
3084,61.941708,9.691700000
3085,61.951332,9.367500000
3086,61.960457,8.948600000
3087,61.969415,8.780000000
3088,61.978238,8.632300000
3089,61.986801,8.377700000
3090,62.077020,18.591800000
3091,62.091605,14.199200000
3092,62.109373,17.376100000
3093,62.121462,11.709900000
3094,62.133467,11.669700000
3095,62.143753,10.089100000
3096,62.156756,12.719800000
3097,62.166413,9.418700000
3098,62.175491,8.894800000
3099,62.258943,16.411200000
3100,62.282010,18.475100000
3101,62.297448,15.130200000
3102,62.324764,27.002000000
3103,62.333915,8.858600000
3104,62.343271,9.216500000
3105,62.351886,8.493400000
3106,62.360264,8.136000000
3107,62.368631,8.283100000
3108,62.444715,9.921300000
3109,62.456754,11.722000000
3110,62.482594,13.088700000
3111,62.492568,9.607000000
3112,62.502152,9.347500000
3113,62.512085,9.749700000
3114,62.521305,9.023100000
3115,62.530267,8.774100000
3116,62.538699,8.251200000
3117,62.547500,8.490300000
3118,62.631901,12.632200000
3119,62.644610,12.268700000
3120,62.668260,11.457400000
3121,62.679128,10.497100000
3122,62.689407,9.919600000
3123,62.699181,9.416900000
3124,62.708710,9.204400000
3125,62.717824,8.939800000
3126,62.727119,9.037400000
3127,62.814307,9.744100000
3128,62.824887,10.256400000
3129,62.854543,12.209500000
3130,62.864548,9.736900000
3131,62.874258,9.492200000
3132,62.883769,9.313000000
3133,62.893739,9.718900000
3134,62.902921,8.956500000
3135,62.912313,9.256300000
3136,62.925208,12.571400000
3137,63.012731,12.295700000
3138,63.024954,11.836000000
3139,63.050014,11.165000000
3140,63.060988,10.722800000
3141,63.073025,11.782000000
3142,63.083666,10.382900000
3143,63.093508,9.660300000
3144,63.103279,9.659200000
3145,63.113574,10.045800000
3146,63.199679,11.983800000
3147,63.214193,14.155100000
3148,63.252314,13.138700000
3149,63.262400,9.828200000
3150,63.272620,9.970500000
3151,63.283452,10.582800000
3152,63.292512,8.952400000
3153,63.302078,9.454700000
3154,63.311228,8.956800000
3155,63.320362,8.918500000
3156,63.398790,10.297800000
3157,63.410711,11.562400000
3158,63.438464,10.613300000
3159,63.448756,10.026700000
3160,63.458414,9.398800000
3161,63.467336,8.721800000
3162,63.476449,8.926400000
3163,63.484558,7.926300000
3164,63.494307,9.562200000
3165,63.503011,8.486400000
3166,63.585751,11.361700000
3167,63.597016,10.859000000
3168,63.607663,10.357900000
3169,63.624001,11.686600000
3170,63.634638,10.408000000
3171,63.645460,10.592100000
3172,63.655025,9.435200000
3173,63.664216,9.092000000
3174,63.673241,8.772300000
3175,63.755566,10.620900000
3176,63.766657,10.798200000
3177,63.778265,10.448600000
3178,63.791018,12.411600000
3179,63.801460,10.134100000
3180,63.811962,10.224000000
3181,63.822251,10.053000000
3182,63.832721,10.224500000
3183,63.843610,10.629600000
3184,63.942847,10.960400000
3185,63.953773,10.610200000
3186,63.966264,12.193100000
3187,63.979239,12.672800000
3188,63.989479,9.927800000
3189,63.999067,9.287600000
3190,64.008280,9.003600000
3191,64.016928,8.543000000
3192,64.026321,9.157600000
3193,64.107952,11.662700000
3194,64.120138,11.716800000
3195,64.144929,12.802600000
3196,64.155313,10.059800000
3197,64.164924,9.440800000
3198,64.174395,9.245500000
3199,64.183611,9.029700000
3200,64.192214,8.431400000
3201,64.269833,9.866500000
3202,64.288203,10.636900000
3203,64.302199,13.699500000
3204,64.313163,10.660400000
3205,64.323306,9.729700000
3206,64.332638,9.167400000
3207,64.342089,9.228900000
3208,64.350841,8.593100000
3209,64.431205,12.318300000
3210,64.441701,10.116600000
3211,64.469350,10.811600000
3212,64.479745,10.095700000
3213,64.489556,9.540200000
3214,64.499275,9.458800000
3215,64.508420,8.972400000
3216,64.517371,8.704500000
3217,64.594987,10.633500000
3218,64.611965,16.571900000
3219,64.632249,10.703600000
3220,64.642940,10.362000000
3221,64.652703,9.479400000
3222,64.662059,9.152600000
3223,64.671314,9.019100000
3224,64.680611,9.022600000
3225,64.689214,8.407700000
3226,64.767496,10.866700000
3227,64.779209,11.337700000
3228,64.806240,12.393700000
3229,64.816439,9.853400000
3230,64.826478,9.849800000
3231,64.836168,9.480100000
3232,64.845143,8.857500000
3233,64.854014,8.782200000
3234,64.941041,10.144600000
3235,64.952743,11.364500000
3236,64.979658,11.602000000
3237,64.990323,10.402800000
3238,65.000159,9.594900000
3239,65.009309,8.949200000
3240,65.018766,9.196500000
3241,65.028516,9.547500000
3242,65.037512,8.751800000
3243,65.117168,11.205700000
3244,65.128001,10.478400000
3245,65.152842,10.758200000
3246,65.163351,10.148900000
3247,65.173775,10.192300000
3248,65.184275,10.192400000
3249,65.193693,9.298700000
3250,65.202979,8.991600000
3251,65.211580,8.402400000
3252,65.294711,10.536100000
3253,65.311834,16.548500000
3254,65.333238,13.653000000
3255,65.344137,10.617000000
3256,65.355169,10.687600000
3257,65.366492,11.011800000
3258,65.377519,10.704900000
3259,65.388874,11.018900000
3260,65.402879,13.646600000
3261,65.498055,10.867800000
3262,65.510848,12.432600000
3263,65.539309,12.624500000
3264,65.551102,11.397100000
3265,65.562908,11.492200000
3266,65.575186,11.929600000
3267,65.587796,12.218200000
3268,65.600447,12.343400000
3269,65.611326,10.653200000
3270,65.622218,10.560200000
3271,65.709223,11.495200000
3272,65.721834,12.211400000
3273,65.745412,13.280200000
3274,65.757987,12.221200000
3275,65.768171,9.912000000
3276,65.778408,10.003900000
3277,65.788189,9.416000000
3278,65.800319,11.858400000
3279,65.810036,9.423700000
3280,65.819431,9.104100000
3281,65.907377,12.929500000
3282,65.919546,11.753600000
3283,65.945276,11.207300000
3284,65.955877,10.246800000
3285,65.966624,10.470300000
3286,65.976583,9.714200000
3287,65.986367,9.479100000
3288,65.996663,10.000400000
3289,66.006116,9.181100000
3290,66.015575,9.171000000
3291,66.116340,10.759700000
3292,66.129008,12.256000000
3293,66.154616,14.822600000
3294,66.166048,11.161000000
3295,66.176585,10.228100000
3296,66.186472,9.603100000
3297,66.196437,9.724300000
3298,66.206999,10.263400000
3299,66.217491,10.179300000
3300,66.226968,9.163300000
3301,66.236705,9.539300000
3302,66.326635,12.216800000
3303,66.337768,10.802600000
3304,66.366525,11.341100000
3305,66.377936,10.958200000
3306,66.388330,10.048300000
3307,66.398604,9.968500000
3308,66.409175,10.273800000
3309,66.419824,10.354100000
3310,66.429550,9.472700000
3311,66.438921,9.150200000
3312,66.527351,13.925100000
3313,66.570750,16.261200000
3314,66.581737,10.602800000
3315,66.592665,10.657000000
3316,66.603161,10.156600000
3317,66.614286,10.782600000
3318,66.624676,10.002100000
3319,66.634947,9.957500000
3320,66.645573,10.403600000
3321,66.656028,10.244100000
3322,66.750965,12.046800000
3323,66.762637,11.318200000
3324,66.776845,11.324800000
3325,66.791448,14.269100000
3326,66.802202,10.429700000
3327,66.812443,9.910300000
3328,66.822056,9.351500000
3329,66.831462,9.177000000
3330,66.840430,8.745600000
3331,66.849429,8.712800000
3332,66.858404,8.783700000
3333,66.944969,11.095300000
3334,66.956216,10.896900000
3335,66.989710,11.842000000
3336,66.999462,9.433500000
3337,67.009043,9.382500000
3338,67.018592,9.335200000
3339,67.028055,9.249400000
3340,67.037511,9.212600000
3341,67.047025,9.298600000
3342,67.056467,9.161200000
3343,67.149449,11.635200000
3344,67.160944,11.015100000
3345,67.179034,10.976800000
3346,67.191965,12.589700000
3347,67.201777,9.522900000
3348,67.210789,8.763000000
3349,67.219367,8.343200000
3350,67.228137,8.566900000
3351,67.236359,8.021300000
3352,67.245049,8.505900000
3353,67.325704,10.488400000
3354,67.335877,9.871300000
3355,67.368680,10.507400000
3356,67.378367,9.332500000
3357,67.388032,9.512800000
3358,67.397801,9.567100000
3359,67.407970,9.978300000
3360,67.416971,8.829800000
3361,67.425638,8.387400000
3362,67.502815,10.311400000
3363,67.513358,10.211500000
3364,67.526846,10.755400000
3365,67.540720,13.550200000
3366,67.550641,9.615200000
3367,67.560040,9.168000000
3368,67.569356,9.133300000
3369,67.578123,8.496200000
3370,67.586552,8.193800000
3371,67.661632,9.566200000
3372,67.672246,10.205800000
3373,67.683725,10.897900000
3374,67.698466,14.435200000
3375,67.708534,9.765900000
3376,67.717977,9.229600000
3377,67.727126,8.840100000
3378,67.735799,8.481800000
3379,67.812886,9.957900000
3380,67.824945,11.623200000
3381,67.850507,10.265600000
3382,67.860601,9.796500000
3383,67.870822,9.968900000
3384,67.880948,9.860400000
3385,67.890441,9.272900000
3386,67.973714,11.303600000
3387,68.005989,31.866900000
3388,68.021818,15.533000000
3389,68.037008,14.900200000
3390,68.049910,12.541000000
3391,68.063255,13.055900000
3392,68.076114,12.594300000
3393,68.088889,12.539200000
3394,68.191684,15.136500000
3395,68.230973,19.141900000
3396,68.245837,14.551700000
3397,68.259113,13.014700000
3398,68.271067,11.757600000
3399,68.283173,11.833000000
3400,68.294458,11.124500000
3401,68.309040,14.281300000
3402,68.321714,12.323500000
3403,68.333925,11.962500000
3404,68.346737,12.532200000
3405,68.430992,14.435800000
3406,68.473696,17.364100000
3407,68.489559,15.433200000
3408,68.505457,15.572100000
3409,68.519831,14.054600000
3410,68.533328,13.158300000
3411,68.545975,12.309400000
3412,68.559168,12.874700000
3413,68.572275,12.814700000
3414,68.585214,12.638200000
3415,68.597200,11.790000000
3416,68.611387,13.879700000
3417,68.711007,18.605200000
3418,68.744442,15.311100000
3419,68.757783,13.035400000
3420,68.772813,14.794600000
3421,68.788616,15.413300000
3422,68.803335,14.419500000
3423,68.818124,14.433600000
3424,68.832692,14.211900000
3425,68.847225,14.065200000
3426,68.864446,16.921100000
3427,68.877938,13.142200000
3428,68.891090,12.769900000
3429,68.903774,12.328200000
3430,68.914948,10.849700000
3431,69.001385,14.149500000
3432,69.017594,15.846900000
3433,69.036996,19.060000000
3434,69.053399,16.023800000
3435,69.067914,14.146700000
3436,69.082173,13.920400000
3437,69.095512,13.076500000
3438,69.108596,12.821000000
3439,69.120724,11.845000000
3440,69.133269,12.288500000
3441,69.145393,11.891200000
3442,69.156636,11.020000000
3443,69.167517,10.659800000
3444,69.177891,10.144000000
3445,69.188747,10.613900000
3446,69.295196,15.376900000
3447,69.312472,16.902500000
3448,69.337812,18.508900000
3449,69.350707,12.606100000
3450,69.364340,13.413000000
3451,69.376820,12.097000000
3452,69.390576,13.493500000
3453,69.404330,13.525900000
3454,69.418604,13.891200000
3455,69.432446,13.635400000
3456,69.447721,14.957600000
3457,69.459978,11.984500000
3458,69.474988,14.812100000
3459,69.488305,13.083900000
3460,69.595482,33.999200000
3461,69.618110,12.071700000
3462,69.627685,9.245200000
3463,69.637515,9.622300000
3464,69.647458,9.756200000
3465,69.656549,8.903500000
3466,69.665975,9.205400000
3467,69.674753,8.554300000
3468,69.682976,7.987200000
3469,69.690987,7.773000000
3470,69.699147,7.918900000
3471,69.706808,7.463600000
3472,69.714931,7.897600000
3473,69.722381,7.258700000
3474,69.797834,9.535700000
3475,69.820153,10.896400000
3476,69.842777,11.499700000
3477,69.852314,9.154100000
3478,69.861605,9.054900000
3479,69.870012,8.270400000
3480,69.878557,8.246100000
3481,69.886637,7.858100000
3482,69.894430,7.626600000
3483,69.902792,8.137500000
3484,69.910607,7.641900000
3485,69.918812,8.034400000
3486,69.997031,10.046800000
3487,70.007681,10.335100000
3488,70.039753,10.521200000
3489,70.049349,9.275900000
3490,70.058725,9.124200000
3491,70.067854,8.877600000
3492,70.077591,9.491400000
3493,70.086321,8.481800000
3494,70.094689,8.153300000
3495,70.102792,7.882600000
3496,70.179984,9.998100000
3497,70.190284,10.001200000
3498,70.205878,14.947000000
3499,70.218138,11.963200000
3500,70.227634,9.199800000
3501,70.237387,9.556200000
3502,70.246379,8.830200000
3503,70.254905,8.415500000
3504,70.263898,8.759500000
3505,70.352536,10.792400000
3506,70.363796,10.897700000
3507,70.375479,10.320300000
3508,70.389152,13.380300000
3509,70.399751,10.302700000
3510,70.409412,9.440700000
3511,70.418448,8.937500000
3512,70.427159,8.519200000
3513,70.472042,9.628200000
3514,70.483110,10.773900000
3515,70.496999,13.551200000
3516,70.507761,10.453400000
3517,70.518869,10.674900000
3518,70.541943,11.089500000
3519,70.619161,15.454700000
3520,70.636030,16.474400000
3521,70.655086,18.568100000
3522,70.673297,17.711100000
3523,70.687646,14.042100000
3524,70.702317,14.385600000
3525,70.725153,22.522500000
3526,70.739552,14.081500000
3527,70.987624,14.970800000
3528,71.005692,17.597700000
3529,71.017200,10.930700000
3530,71.028365,10.800900000
3531,71.039031,10.369800000
3532,71.049169,9.782300000
3533,71.059167,9.742800000
3534,71.068702,9.321100000
3535,71.078367,9.315000000
3536,71.088475,9.776600000
3537,71.099248,10.486500000
3538,71.110498,10.918900000
3539,71.121576,10.782500000
3540,71.132389,10.490300000
3541,71.149598,16.923000000
3542,71.166347,11.808600000
3543,71.231815,15.510800000
3544,71.244249,12.060200000
3545,71.261436,16.769500000
3546,71.272629,10.836000000
3547,71.283899,10.928400000
3548,71.294462,10.366900000
3549,71.305022,10.207500000
3550,71.315133,9.850000000
3551,71.325101,9.698300000
3552,71.336831,11.422700000
3553,71.349402,12.255400000
3554,71.366273,16.497500000
3555,71.455742,13.339300000
3556,71.469690,13.580400000
3557,71.482761,12.685900000
3558,71.494358,11.219000000
3559,71.505063,10.433400000
3560,71.515441,10.159700000
3561,71.525935,10.208800000
3562,71.535643,9.511700000
3563,71.547101,10.121300000
3564,71.557940,10.543300000
3565,71.572840,14.623300000
3566,71.594896,13.406900000
3567,71.718643,13.006600000
3568,71.731623,12.615400000
3569,71.759775,12.908300000
3570,71.770802,10.747900000
3571,71.781270,10.205400000
3572,71.791741,10.259900000
3573,71.801394,9.311700000
3574,71.811086,9.498900000
3575,71.820652,9.325500000
3576,71.829907,9.003300000
3577,71.840156,10.043500000
3578,71.849570,9.163100000
3579,71.859189,9.412100000
3580,71.946735,11.858400000
3581,71.959129,12.016800000
3582,71.987893,11.444900000
3583,72.000087,11.873100000
3584,72.011496,11.199900000
3585,72.023447,11.607700000
3586,72.035058,11.428500000
3587,72.045132,9.932700000
3588,72.054647,9.264500000
3589,72.064571,9.622900000
3590,72.073322,8.533200000
3591,72.154085,10.403500000
3592,72.166247,11.722600000
3593,72.199179,16.473900000
3594,72.210344,10.859700000
3595,72.221603,11.049100000
3596,72.233106,11.185300000
3597,72.244459,11.143600000
3598,72.255548,10.808400000
3599,72.264711,8.931900000
3600,72.273725,8.916400000
3601,72.282252,8.244300000
3602,72.356778,10.062200000
3603,72.368229,11.115000000
3604,72.382324,10.899700000
3605,72.397155,14.509300000
3606,72.407205,9.790800000
3607,72.416552,9.107900000
3608,72.425426,8.666200000
3609,72.433883,8.226700000
3610,72.442381,8.320700000
3611,72.451088,8.524500000
3612,72.536874,10.498600000
3613,72.549229,12.024900000
3614,72.582932,12.781200000
3615,72.594017,10.756800000
3616,72.605347,11.095400000
3617,72.616525,10.891600000
3618,72.627351,10.628000000
3619,72.638338,10.613700000
3620,72.649194,10.589900000
3621,72.735542,11.401700000
3622,72.747855,11.932900000
3623,72.780508,12.184100000
3624,72.791458,10.638700000
3625,72.801649,9.999900000
3626,72.811760,9.919200000
3627,72.822050,10.018600000
3628,72.832252,10.004700000
3629,72.842589,10.048600000
3630,72.852375,9.517600000
3631,72.937216,11.983600000
3632,72.948865,11.313500000
3633,72.978484,11.442100000
3634,72.991012,12.186100000
3635,73.000919,9.588500000
3636,73.010753,9.628000000
3637,73.020950,9.946400000
3638,73.031342,10.137000000
3639,73.040821,9.107600000
3640,73.049675,8.660000000
3641,73.126287,9.824100000
3642,73.136897,10.329200000
3643,73.167857,10.802900000
3644,73.178673,10.597300000
3645,73.188726,9.844700000
3646,73.198127,9.153900000
3647,73.207127,8.789600000
3648,73.215968,8.617000000
3649,73.224899,8.726200000
3650,73.304976,14.199100000
3651,73.342258,10.850100000
3652,73.352788,10.189700000
3653,73.362413,9.349000000
3654,73.371717,9.072800000
3655,73.380375,8.453700000
3656,73.388795,8.152200000
3657,73.397026,8.014800000
3658,73.405689,8.421800000
3659,73.484688,12.006400000
3660,73.496573,11.583300000
3661,73.521846,10.773200000
3662,73.532462,10.338700000
3663,73.542402,9.695000000
3664,73.551715,9.102400000
3665,73.560916,8.989000000
3666,73.569897,8.770200000
3667,73.578975,8.877700000
3668,73.667345,12.017900000
3669,73.684286,16.492400000
3670,73.712918,13.604800000
3671,73.724924,11.622300000
3672,73.736488,11.228800000
3673,73.748510,11.601000000
3674,73.760185,11.394800000
3675,73.771587,11.201600000
3676,73.782906,11.020300000
3677,73.879410,11.622100000
3678,73.920222,11.479400000
3679,73.930655,10.094700000
3680,73.940725,9.860000000
3681,73.950013,9.003100000
3682,73.959379,9.217200000
3683,73.969222,9.626100000
3684,73.978320,8.889100000
3685,73.987635,9.080300000
3686,73.996876,9.030800000
3687,74.005388,8.300200000
3688,74.093174,15.878400000
3689,74.130328,13.932200000
3690,74.142744,12.117900000
3691,74.154209,11.187300000
3692,74.164427,10.030900000
3693,74.173548,8.983500000
3694,74.182388,8.720000000
3695,74.191119,8.455100000
3696,74.200042,8.714500000
3697,74.208500,8.239200000
3698,74.282544,10.056100000
3699,74.293758,10.844500000
3700,74.308121,11.275000000
3701,74.322453,14.035500000
3702,74.333348,10.606700000
3703,74.344187,10.573800000
3704,74.354710,10.228500000
3705,74.365184,10.210200000
3706,74.374945,9.498300000
3707,74.383992,8.864500000
3708,74.460170,10.176900000
3709,74.472244,11.714300000
3710,74.486454,11.042700000
3711,74.499926,13.177800000
3712,74.510255,10.119600000
3713,74.519737,9.295400000
3714,74.528559,8.729300000
3715,74.537819,8.986700000
3716,74.546659,8.655400000
3717,74.631574,11.794900000
3718,74.643386,11.449600000
3719,74.669891,11.531100000
3720,74.680837,10.624400000
3721,74.690735,9.675200000
3722,74.700099,9.194300000
3723,74.709703,9.310800000
3724,74.718525,8.619600000
3725,74.727781,9.022300000
3726,74.813021,10.346700000
3727,74.825175,11.884500000
3728,74.852755,11.841700000
3729,74.863364,10.294500000
3730,74.873110,9.544500000
3731,74.882613,9.257900000
3732,74.891345,8.525100000
3733,74.900291,8.726400000
3734,74.912059,11.574200000
3735,74.994936,11.615100000
3736,75.009158,13.846200000
3737,75.038392,16.057300000
3738,75.053776,15.022200000
3739,75.068127,14.067200000
3740,75.093885,25.429200000
3741,75.103580,9.206400000
3742,75.113184,9.372600000
3743,75.121932,8.524700000
3744,75.197604,11.971000000
3745,75.208705,10.717200000
3746,75.239466,10.903300000
3747,75.250460,10.680500000
3748,75.261182,10.530100000
3749,75.271029,9.607500000
3750,75.279954,8.735400000
3751,75.288622,8.449100000
3752,75.297251,8.454300000
3753,75.306606,9.134400000
3754,75.383363,10.973600000
3755,75.394405,10.742800000
3756,75.406820,10.809700000
3757,75.419699,12.580800000
3758,75.430429,10.451900000
3759,75.440352,9.667100000
3760,75.449610,9.015100000
3761,75.458634,8.820800000
3762,75.467420,8.614700000
3763,75.543068,10.647500000
3764,75.554131,10.725400000
3765,75.583605,10.581600000
3766,75.594405,10.511200000
3767,75.604405,9.756400000
3768,75.613917,9.323000000
3769,75.622703,8.681000000
3770,75.631140,8.208800000
3771,75.713748,10.637400000
3772,75.724959,10.896500000
3773,75.735801,10.525800000
3774,75.749483,13.373900000
3775,75.759918,10.115900000
3776,75.769852,9.730500000
3777,75.779215,9.247100000
3778,75.788173,8.779800000
3779,75.796584,8.188300000
3780,75.883945,10.497800000
3781,75.897218,11.590700000
3782,75.922823,11.951900000
3783,75.933116,9.981700000
3784,75.942721,9.400700000
3785,75.951997,9.049600000
3786,75.960714,8.509300000
3787,75.969689,8.784000000
3788,76.047101,10.224800000
3789,76.058268,10.807600000
3790,76.086531,11.792900000
3791,76.096934,10.087200000
3792,76.106804,9.614800000
3793,76.116654,9.686900000
3794,76.125677,8.809200000
3795,76.134357,8.468800000
3796,76.208520,10.242800000
3797,76.228683,10.225300000
3798,76.241737,12.740200000
3799,76.252378,10.332100000
3800,76.262561,9.919800000
3801,76.271850,9.099000000
3802,76.281458,9.391200000
3803,76.290610,8.940300000
3804,76.368088,10.370200000
3805,76.390826,10.346200000
3806,76.404699,13.597500000
3807,76.415787,10.845800000
3808,76.426781,10.747100000
3809,76.436819,9.759800000
3810,76.446054,9.013300000
3811,76.455456,9.176500000
3812,76.535260,10.723100000
3813,76.547200,11.617600000
3814,76.577253,14.935300000
3815,76.587367,9.772200000
3816,76.597486,9.902300000
3817,76.607073,9.311900000
3818,76.616018,8.731100000
3819,76.624862,8.624900000
3820,76.633392,8.307000000
3821,76.710584,10.592400000
3822,76.722508,11.600300000
3823,76.753924,16.246400000
3824,76.764934,10.653600000
3825,76.775285,9.929200000
3826,76.785606,10.071800000
3827,76.795684,9.805300000
3828,76.805456,9.519200000
3829,76.815528,9.852000000
3830,76.896924,11.024300000
3831,76.920389,11.528500000
3832,76.935762,14.973600000
3833,76.947050,10.878300000
3834,76.957637,10.335500000
3835,76.967793,9.942500000
3836,76.979031,10.959300000
3837,76.989897,10.541000000
3838,76.999595,9.426100000
3839,77.095817,11.392200000
3840,77.117088,10.753700000
3841,77.130895,13.489800000
3842,77.143538,12.256700000
3843,77.154990,11.167900000
3844,77.166210,10.992900000
3845,77.177955,11.541300000
3846,77.190011,11.812400000
3847,77.201814,11.631700000
3848,77.213721,11.546400000
3849,77.297016,10.867700000
3850,77.308515,11.171700000
3851,77.338769,15.082800000
3852,77.348468,9.364500000
3853,77.357621,8.975000000
3854,77.366969,9.065700000
3855,77.378990,11.842300000
3856,77.389862,10.630100000
3857,77.399364,9.246000000
3858,77.409342,9.768500000
3859,77.496146,11.625900000
3860,77.509240,12.692400000
3861,77.520317,10.662800000
3862,77.536422,15.585900000
3863,77.546905,10.127400000
3864,77.557493,10.330600000
3865,77.567158,9.408800000
3866,77.576442,9.108200000
3867,77.585207,8.598600000
3868,77.593474,8.137000000
3869,77.670598,10.989500000
3870,77.681321,10.471400000
3871,77.711009,12.460500000
3872,77.721558,10.246000000
3873,77.731525,9.667800000
3874,77.741178,9.440900000
3875,77.751390,9.910700000
3876,77.761874,10.222900000
3877,77.772083,10.004200000
3878,77.871485,12.492700000
3879,77.886271,13.601500000
3880,77.911425,10.938200000
3881,77.923069,11.145100000
3882,77.932994,9.745700000
3883,77.942401,9.156600000
3884,77.951279,8.644800000
3885,77.960098,8.629600000
3886,77.968156,7.870900000
3887,78.044102,11.402700000
3888,78.060844,16.294000000
3889,78.082640,10.041900000
3890,78.093391,10.528100000
3891,78.104277,10.686700000
3892,78.114126,9.716300000
3893,78.123687,9.263900000
3894,78.132421,8.522800000
3895,78.141093,8.433600000
3896,78.226664,10.287700000
3897,78.238344,11.355400000
3898,78.264133,10.317400000
3899,78.274264,9.875000000
3900,78.283706,9.250400000
3901,78.292561,8.764900000
3902,78.301547,8.753000000
3903,78.310097,8.287100000
3904,78.318470,8.195900000
3905,78.397496,10.742700000
3906,78.408282,10.438100000
3907,78.435857,11.727000000
3908,78.447600,11.386400000
3909,78.458174,10.278600000
3910,78.467999,9.529700000
3911,78.477319,9.085600000
3912,78.485912,8.394100000
3913,78.494494,8.379400000
3914,78.571659,10.148100000
3915,78.583571,11.566700000
3916,78.610638,10.960500000
3917,78.621067,10.116800000
3918,78.631234,9.969100000
3919,78.640815,9.391200000
3920,78.649904,8.984900000
3921,78.658621,8.430400000
3922,78.667184,8.274600000
3923,78.741075,10.022800000
3924,78.754861,13.369000000
3925,78.772785,15.435500000
3926,78.783200,10.077400000
3927,78.793186,9.726800000
3928,78.803257,9.864200000
3929,78.812753,9.392100000
3930,78.821644,8.663800000
3931,78.900110,10.201100000
3932,78.911918,11.488700000
3933,78.939315,11.352700000
3934,78.949970,10.328900000
3935,78.959880,9.726700000
3936,78.969324,9.219500000
3937,78.978289,8.775800000
3938,78.986744,8.233400000
3939,79.064997,10.387100000
3940,79.075868,10.541700000
3941,79.103238,10.703500000
3942,79.113539,10.032600000
3943,79.123241,9.477900000
3944,79.132549,9.116100000
3945,79.141201,8.487400000
3946,79.149609,8.251900000
3947,79.249932,14.008000000
3948,79.290443,15.353800000
3949,79.301332,10.651100000
3950,79.312115,10.486300000
3951,79.322755,10.406800000
3952,79.333480,10.470700000
3953,79.343969,10.227000000
3954,79.353422,9.137900000
3955,79.363010,9.252300000
3956,79.446834,14.025500000
3957,79.458278,10.994700000
3958,79.472893,14.300800000
3959,79.487993,14.542100000
3960,79.497925,9.646300000
3961,79.507170,9.047700000
3962,79.515675,8.329100000
3963,79.523768,7.945300000
3964,79.531897,7.963700000
3965,79.539880,7.896900000
3966,79.617231,13.120000000
3967,79.640451,11.452500000
3968,79.655807,10.813500000
3969,79.666196,10.104800000
3970,79.675986,9.573300000
3971,79.685669,9.444600000
3972,79.694720,8.865800000
3973,79.704050,9.139000000
3974,79.713037,8.788900000
3975,79.793085,13.425400000
3976,79.822620,13.143600000
3977,79.833195,10.326700000
3978,79.842981,9.525800000
3979,79.852720,9.569700000
3980,79.861658,8.826700000
3981,79.870587,8.664000000
3982,79.879150,8.349900000
3983,79.888318,8.914700000
3984,79.986264,15.142300000
3985,80.000901,14.227300000
3986,80.026243,17.803600000
3987,80.039451,12.862100000
3988,80.051898,12.210400000
3989,80.064162,11.882200000
3990,80.075658,11.203700000
3991,80.086887,10.876800000
3992,80.097699,10.576100000
3993,80.183504,13.289400000
3994,80.195622,11.762100000
3995,80.222457,13.334700000
3996,80.235662,12.854700000
3997,80.247338,11.356300000
3998,80.257898,10.190800000
3999,80.268056,9.934600000
4000,80.277582,9.270300000
4001,80.287133,9.318800000
4002,80.297217,9.877000000
4003,80.401262,14.669500000
4004,80.413371,11.736900000
4005,80.432851,13.318800000
4006,80.443682,10.500200000
4007,80.454244,10.288100000
4008,80.463883,9.417700000
4009,80.474029,9.887600000
4010,80.484775,10.479200000
4011,80.494861,9.717300000
4012,80.505025,9.960400000
4013,80.514670,9.366400000
4014,80.604480,15.756900000
4015,80.647330,17.997100000
4016,80.662895,15.177400000
4017,80.674502,11.305900000
4018,80.687580,12.818000000
4019,80.700878,12.918400000
4020,80.712879,11.741700000
4021,80.733322,20.204400000
4022,80.742319,8.740000000
4023,80.751810,9.249900000
4024,80.829432,10.122700000
4025,80.841035,11.277400000
4026,80.856711,10.571900000
4027,80.869284,12.290400000
4028,80.880079,10.549400000
4029,80.889931,9.614500000
4030,80.899187,8.916700000
4031,80.907838,8.519500000
4032,80.916954,8.885600000
4033,80.925421,8.192800000
4034,80.933808,8.173300000
4035,80.941899,7.903200000
4036,81.018073,10.010200000
4037,81.030318,11.877800000
4038,81.041479,10.719300000
4039,81.055184,13.453100000
4040,81.065794,10.196600000
4041,81.075692,9.634400000
4042,81.085064,9.091800000
4043,81.094169,8.892100000
4044,81.103166,8.797600000
4045,81.182065,10.789800000
4046,81.223995,11.083300000
4047,81.234986,10.721000000
4048,81.245247,10.022100000
4049,81.254527,9.074900000
4050,81.263327,8.707600000
4051,81.272151,8.531200000
4052,81.280427,8.073400000
4053,81.370087,11.451400000
4054,81.381109,10.692300000
4055,81.410635,15.721700000
4056,81.421373,10.446200000
4057,81.431425,9.772400000
4058,81.440765,9.155700000
4059,81.450287,9.326000000
4060,81.458759,8.271100000
4061,81.467436,8.478900000
4062,81.543735,10.077200000
4063,81.554847,10.764700000
4064,81.582144,10.574500000
4065,81.592154,9.802500000
4066,81.601676,9.361800000
4067,81.610987,8.938200000
4068,81.620265,9.006900000
4069,81.629279,8.729200000
4070,81.637703,8.261200000
4071,81.715291,11.785700000
4072,81.726284,10.642500000
4073,81.748976,13.040900000
4074,81.759747,10.509100000
4075,81.769690,9.764000000
4076,81.779079,9.222700000
4077,81.788251,8.898100000
4078,81.796930,8.512000000
4079,81.805870,8.736100000
4080,81.884086,10.594700000
4081,81.894698,10.280400000
4082,81.907410,10.154100000
4083,81.920670,12.968900000
4084,81.930772,9.846700000
4085,81.940437,9.495400000
4086,81.949540,9.010300000
4087,81.958305,8.483600000
4088,82.039454,10.712800000
4089,82.050357,10.500400000
4090,82.077560,10.294400000
4091,82.088649,10.848100000
4092,82.099797,10.917900000
4093,82.110322,10.286900000
4094,82.120598,9.995700000
4095,82.130907,10.034700000
4096,82.224624,11.137200000
4097,82.240033,15.104700000
4098,82.266152,11.701400000
4099,82.277716,11.235100000
4100,82.288442,10.517700000
4101,82.298957,10.365600000
4102,82.309844,10.606600000
4103,82.320449,10.407500000
4104,82.331023,10.360600000
4105,82.424935,10.998800000
4106,82.459395,10.065400000
4107,82.468995,9.356400000
4108,82.478983,9.814500000
4109,82.488298,9.116100000
4110,82.497108,8.639400000
4111,82.506283,8.970900000
4112,82.515030,8.550400000
4113,82.524276,9.032200000
4114,82.532930,8.473000000
4115,82.610879,10.464300000
4116,82.621803,10.562200000
4117,82.646982,10.318700000
4118,82.657957,10.742800000
4119,82.667977,9.817600000
4120,82.677614,9.322500000
4121,82.687149,9.381400000
4122,82.696162,8.852400000
4123,82.706274,9.930100000
4124,82.715426,8.896200000
4125,82.796255,10.431900000
4126,82.808109,11.491700000
4127,82.835661,10.454500000
4128,82.845755,9.802000000
4129,82.855482,9.549100000
4130,82.864521,8.900400000
4131,82.873251,8.554600000
4132,82.881886,8.422300000
4133,82.890284,8.230300000
4134,82.966321,10.195900000
4135,82.977066,10.431200000
4136,82.987417,10.029000000
4137,83.001422,13.705000000
4138,83.014648,12.907400000
4139,83.024769,9.927300000
4140,83.034436,9.524400000
4141,83.043629,8.884000000
4142,83.123970,11.365000000
4143,83.145003,10.567500000
4144,83.159681,14.314300000
4145,83.170273,10.263700000
4146,83.180356,9.864000000
4147,83.189742,9.251200000
4148,83.198668,8.835800000
4149,83.207790,9.031300000
4150,83.289861,13.151600000
4151,83.325187,11.730900000
4152,83.335925,10.381400000
4153,83.346682,10.471800000
4154,83.357241,10.388000000
4155,83.367663,10.235200000
4156,83.378198,10.271700000
4157,83.388211,9.818800000
4158,83.483463,10.574700000
4159,83.495303,11.480300000
4160,83.514735,12.519300000
4161,83.525508,10.452300000
4162,83.535479,9.745300000
4163,83.545549,9.913300000
4164,83.554942,9.156200000
4165,83.564501,9.316700000
4166,83.574325,9.584800000
4167,83.584416,9.860200000
4168,83.662915,9.966800000
4169,83.699775,11.880800000
4170,83.710207,10.058700000
4171,83.720167,9.708000000
4172,83.729517,9.087500000
4173,83.738471,8.758000000
4174,83.747042,8.350600000
4175,83.755420,8.157500000
4176,83.763782,8.177600000
4177,83.838928,10.270700000
4178,83.875349,11.494700000
4179,83.885774,10.088900000
4180,83.896291,10.233800000
4181,83.905953,9.407700000
4182,83.915094,8.886300000
4183,83.923963,8.670200000
4184,83.933066,8.900000000
4185,83.942277,9.017800000
4186,84.022002,11.447900000
4187,84.033554,11.212200000
4188,84.061537,12.207100000
4189,84.071854,9.989800000
4190,84.081814,9.719500000
4191,84.091316,9.233300000
4192,84.100652,9.121400000
4193,84.109784,8.924300000
4194,84.118663,8.648800000
4195,84.194103,10.524500000
4196,84.205056,10.550000000
4197,84.230199,11.185000000
4198,84.241147,10.598700000
4199,84.251528,10.118800000
4200,84.261636,9.857100000
4201,84.271043,9.181200000
4202,84.280064,8.782100000
4203,84.289266,8.992300000
4204,84.373108,12.299200000
4205,84.384318,10.843200000
4206,84.411567,11.635400000
4207,84.422242,10.349600000
4208,84.432169,9.578400000
4209,84.441354,9.066800000
4210,84.450160,8.463300000
4211,84.458261,7.914300000
4212,84.466653,8.192900000
4213,84.553073,9.848000000
4214,84.568371,11.024200000
4215,84.585775,17.110200000
4216,84.597068,10.974500000
4217,84.607681,10.376700000
4218,84.618241,10.247600000
4219,84.628621,10.057900000
4220,84.638723,9.842600000
4221,84.648892,9.884900000
4222,84.737590,11.085800000
4223,84.748714,10.773700000
4224,84.773338,12.143000000
4225,84.784261,10.623800000
4226,84.794741,10.114300000
4227,84.805007,9.893000000
4228,84.814992,9.720700000
4229,84.824122,9.019300000
4230,84.833483,9.150000000
4231,84.910034,10.700000000
4232,84.925156,14.764800000
4233,84.945819,10.477900000
4234,84.956437,10.288400000
4235,84.966522,9.833500000
4236,84.976312,9.521700000
4237,84.985589,9.086600000
4238,84.994223,8.468500000
4239,85.003270,8.854600000
4240,85.082994,11.063300000
4241,85.095351,11.998700000
4242,85.123482,11.760000000
4243,85.134411,10.590900000
4244,85.145101,10.448700000
4245,85.154840,9.474100000
4246,85.164188,9.132500000
4247,85.172947,8.484900000
4248,85.249028,10.641200000
4249,85.262513,13.109700000
4250,85.288436,10.354200000
4251,85.299440,10.717900000
4252,85.309382,9.683300000
4253,85.318634,9.013500000
4254,85.327678,8.850000000
4255,85.336739,8.853200000
4256,85.415035,10.328200000
4257,85.438598,10.235300000
4258,85.452157,13.263300000
4259,85.462576,10.100300000
4260,85.472413,9.589000000
4261,85.482328,9.662900000
4262,85.492278,9.695700000
4263,85.505184,12.667000000
4264,85.515530,10.138000000
4265,85.615763,11.519000000
4266,85.628301,12.199000000
4267,85.651727,10.181200000
4268,85.661737,9.703700000
4269,85.671195,9.247200000
4270,85.680893,9.497400000
4271,85.689960,8.854300000
4272,85.699263,9.157900000
4273,85.708019,8.516400000
4274,85.716930,8.727900000
4275,85.800622,10.925500000
4276,85.812069,11.031500000
4277,85.840931,11.311300000
4278,85.851617,10.387000000
4279,85.862271,10.428900000
4280,85.872210,9.713600000
4281,85.881751,9.339300000
4282,85.890526,8.618900000
4283,85.899565,8.779000000
4284,85.976422,10.968400000
4285,85.987768,10.970200000
4286,86.013973,11.010400000
4287,86.025022,10.770100000
4288,86.035429,10.178700000
4289,86.045410,9.658400000
4290,86.054777,9.185400000
4291,86.064292,9.278700000
4292,86.074314,9.802000000
4293,86.158820,11.568800000
4294,86.176647,11.445100000
4295,86.196882,15.077200000
4296,86.209711,12.474100000
4297,86.226032,15.982200000
4298,86.239049,12.807200000
4299,86.253450,14.043900000
4300,86.268453,14.745400000
4301,86.281780,13.103000000
4302,86.379069,10.617000000
4303,86.392945,13.596900000
4304,86.406276,12.119200000
4305,86.417078,10.500900000
4306,86.427254,10.006500000
4307,86.436938,9.583600000
4308,86.446543,9.362000000
4309,86.456146,9.295600000
4310,86.465452,9.133400000
4311,86.474045,8.434000000
4312,86.482911,8.616500000
4313,86.564879,11.981000000
4314,86.576940,11.627500000
4315,86.606569,11.460700000
4316,86.617658,10.785300000
4317,86.627734,9.896900000
4318,86.637486,9.507300000
4319,86.647041,9.358300000
4320,86.656798,9.541600000
4321,86.666186,9.154900000
4322,86.754385,10.866500000
4323,86.766183,11.340000000
4324,86.791110,11.420300000
4325,86.802276,10.811700000
4326,86.813047,10.537400000
4327,86.824097,10.858400000
4328,86.834363,10.068000000
4329,86.844571,9.928300000
4330,86.855040,10.213000000
4331,86.864535,9.219400000
4332,86.943276,10.686300000
4333,86.954499,10.908900000
4334,86.968993,11.977300000
4335,86.984272,12.368000000
4336,86.995285,10.733600000
4337,87.005641,10.112400000
4338,87.015333,9.439800000
4339,87.024530,9.022100000
4340,87.033495,8.741900000
4341,87.111030,11.622300000
4342,87.123248,11.865900000
4343,87.150409,12.122300000
4344,87.162079,11.366000000
4345,87.172903,10.558600000
4346,87.183035,9.875600000
4347,87.193294,9.982700000
4348,87.202573,9.175700000
4349,87.212330,9.455700000
4350,87.292883,10.979000000
4351,87.304081,10.902500000
4352,87.315706,11.280700000
4353,87.329564,13.572700000
4354,87.340463,10.640600000
4355,87.350813,10.133700000
4356,87.361641,10.572500000
4357,87.372685,10.750600000
4358,87.382570,9.574600000
4359,87.464339,12.305300000
4360,87.484785,11.027100000
4361,87.498385,13.297400000
4362,87.509972,11.232900000
4363,87.520250,10.100100000
4364,87.529715,9.363300000
4365,87.539602,9.596000000
4366,87.548783,9.002700000
4367,87.629952,11.816800000
4368,87.669424,11.619700000
4369,87.681566,11.805000000
4370,87.694571,12.689700000
4371,87.705618,10.772700000
4372,87.715751,9.897100000
4373,87.725904,9.947000000
4374,87.736551,10.016500000
4375,87.836283,14.076300000
4376,87.850643,13.862700000
4377,87.867015,16.035000000
4378,87.880006,12.622800000
4379,87.894358,13.972800000
4380,87.907078,12.387900000
4381,87.919493,12.099100000
4382,87.931673,11.870400000
4383,87.944100,12.137300000
4384,87.956091,11.676600000
4385,87.967862,11.407700000
4386,88.057404,12.828900000
4387,88.077250,19.389400000
4388,88.093911,14.492500000
4389,88.106552,12.312400000
4390,88.117672,10.896800000
4391,88.128739,10.806300000
4392,88.138946,9.931500000
4393,88.148567,9.400000000
4394,88.157850,9.158800000
4395,88.166958,8.837100000
4396,88.176833,9.680600000
4397,88.259992,11.442300000
4398,88.273299,12.893100000
4399,88.305327,15.159600000
4400,88.317957,12.282900000
4401,88.330357,12.016800000
4402,88.342387,11.737100000
4403,88.354707,11.951900000
4404,88.366730,11.679300000
4405,88.378678,11.676000000
4406,88.390440,11.492700000
4407,88.490692,12.599200000
4408,88.505422,14.350600000
4409,88.535265,11.836800000
4410,88.550548,14.691300000
4411,88.561267,10.424500000
4412,88.571436,9.849400000
4413,88.582083,10.400200000
4414,88.592685,10.333500000
4415,88.603192,10.214600000
4416,88.613850,10.467600000
4417,88.624131,9.633900000
4418,88.704680,10.873900000
4419,88.716650,11.548300000
4420,88.742120,10.737000000
4421,88.753046,10.663300000
4422,88.763473,10.188700000
4423,88.773241,9.594300000
4424,88.782919,9.500000000
4425,88.792029,8.887800000
4426,88.801179,9.063800000
4427,88.810117,8.650000000
4428,88.818922,8.578000000
4429,88.914874,11.769700000
4430,88.956560,15.578100000
4431,88.969573,12.598400000
4432,88.981882,12.010800000
4433,88.993193,10.948000000
4434,89.004653,11.175200000
4435,89.016144,11.200800000
4436,89.027871,11.433100000
4437,89.039886,11.694600000
4438,89.050623,10.575600000
4439,89.060801,9.855400000
4440,89.142251,10.966300000
4441,89.179740,10.939400000
4442,89.190653,10.649500000
4443,89.201741,10.842000000
4444,89.212670,10.704700000
4445,89.223944,11.000900000
4446,89.233913,9.611200000
4447,89.243283,9.140300000
4448,89.252112,8.607700000
4449,89.260985,8.651500000
4450,89.270026,8.834400000
4451,89.350404,11.580600000
4452,89.362034,11.280400000
4453,89.387244,11.441800000
4454,89.398378,10.826200000
4455,89.408810,10.101100000
4456,89.419144,10.096200000
4457,89.428841,9.419200000
4458,89.438031,8.970100000
4459,89.447060,8.818800000
4460,89.456805,9.528700000
4461,89.535054,10.632300000
4462,89.547359,11.943700000
4463,89.560727,10.981300000
4464,89.575256,14.204800000
4465,89.587066,11.550400000
4466,89.597350,10.120400000
4467,89.607722,10.072800000
4468,89.617234,9.271400000
4469,89.626311,8.907800000
4470,89.635877,9.351000000
4471,89.717694,11.490700000
4472,89.728903,10.871700000
4473,89.742090,10.610300000
4474,89.755725,13.291000000
4475,89.766614,10.549700000
4476,89.776647,9.863700000
4477,89.786790,9.925700000
4478,89.796154,9.262300000
4479,89.805892,9.526600000
4480,89.903022,15.071200000
4481,89.928837,12.831500000
4482,89.942715,11.933900000
4483,89.953018,10.053800000
4484,89.963405,10.117000000
4485,89.972927,9.419800000
4486,89.982077,8.915300000
4487,89.991099,8.782200000
4488,90.000318,8.966200000
4489,90.087535,15.093200000
4490,90.106392,12.352400000
4491,90.121044,14.340100000
4492,90.132325,10.951900000
4493,90.142923,10.347200000
4494,90.152623,9.582200000
4495,90.161945,9.230800000
4496,90.171492,9.338300000
4497,90.180329,8.659800000
4498,90.260347,11.159500000
4499,90.271370,10.676500000
4500,90.283427,11.078600000
4501,90.296796,13.091700000
4502,90.307995,10.955600000
4503,90.318304,10.139100000
4504,90.328158,9.592300000
4505,90.337591,9.242700000
4506,90.346964,9.134900000
4507,90.427907,11.766300000
4508,90.444114,11.315100000
4509,90.456240,11.816600000
4510,90.471824,11.665800000
4511,90.482901,10.782100000
4512,90.492949,9.862400000
4513,90.502333,9.263000000
4514,90.511536,8.952300000
4515,90.597482,11.422900000
4516,90.609351,11.556200000
4517,90.635176,11.748000000
4518,90.646356,10.831500000
4519,90.656493,9.957500000
4520,90.666812,10.096600000
4521,90.675797,8.813200000
4522,90.685301,9.359900000
4523,90.694297,8.761300000
4524,90.786272,18.008300000
4525,90.825334,14.551800000
4526,90.837786,12.103900000
4527,90.849780,11.663000000
4528,90.860440,10.448800000
4529,90.870647,9.903800000
4530,90.881001,10.043400000
4531,90.891337,10.068300000
4532,90.901771,10.200300000
4533,91.010740,14.986800000
4534,91.031122,11.516200000
4535,91.048051,11.652400000
4536,91.058739,10.438800000
4537,91.068852,9.878600000
4538,91.080331,11.242000000
4539,91.093748,13.113100000
4540,91.105411,11.315200000
4541,91.115979,10.331000000
4542,91.126505,10.236600000
4543,91.136255,9.458700000
4544,91.219819,10.516000000
4545,91.231079,10.732600000
4546,91.261997,15.334000000
4547,91.273013,10.797700000
4548,91.283005,9.752900000
4549,91.293165,9.944100000
4550,91.303556,10.167500000
4551,91.313202,9.445400000
4552,91.323137,9.650800000
4553,91.332464,9.109300000
4554,91.342504,9.816500000
4555,91.434213,11.994400000
4556,91.455456,11.846400000
4557,91.475256,14.296500000
4558,91.486554,10.982300000
4559,91.498837,11.925500000
4560,91.509169,10.058600000
4561,91.519100,9.664800000
4562,91.528884,9.566600000
4563,91.539247,10.115400000
4564,91.548921,9.361100000
4565,91.558902,9.773000000
4566,91.645461,12.242500000
4567,91.657535,11.737200000
4568,91.688172,12.477500000
4569,91.699592,11.006700000
4570,91.710466,10.536600000
4571,91.721896,11.205800000
4572,91.734057,11.919500000
4573,91.745659,11.402100000
4574,91.756048,10.220100000
4575,91.766655,10.314500000
4576,91.854447,14.918800000
4577,91.879051,24.132100000
4578,91.895490,16.084800000
4579,91.911157,15.418200000
4580,91.925575,14.188400000
4581,91.947818,22.083900000
4582,91.957067,8.913700000
4583,91.965641,8.379100000
4584,91.974259,8.392900000
4585,91.983065,8.572200000
4586,91.992135,8.769000000
4587,92.084268,11.703600000
4588,92.095701,11.105100000
4589,92.112196,16.187300000
4590,92.123731,11.212900000
4591,92.134569,10.534200000
4592,92.144819,10.045200000
4593,92.154543,9.414900000
4594,92.163359,8.632300000
4595,92.172228,8.573800000
4596,92.181036,8.526300000
4597,92.189611,8.361400000
4598,92.268603,11.575400000
4599,92.309353,11.890700000
4600,92.320240,10.608800000
4601,92.330340,9.849800000
4602,92.339794,9.190100000
4603,92.348752,8.730600000
4604,92.358049,9.066700000
4605,92.367247,8.986500000
4606,92.376296,8.825100000
4607,92.456166,10.667000000
4608,92.467741,11.038800000
4609,92.500024,11.746400000
4610,92.510871,10.495800000
4611,92.521152,10.007000000
4612,92.530532,9.205800000
4613,92.540185,9.524000000
4614,92.549546,9.227500000
4615,92.558098,8.387600000
4616,92.566757,8.452100000
4617,92.650547,11.853300000
4618,92.663060,12.152000000
4619,92.695707,15.065000000
4620,92.706808,10.776300000
4621,92.717821,10.694600000
4622,92.728763,10.693800000
4623,92.738906,9.831300000
4624,92.748825,9.767100000
4625,92.758001,9.066200000
4626,92.839200,11.890200000
4627,92.864239,10.953100000
4628,92.880627,11.763200000
4629,92.892095,11.149000000
4630,92.902277,9.995000000
4631,92.912052,9.476600000
4632,92.921357,9.070300000
4633,92.930442,8.881300000
4634,92.939320,8.603300000
4635,92.948385,8.843700000
4636,93.028399,10.512900000
4637,93.039766,11.032600000
4638,93.051766,10.994700000
4639,93.066364,14.350000000
4640,93.078373,11.682600000
4641,93.089250,10.607100000
4642,93.099550,10.114300000
4643,93.109620,9.869500000
4644,93.118998,9.164600000
4645,93.210254,11.960400000
4646,93.255455,16.087600000
4647,93.266680,10.904800000
4648,93.277871,10.993700000
4649,93.288173,10.033600000
4650,93.298441,10.042500000
4651,93.307945,9.301100000
4652,93.316899,8.739100000
4653,93.326170,9.062300000
4654,93.414519,12.189800000
4655,93.426643,11.731100000
4656,93.440020,11.817800000
4657,93.456730,12.595800000
4658,93.468924,11.846600000
4659,93.479821,10.608300000
4660,93.489860,9.798700000
4661,93.499350,9.371400000
4662,93.508971,9.385500000
4663,93.518495,9.316700000
4664,93.528862,10.250100000
4665,93.614353,12.629400000
4666,93.641306,12.988200000
4667,93.654916,10.971300000
4668,93.666368,11.183300000
4669,93.676755,10.191600000
4670,93.686585,9.739500000
4671,93.696288,9.466600000
4672,93.706153,9.625900000
4673,93.715904,9.629500000
4674,93.725691,9.476400000
4675,93.806968,13.110000000
4676,93.819312,11.891500000
4677,93.831022,11.358500000
4678,93.845755,14.493600000
4679,93.857111,11.016700000
4680,93.868632,11.143800000
4681,93.879220,10.392000000
4682,93.889356,9.871700000
4683,93.899340,9.721200000
4684,93.986743,12.562200000
4685,93.999189,12.093700000
4686,94.013511,13.960600000
4687,94.030236,13.726500000
4688,94.041915,11.357300000
4689,94.052687,10.557300000
4690,94.062702,9.767000000
4691,94.072641,9.683100000
4692,94.082643,9.801900000
4693,94.166944,12.139600000
4694,94.180850,13.515300000
4695,94.195865,14.690500000
4696,94.212670,14.070000000
4697,94.225148,12.194200000
4698,94.237424,12.072700000
4699,94.248691,10.986200000
4700,94.259229,10.233000000
4701,94.269371,9.819200000
4702,94.361277,12.450700000
4703,94.376712,14.966300000
4704,94.402009,13.172100000
4705,94.415564,13.239500000
4706,94.427922,12.140200000
4707,94.438767,10.618800000
4708,94.449121,10.138700000
4709,94.459310,9.954600000
4710,94.470142,10.588600000
4711,94.481207,10.804400000
4712,94.573529,18.320900000
4713,94.612128,14.925400000
4714,94.625435,12.964600000
4715,94.637502,11.751500000
4716,94.649597,11.814900000
4717,94.661455,11.635600000
4718,94.673127,11.421100000
4719,94.683571,10.210300000
4720,94.693142,9.357600000
4721,94.702564,9.214200000
4722,94.785047,12.103900000
4723,94.798079,12.588500000
4724,94.825833,12.247200000
4725,94.837827,11.758300000
4726,94.848578,10.573200000
4727,94.859418,10.530200000
4728,94.870739,11.090800000
4729,94.882228,11.253100000
4730,94.893720,11.215000000
4731,94.904080,10.117400000
4732,94.914626,10.300300000
4733,94.997707,14.322700000
4734,95.031637,11.401600000
4735,95.043049,11.160700000
4736,95.053982,10.649900000
4737,95.064879,10.638500000
4738,95.075478,10.361900000
4739,95.086070,10.371400000
4740,95.095928,9.620700000
4741,95.105263,9.114900000
4742,95.114885,9.454100000
4743,95.124163,9.057100000
4744,95.205333,11.365600000
4745,95.223366,17.661600000
4746,95.245456,12.397100000
4747,95.257457,11.751900000
4748,95.268636,10.864000000
4749,95.278878,10.029700000
4750,95.289155,10.031400000
4751,95.299689,10.261000000
4752,95.310390,10.466700000
4753,95.320302,9.672100000
4754,95.410636,11.350700000
4755,95.427958,13.187600000
4756,95.448604,12.241900000
4757,95.459927,11.032200000
4758,95.470478,10.329200000
4759,95.480447,9.794500000
4760,95.490023,9.339100000
4761,95.499142,8.887400000
4762,95.508681,9.328800000
4763,95.517634,8.755900000
4764,95.526982,9.101200000
4765,95.607876,11.634600000
4766,95.645073,11.374900000
4767,95.657227,11.861300000
4768,95.668280,10.733100000
4769,95.678635,10.136300000
4770,95.689029,10.165100000
4771,95.698527,9.285400000
4772,95.707916,9.152600000
4773,95.717530,9.395200000
4774,95.797647,10.556600000
4775,95.825334,12.419400000
4776,95.838061,10.998000000
4777,95.849131,10.779700000
4778,95.859884,10.439100000
4779,95.869769,9.662400000
4780,95.879347,9.420200000
4781,95.889187,9.701500000
4782,95.899198,9.736400000
4783,95.909429,9.957000000
4784,96.002248,18.073300000
4785,96.043162,13.153500000
4786,96.054977,11.409600000
4787,96.065661,10.366300000
4788,96.075439,9.616300000
4789,96.085266,9.473700000
4790,96.095238,9.651700000
4791,96.105129,9.406400000
4792,96.115663,10.290300000
4793,96.125212,9.296800000
4794,96.210165,12.808400000
4795,96.223337,12.842800000
4796,96.259587,20.240600000
4797,96.273048,12.992100000
4798,96.285525,12.104000000
4799,96.300318,14.491200000
4800,96.312424,11.707300000
4801,96.324794,12.017400000
4802,96.336855,11.828700000
4803,96.348117,10.876900000
4804,96.455664,14.224300000
4805,96.469969,13.902500000
4806,96.502036,18.716500000
4807,96.514114,11.731800000
4808,96.525330,10.786500000
4809,96.536252,10.681500000
4810,96.547664,11.126600000
4811,96.558898,10.971600000
4812,96.570118,10.939100000
4813,96.580912,10.539300000
4814,96.591884,10.720100000
4815,96.602859,10.713500000
4816,96.613950,10.822200000
4817,96.709209,12.393900000
4818,96.724504,14.856600000
4819,96.759769,12.787200000
4820,96.770668,10.464000000
4821,96.781203,10.328800000
4822,96.792054,10.627500000
4823,96.801564,9.400200000
4824,96.811185,9.300800000
4825,96.819951,8.537600000
4826,96.828522,8.336100000
4827,96.837253,8.459600000
4828,96.845904,8.411200000
4829,96.934645,13.938300000
4830,96.948538,12.838300000
4831,96.962146,13.154000000
4832,96.980787,11.518900000
4833,96.992620,11.547200000
4834,97.003596,10.695400000
4835,97.013537,9.751700000
4836,97.023300,9.554200000
4837,97.032923,9.403700000
4838,97.041776,8.663700000
4839,97.050755,8.788400000
4840,97.060017,9.062600000
4841,97.140508,11.627900000
4842,97.154184,13.272200000
4843,97.183192,11.403100000
4844,97.194474,10.974100000
4845,97.204767,10.118100000
4846,97.214561,9.536000000
4847,97.224130,9.447000000
4848,97.233367,8.977800000
4849,97.242488,8.948500000
4850,97.251492,8.718700000
4851,97.343282,14.799800000
4852,97.369064,13.037400000
4853,97.385062,12.717000000
4854,97.395967,10.565100000
4855,97.409183,12.920300000
4856,97.419648,10.256000000
4857,97.431991,12.111400000
4858,97.445547,13.323700000
4859,97.457852,12.160700000
4860,97.481332,23.267800000
4861,97.577042,11.856100000
4862,97.589237,11.742200000
4863,97.605966,10.958900000
4864,97.621097,11.352300000
4865,97.631242,9.885700000
4866,97.641132,9.664500000
4867,97.650561,9.215300000
4868,97.660019,9.283500000
4869,97.671962,11.717100000
4870,97.682048,9.811300000
4871,97.691426,9.169200000
4872,97.701197,9.588600000
4873,97.781529,10.686600000
4874,97.792793,10.924500000
4875,97.824727,11.473400000
4876,97.836299,11.358600000
4877,97.847741,11.123900000
4878,97.859145,11.142200000
4879,97.870121,10.728600000
4880,97.880340,9.969000000
4881,97.889551,8.929900000
4882,97.898413,8.661600000
4883,97.976709,10.867300000
4884,98.019959,11.577200000
4885,98.030971,10.688700000
4886,98.040857,9.634000000
4887,98.050886,9.790700000
4888,98.060304,9.181100000
4889,98.069501,9.004000000
4890,98.078318,8.621200000
4891,98.087285,8.768900000
4892,98.096031,8.500500000
