Sample,Elapsed_s,Computation_ms
1,0.351719,14.491800000
2,0.373131,21.078800000
3,0.385565,12.099600000
4,0.399352,13.382800000
5,0.413553,13.860600000
6,0.427409,13.552600000
7,0.440426,12.653500000
8,0.452422,11.709300000
9,0.466411,13.754200000
10,0.481912,15.147100000
11,0.500101,11.805900000
12,0.512287,11.863800000
13,0.618289,15.073000000
14,0.652037,12.840100000
15,0.665124,12.750100000
16,0.676780,11.367200000
17,0.687663,10.666500000
18,0.698997,11.145600000
19,0.709360,10.074100000
20,0.720019,10.376100000
21,0.729873,9.642000000
22,0.739760,9.661500000
23,0.749612,9.634500000
24,0.759665,9.826800000
25,0.769172,9.260000000
26,0.851389,12.363000000
27,0.887278,13.010500000
28,0.900137,12.505200000
29,0.911861,11.404100000
30,0.922588,10.477100000
31,0.932983,10.148500000
32,0.943514,10.290300000
33,0.955625,11.857700000
34,0.965818,9.974400000
35,0.976189,10.153500000
36,0.987295,10.859500000
37,0.997332,9.815400000
38,1.087608,13.294700000
39,1.100345,12.352100000
40,1.115363,14.703000000
41,1.128085,12.396200000
42,1.140100,11.657500000
43,1.150895,10.526300000
44,1.161227,10.068300000
45,1.171982,10.425700000
46,1.183030,10.814300000
47,1.192833,9.523200000
48,1.202115,9.020100000
49,1.212201,9.738300000
50,1.306686,12.196400000
51,1.320052,12.963500000
52,1.342677,12.498400000
53,1.354779,11.754500000
54,1.365697,10.657100000
55,1.376574,10.625100000
56,1.386426,9.668800000
57,1.395907,9.226200000
58,1.405874,9.738800000
59,1.416240,10.118900000
60,1.427490,10.992900000
61,1.509101,12.623600000
62,1.544517,11.256700000
63,1.555544,10.616300000
64,1.565888,10.113000000
65,1.576536,10.401300000
66,1.586522,9.764700000
67,1.596632,9.959000000
68,1.606066,9.249600000
69,1.615064,8.758400000
70,1.624012,8.710900000
71,1.708100,14.776800000
72,1.743348,13.562700000
73,1.754680,11.002200000
74,1.765250,10.276300000
75,1.774970,9.575900000
76,1.785056,9.854900000
77,1.794701,9.378400000
78,1.804325,9.396700000
79,1.813401,8.861300000
80,1.822987,9.364900000
81,1.901222,11.346500000
82,1.944953,11.042600000
83,1.956195,10.969100000
84,1.967604,11.148700000
85,1.978009,10.155000000
86,1.987745,9.583000000
87,1.997149,9.186100000
88,2.006977,9.605000000
89,2.016241,9.051500000
90,2.025417,8.972400000
91,2.103363,11.300700000
92,2.116901,13.166400000
93,2.130952,12.060900000
94,2.146736,12.827500000
95,2.157888,10.837600000
96,2.169150,10.951100000
97,2.180348,10.918800000
98,2.191657,11.044300000
99,2.201878,9.937400000
100,2.211382,9.244200000
101,2.309652,15.513700000
102,2.349124,12.017400000
103,2.360834,11.434600000
104,2.371725,10.560500000
105,2.381655,9.709400000
106,2.391415,9.527800000
107,2.400836,9.179500000
108,2.409742,8.677300000
109,2.418845,8.943800000
110,2.427918,8.835100000
111,2.512949,15.577600000
112,2.552604,12.506000000
113,2.564749,11.782200000
114,2.578372,13.237000000
115,2.591810,13.060200000
116,2.604339,12.125000000
117,2.615449,10.796800000
118,2.627139,11.391200000
119,2.636782,9.371400000
120,2.646926,9.870100000
121,2.735830,17.871600000
122,2.778600,14.671100000
123,2.794808,15.750500000
124,2.807511,12.451800000
125,2.819725,11.968700000
126,2.834381,14.500200000
127,2.844153,9.460100000
128,2.853930,9.440100000
129,2.863904,9.757100000
130,2.874539,10.392300000
131,2.884683,9.890100000
132,2.967383,12.845500000
133,2.979715,11.973500000
134,2.991185,11.103300000
135,3.005306,13.813100000
136,3.016049,10.548200000
137,3.026561,10.192700000
138,3.036764,10.053700000
139,3.047497,10.484900000
140,3.058361,10.605500000
141,3.068247,9.661100000
142,3.078700,10.246400000
143,3.087514,8.629400000
144,3.168192,14.009400000
145,3.182119,13.408200000
146,3.216505,15.642400000
147,3.228646,11.762300000
148,3.241626,12.776500000
149,3.255139,13.101300000
150,3.267387,11.956000000
151,3.278571,11.027900000
152,3.288820,9.969300000
153,3.299154,10.091600000
154,3.419860,18.755500000
155,3.459132,12.882800000
156,3.471614,12.096500000
157,3.482473,10.570500000
158,3.493574,10.869000000
159,3.504515,10.708500000
160,3.516221,11.492600000
161,3.528846,12.503800000
162,3.540387,11.294700000
163,3.552388,11.756200000
164,3.576123,23.544800000
165,3.586141,9.663400000
166,3.667605,14.128800000
167,3.679676,11.742600000
168,3.694082,11.528500000
169,3.707481,13.100900000
170,3.718320,10.579000000
171,3.728957,10.411700000
172,3.739345,10.110900000
173,3.750028,10.452700000
174,3.760404,10.118200000
175,3.772118,11.444100000
176,3.783414,11.008100000
177,3.793855,10.180200000
178,3.804275,10.145200000
179,3.893525,12.921500000
180,3.907016,12.451400000
181,3.919933,11.505800000
182,3.933505,13.294100000
183,3.943922,10.133800000
184,3.953687,9.522100000
185,3.963600,9.696700000
186,3.973147,9.383500000
187,3.982146,8.805200000
188,3.991296,8.982000000
189,4.000769,9.222400000
190,4.078833,11.229100000
191,4.091207,12.073600000
192,4.103267,11.729600000
193,4.117713,14.155400000
194,4.129301,11.298600000
195,4.139986,10.428400000
196,4.150718,10.490700000
197,4.161915,10.933600000
198,4.171965,9.777300000
199,4.181611,9.389600000
200,4.265204,11.987700000
201,4.306736,12.063500000
202,4.317866,10.830500000
203,4.329083,10.935200000
204,4.339348,9.998100000
205,4.350549,10.975600000
206,4.359922,9.116600000
207,4.369649,9.536800000
208,4.380037,10.154000000
209,4.474069,11.439700000
210,4.486100,11.695800000
211,4.515726,10.738200000
212,4.526056,10.028400000
213,4.536054,9.794600000
214,4.545293,9.066400000
215,4.554453,8.985900000
216,4.563904,9.253700000
217,4.572882,8.866900000
218,4.581825,8.745800000
219,4.658827,12.174900000
220,4.699478,12.419500000
221,4.711680,11.812900000
222,4.722704,10.693800000
223,4.732868,9.879900000
224,4.742516,9.424600000
225,4.751698,8.955900000
226,4.761283,9.316200000
227,4.770462,8.971900000
228,4.779866,9.190900000
229,4.860172,13.473000000
230,4.873836,13.142200000
231,4.905099,11.548200000
232,4.915926,10.505200000
233,4.926779,10.612100000
234,4.936934,9.950700000
235,4.946313,9.167000000
236,4.956121,9.583400000
237,4.965377,9.040000000
238,4.974586,8.988600000
239,5.052621,11.758700000
240,5.064823,11.846700000
241,5.093825,12.219400000
242,5.104468,10.331100000
243,5.114263,9.550800000
244,5.123658,9.284900000
245,5.133709,9.756600000
246,5.142891,8.940100000
247,5.151946,8.842900000
248,5.228395,12.368400000
249,5.258040,12.283900000
250,5.273689,11.550400000
251,5.284677,10.749600000
252,5.295762,10.816000000
253,5.307138,11.105200000
254,5.317625,10.232000000
255,5.328545,10.674400000
256,5.339472,10.662600000
257,5.428988,12.361000000
258,5.469811,11.660600000
259,5.481681,11.513600000
260,5.494150,12.103100000
261,5.506675,12.226800000
262,5.519181,12.282700000
263,5.531791,12.478800000
264,5.542216,10.109200000
265,5.551747,9.359500000
266,5.560974,9.036500000
267,5.648835,13.147500000
268,5.690348,12.362400000
269,5.701710,10.958800000
270,5.712389,10.323100000
271,5.723170,10.551200000
272,5.733316,9.868400000
273,5.742740,9.213500000
274,5.751714,8.785000000
275,5.761332,9.360100000
276,5.770210,8.655600000
277,5.779129,8.688800000
278,5.854758,11.720300000
279,5.867260,12.169000000
280,5.897905,12.509800000
281,5.910479,12.263800000
282,5.921971,11.105500000
283,5.935238,12.973800000
284,5.945804,10.346300000
285,5.956738,10.714200000
286,5.968651,11.652100000
287,5.980000,11.088500000
288,6.062959,13.274600000
289,6.075942,12.520600000
290,6.105970,12.455600000
291,6.117778,11.530900000
292,6.129500,11.392000000
293,6.139756,10.116700000
294,6.149923,9.881200000
295,6.159358,9.223900000
296,6.168717,9.144100000
297,6.178164,9.234800000
298,6.189422,11.078200000
299,6.275777,13.228200000
300,6.293780,13.821300000
301,6.310012,15.769400000
302,6.322867,12.477900000
303,6.334726,11.526000000
304,6.345320,10.374600000
305,6.355674,10.049700000
306,6.365648,9.787100000
307,6.374955,9.131600000
308,6.384927,9.749400000
309,6.467778,14.077600000
310,6.483216,15.043100000
311,6.519749,16.127200000
312,6.533321,13.085500000
313,6.547439,13.779500000
314,6.562694,14.929800000
315,6.577169,14.248900000
316,6.592166,14.716800000
317,6.604979,12.653900000
318,6.617328,12.222700000
319,6.716467,13.094300000
320,6.730819,13.944100000
321,6.760229,11.375300000
322,6.772069,11.640400000
323,6.782867,10.558900000
324,6.793065,10.096700000
325,6.803148,9.785500000
326,6.813265,9.877000000
327,6.822899,9.410900000
328,6.832977,9.840700000
329,6.842535,9.351500000
330,6.851968,9.226200000
331,6.928092,11.937100000
332,6.941918,13.450400000
333,6.973504,12.522300000
334,6.985185,11.352700000
335,6.995861,10.437200000
336,7.006853,10.771800000
337,7.017362,10.294300000
338,7.027446,9.960200000
339,7.037631,9.971600000
340,7.048095,10.307800000
341,7.058461,10.123700000
342,7.137358,12.853500000
343,7.183536,13.562000000
344,7.195549,11.734300000
345,7.207250,11.423800000
346,7.219555,11.951000000
347,7.231739,11.950500000
348,7.242506,10.533000000
349,7.253076,10.386400000
350,7.264291,10.978000000
351,7.276120,11.587100000
352,7.357190,12.961900000
353,7.402735,12.330500000
354,7.414528,11.438300000
355,7.426229,11.405400000
356,7.436943,10.499000000
357,7.448152,10.974500000
358,7.458438,10.174700000
359,7.468772,10.104800000
360,7.479008,10.000400000
361,7.488663,9.421800000
362,7.498489,9.568400000
363,7.578548,12.245600000
364,7.591493,12.518800000
365,7.624955,11.697500000
366,7.636247,10.959300000
367,7.646414,9.994500000
368,7.656594,9.903400000
369,7.666213,9.400300000
370,7.675589,9.180200000
371,7.685050,9.234500000
372,7.694422,9.151300000
373,7.704039,9.404200000
374,7.713547,9.304100000
375,7.804544,11.585500000
376,7.816023,11.143900000
377,7.828434,11.102000000
378,7.842219,13.480900000
379,7.853490,10.961500000
380,7.863657,9.965000000
381,7.873259,9.384800000
382,7.882430,8.979400000
383,7.891927,9.275700000
384,7.901306,9.160300000
385,7.910785,9.243700000
386,7.991687,11.401300000
387,8.036159,11.572400000
388,8.047245,10.794800000
389,8.057560,10.036500000
390,8.067174,9.394300000
391,8.076609,9.192100000
392,8.086350,9.539000000
393,8.095742,9.171100000
394,8.104628,8.675100000
395,8.185026,12.150800000
396,8.202432,16.965200000
397,8.215544,12.586000000
398,8.230925,15.054700000
399,8.243065,11.776400000
400,8.254114,10.797300000
401,8.264903,10.547000000
402,8.276072,10.827800000
403,8.287004,10.646300000
404,8.297902,10.575400000
405,8.394843,13.037700000
406,8.409481,14.230800000
407,8.423831,13.953900000
408,8.441915,13.102300000
409,8.454971,12.741900000
410,8.466666,11.383100000
411,8.478162,11.228100000
412,8.489682,11.346200000
413,8.501325,11.344800000
414,8.513310,11.771800000
415,8.611941,12.286300000
416,8.625025,12.699700000
417,8.657026,13.007500000
418,8.668798,11.485300000
419,8.679880,10.933600000
420,8.690427,10.288400000
421,8.700404,9.721300000
422,8.711342,10.669100000
423,8.721060,9.457500000
424,8.730623,9.317900000
425,8.740743,9.895900000
426,8.831927,11.086500000
427,8.843897,11.656200000
428,8.876082,10.543700000
429,8.886247,9.844700000
430,8.896656,10.251900000
431,8.906588,9.707100000
432,8.916789,9.898800000
433,8.926627,9.600100000
434,8.936230,9.408900000
435,8.945937,9.465600000
436,8.955196,9.027100000
437,9.044445,11.099500000
438,9.056046,11.264500000
439,9.071479,12.395000000
440,9.085631,13.802200000
441,9.096921,10.995800000
442,9.107367,10.230100000
443,9.117411,9.809100000
444,9.126935,9.264100000
445,9.135922,8.811600000
446,9.145816,9.666000000
447,9.155287,9.294000000
448,9.237205,12.440700000
449,9.249983,12.356300000
450,9.283553,11.248200000
451,9.295277,11.419900000
452,9.309498,13.958900000
453,9.320542,10.754000000
454,9.331984,11.308800000
455,9.345949,13.597200000
456,9.362561,16.316600000
457,9.456904,15.731100000
458,9.500389,16.043900000
459,9.525272,24.542000000
460,9.534751,9.077700000
461,9.544049,9.085900000
462,9.553661,9.328400000
463,9.563447,9.570500000
464,9.572648,8.989800000
465,9.581438,8.568300000
466,9.590391,8.696600000
467,9.598902,8.351400000
468,9.680306,11.588300000
469,9.691932,11.294100000
470,9.703935,11.672400000
471,9.718974,14.676800000
472,9.730665,11.379000000
473,9.741232,10.272000000
474,9.751628,10.172800000
475,9.762268,10.403200000
476,9.773110,10.608300000
477,9.782775,9.426000000
478,9.791774,8.809500000
479,9.800680,8.697300000
480,9.890037,11.987900000
481,9.901644,11.277700000
482,9.933606,12.039400000
483,9.943996,10.144000000
484,9.953577,9.341800000
485,9.963129,9.293800000
486,9.972055,8.732700000
487,9.981497,9.222100000
488,9.990305,8.614600000
489,9.999263,8.762800000
490,10.081277,13.752200000
491,10.123558,12.124200000
492,10.135600,11.768200000
493,10.146528,10.593700000
494,10.157228,10.412400000
495,10.168282,10.823000000
496,10.179123,10.586200000
497,10.188644,9.301500000
498,10.198589,9.733500000
499,10.207517,8.733600000
500,10.288607,12.105500000
501,10.300860,11.912700000
502,10.333674,12.216900000
503,10.344358,10.400700000
504,10.355416,10.788800000
505,10.365317,9.613800000
506,10.374806,9.263700000
507,10.383621,8.633700000
508,10.393236,9.400200000
509,10.402516,9.071900000
510,10.485975,14.014100000
511,10.529353,10.758600000
512,10.539909,10.154100000
513,10.549672,9.492900000
514,10.558934,9.067400000
515,10.567953,8.894800000
516,10.576546,8.386500000
517,10.585335,8.654700000
518,10.593929,8.377900000
519,10.602812,8.653100000
520,10.683159,11.017900000
521,10.695040,11.421700000
522,10.727352,10.885600000
523,10.737826,10.179200000
524,10.748299,10.246800000
525,10.759026,10.482200000
526,10.768858,9.589200000
527,10.777971,8.930000000
528,10.786871,8.712400000
529,10.795784,8.729500000
530,10.895582,14.207900000
531,10.935534,12.041100000
532,10.945834,10.018500000
533,10.955386,9.237300000
534,10.964866,9.282000000
535,10.973823,8.759000000
536,10.983142,9.172900000
537,10.991997,8.714000000
538,11.001043,8.855100000
539,11.009909,8.652800000
540,11.095199,15.323800000
541,11.140142,13.331700000
542,11.152901,12.321600000
543,11.164912,11.703000000
544,11.176472,11.237500000
545,11.187361,10.712900000
546,11.198223,10.527800000
547,11.208600,10.059800000
548,11.219808,10.930400000
549,11.231705,11.743700000
550,11.323159,11.341600000
551,11.371751,10.907600000
552,11.382490,10.367100000
553,11.393504,10.773900000
554,11.403715,9.983400000
555,11.413139,9.233100000
556,11.422854,9.514900000
557,11.431917,8.874900000
558,11.440542,8.410000000
559,11.449208,8.516700000
560,11.457731,8.312700000
561,11.467850,9.911400000
562,11.602237,13.697200000
563,11.613748,11.051100000
564,11.649025,12.065500000
565,11.660356,11.014000000
566,11.671360,10.764800000
567,11.681977,10.392300000
568,11.692690,10.407200000
569,11.702901,10.092900000
570,11.713160,9.980700000
571,11.722826,9.531600000
572,11.733453,10.295700000
573,11.743878,10.195500000
574,11.754378,10.253600000
575,11.765370,10.708100000
576,11.853663,15.694700000
577,11.871584,11.107300000
578,11.887748,15.768600000
579,11.899131,11.029300000
580,11.908849,9.447400000
581,11.918415,9.260200000
582,11.927299,8.651600000
583,11.936279,8.771200000
584,11.945332,8.867500000
585,11.953594,8.031900000
586,11.961719,7.940700000
587,11.969775,7.861700000
588,12.064344,10.577500000
589,12.076776,12.040900000
590,12.114416,12.916500000
591,12.126632,11.830800000
592,12.138671,11.775500000
593,12.150397,11.529000000
594,12.161940,11.241700000
595,12.173983,11.768000000
596,12.184915,10.583700000
597,12.195326,10.201700000
598,12.204876,9.275900000
599,12.288418,13.076300000
600,12.300637,11.796800000
601,12.331056,10.579900000
602,12.341307,9.948400000
603,12.351916,10.279000000
604,12.361326,9.222900000
605,12.371437,9.914400000
606,12.380508,8.955600000
607,12.389283,8.565600000
608,12.398140,8.624700000
609,12.406369,7.999900000
610,12.485747,11.122300000
611,12.497931,11.589700000
612,12.529044,10.491800000
613,12.539962,10.627600000
614,12.549719,9.553600000
615,12.559074,9.191300000
616,12.567995,8.696800000
617,12.576536,8.378600000
618,12.585365,8.618400000
619,12.593547,7.992900000
620,12.674627,10.597500000
621,12.721386,10.995200000
622,12.731971,10.302200000
623,12.741721,9.470300000
624,12.751752,9.777400000
625,12.761687,9.722000000
626,12.771360,9.435400000
627,12.780588,9.009500000
628,12.790021,9.178000000
629,12.875916,10.285800000
630,12.925707,11.262000000
631,12.937359,11.289200000
632,12.948100,10.352600000
633,12.959126,10.804100000
634,12.970366,10.938300000
635,12.980413,9.806800000
636,12.989624,8.968400000
637,12.998977,9.094000000
638,13.007726,8.537900000
639,13.016193,8.281400000
640,13.138031,10.724600000
641,13.155811,17.265700000
642,13.182772,10.891500000
643,13.192982,9.884600000
644,13.202515,9.308800000
645,13.211623,8.847800000
646,13.220203,8.389100000
647,13.229123,8.788900000
648,13.237775,8.438300000
649,13.246078,8.113600000
650,13.254845,8.555000000
651,13.263385,8.352200000
652,13.272369,8.787200000
653,13.356341,11.619100000
654,13.367610,10.831600000
655,13.402174,10.266100000
656,13.412051,9.587400000
657,13.421977,9.673900000
658,13.432264,10.077100000
659,13.441485,8.996100000
660,13.450018,8.337800000
661,13.459148,8.912500000
662,13.467945,8.603800000
663,13.548682,11.169000000
664,13.591568,10.395100000
665,13.601832,9.990600000
666,13.611559,9.446900000
667,13.621289,9.512700000
668,13.630430,8.937800000
669,13.638925,8.304500000
670,13.647317,8.191600000
671,13.655456,7.977400000
672,13.663581,7.909200000
673,13.742559,10.787800000
674,13.756677,12.595500000
675,13.787693,10.944200000
676,13.797802,9.728200000
677,13.807807,9.789100000
678,13.818048,10.072400000
679,13.828834,10.481600000
680,13.839510,10.362300000
681,13.850733,10.933400000
682,13.862947,11.872600000
683,13.961996,12.785900000
684,13.974376,11.721900000
685,14.005797,11.846800000
686,14.016257,10.079400000
687,14.025657,9.200100000
688,14.034785,8.996200000
689,14.044978,9.987600000
690,14.055402,10.267500000
691,14.065597,9.940200000
692,14.074817,8.962300000
693,14.084128,9.115000000
694,14.179506,12.907100000
695,14.193460,13.505800000
696,14.223201,10.760300000
697,14.234788,11.174400000
698,14.244765,9.650000000
699,14.254357,9.329800000
700,14.263638,9.038100000
701,14.272848,8.966400000
702,14.282308,9.180100000
703,14.292063,9.483300000
704,14.301709,9.364300000
705,14.386751,12.347900000
706,14.400624,13.384900000
707,14.430467,10.944500000
708,14.441567,10.741300000
709,14.451659,9.731200000
710,14.461316,9.331900000
711,14.470530,8.857000000
712,14.479991,9.223600000
713,14.489664,9.449300000
714,14.499604,9.729000000
715,14.591841,10.882400000
716,14.604442,11.717400000
717,14.639457,11.543000000
718,14.651043,11.334100000
719,14.662183,10.864100000
720,14.671816,9.445200000
721,14.681667,9.646100000
722,14.691735,9.853300000
723,14.701941,9.967900000
724,14.711163,8.915300000
725,14.797242,10.984400000
726,14.814043,15.984200000
727,14.842840,15.109700000
728,14.853233,10.060800000
729,14.862806,9.402700000
730,14.872169,9.135800000
731,14.884201,11.714100000
732,14.893627,9.117300000
733,14.902857,8.944400000
734,14.912348,9.294600000
735,14.922042,9.500000000
736,15.009991,11.192000000
737,15.021130,10.760300000
738,15.052942,11.584500000
739,15.062778,9.505500000
740,15.071913,8.935900000
741,15.081347,9.225600000
742,15.090169,8.601700000
743,15.098717,8.356600000
744,15.107440,8.538400000
745,15.116545,8.893300000
746,15.209426,11.640400000
747,15.225069,15.251700000
748,15.236408,11.007100000
749,15.255078,13.478600000
750,15.270325,14.953500000
751,15.283799,13.298100000
752,15.296087,11.977800000
753,15.318184,21.769800000
754,15.326322,7.840400000
755,15.334459,7.948100000
756,15.415673,11.629900000
757,15.431431,15.150000000
758,15.461938,13.578400000
759,15.472155,9.831600000
760,15.481417,9.063500000
761,15.490844,9.208800000
762,15.499793,8.746700000
763,15.509204,9.209400000
764,15.518186,8.787500000
765,15.527177,8.795500000
766,15.607819,11.169000000
767,15.619130,10.888000000
768,15.652985,10.338300000
769,15.663623,10.382900000
770,15.673306,9.389700000
771,15.682399,8.810100000
772,15.690883,8.245900000
773,15.699197,8.134400000
774,15.708158,8.736000000
775,15.717862,9.435100000
776,15.800678,11.038000000
777,15.811647,10.550500000
778,15.843536,10.147000000
779,15.853460,9.587700000
780,15.862569,8.869300000
781,15.871908,9.110700000
782,15.880720,8.658900000
783,15.889799,8.856200000
784,15.898374,8.388500000
785,15.907238,8.675200000
786,15.986184,11.612700000
787,15.998078,11.461200000
788,16.009239,10.842500000
789,16.020345,10.740400000
790,16.054167,9.974400000
791,16.064609,10.203800000
792,16.073883,9.120700000
793,16.082769,8.709900000
794,16.091252,8.382300000
795,16.172416,10.332100000
796,16.183648,10.787100000
797,16.218611,12.247700000
798,16.228654,9.706500000
799,16.238750,9.879500000
800,16.248025,9.083600000
801,16.257020,8.728500000
802,16.265804,8.550900000
803,16.274183,8.170700000
804,16.369045,11.458800000
805,16.381635,12.182900000
806,16.412170,10.971100000
807,16.422608,10.180400000
808,16.432946,10.038200000
809,16.441894,8.673300000
810,16.450450,8.363400000
811,16.459391,8.751900000
812,16.468329,8.684800000
813,16.476725,8.190200000
814,16.558470,11.959300000
815,16.600769,10.269300000
816,16.610833,9.658000000
817,16.620121,9.024100000
818,16.629002,8.679200000
819,16.637663,8.441100000
820,16.646659,8.808300000
821,16.655320,8.427400000
822,16.663591,8.045800000
823,16.672534,8.723900000
824,16.756425,11.155600000
825,16.768644,11.828400000
826,16.796232,12.297600000
827,16.807058,10.491800000
828,16.816784,9.445300000
829,16.826540,9.492300000
830,16.835609,8.779600000
831,16.844456,8.587400000
832,16.853288,8.559500000
833,16.861649,8.158300000
834,16.941672,11.831900000
835,16.953675,11.647000000
836,16.980123,10.092800000
837,16.991435,11.008900000
838,17.001896,10.083200000
839,17.012163,9.969900000
840,17.023732,11.266700000
841,17.033091,9.092000000
842,17.042070,8.764300000
843,17.134531,10.581800000
844,17.146634,11.768900000
845,17.174420,11.045600000
846,17.185088,10.354000000
847,17.194973,9.615700000
848,17.204883,9.685000000
849,17.213988,8.880200000
850,17.223232,9.060900000
851,17.231630,8.174800000
852,17.318565,15.362800000
853,17.333694,14.675000000
854,17.359148,12.813200000
855,17.372216,12.648500000
856,17.384504,11.877800000
857,17.396049,11.305100000
858,17.407696,11.331300000
859,17.418876,10.928400000
860,17.429972,10.882000000
861,17.532286,12.585900000
862,17.543520,10.821800000
863,17.572865,10.873500000
864,17.583165,9.952600000
865,17.592494,9.156400000
866,17.601429,8.830200000
867,17.611292,9.708600000
868,17.620085,8.600400000
869,17.629721,9.509500000
870,17.640864,10.802600000
871,17.651690,10.546200000
872,17.743452,11.896700000
873,17.755939,12.041100000
874,17.782713,10.738600000
875,17.793795,10.626900000
876,17.804129,10.086400000
877,17.814669,10.337500000
878,17.824223,9.343100000
879,17.834018,9.635600000
880,17.844160,9.980000000
881,17.853201,8.922500000
882,17.862145,8.808500000
883,17.942358,10.282300000
884,17.953256,10.491000000
885,17.985671,12.743000000
886,17.996373,10.405500000
887,18.006002,9.350200000
888,18.015778,9.580600000
889,18.026055,10.086600000
890,18.036534,10.286000000
891,18.046946,10.215200000
892,18.057472,10.315500000
893,18.141874,11.135100000
894,18.154574,12.338100000
895,18.180166,12.431900000
896,18.190912,10.430200000
897,18.201712,10.546200000
898,18.211347,9.436900000
899,18.221413,9.816600000
900,18.230540,8.888700000
901,18.240123,9.405900000
902,18.249975,9.595700000
903,18.333056,11.481800000
904,18.346503,13.076700000
905,18.373552,11.997400000
906,18.383791,9.934600000
907,18.393402,9.322400000
908,18.403082,9.464500000
909,18.413196,9.917100000
910,18.422277,8.836300000
911,18.431842,9.355400000
912,18.525253,11.526100000
913,18.536845,11.243300000
914,18.567226,11.636100000
915,18.578554,11.002800000
916,18.588395,9.688900000
917,18.597597,8.981100000
918,18.606112,8.284800000
919,18.614441,8.149400000
920,18.623111,8.495300000
921,18.631255,7.955900000
922,18.709549,11.226600000
923,18.721958,12.011800000
924,18.754858,15.407900000
925,18.764850,9.691900000
926,18.774752,9.762100000
927,18.783944,8.964900000
928,18.793384,9.196800000
929,18.803148,9.556400000
930,18.811894,8.640600000
931,18.892412,10.455100000
932,18.904589,11.754500000
933,18.936477,11.496100000
934,18.947168,10.469000000
935,18.958052,10.615700000
936,18.967971,9.611100000
937,18.977104,8.885800000
938,18.986533,9.178900000
939,18.995143,8.405000000
940,19.077251,11.713100000
941,19.087454,9.857600000
942,19.100553,11.316400000
943,19.113317,12.442400000
944,19.124564,10.910600000
945,19.134723,9.824900000
946,19.144114,9.146600000
947,19.153049,8.709100000
948,19.162533,9.261400000
949,19.171273,8.536500000
950,19.261213,13.441900000
951,19.272478,10.896600000
952,19.284529,11.540700000
953,19.299041,14.189900000
954,19.311709,12.366400000
955,19.323314,11.082100000
956,19.333683,10.000300000
957,19.343084,9.146100000
958,19.352835,9.538100000
959,19.436982,11.575300000
960,19.450305,12.889700000
961,19.479272,11.833800000
962,19.490979,11.362400000
963,19.501673,10.316400000
964,19.511884,10.006200000
965,19.521200,8.982500000
966,19.530595,9.172000000
967,19.540320,9.460200000
968,19.632487,10.197800000
969,19.643578,10.686500000
970,19.674484,10.352800000
971,19.684266,9.488000000
972,19.693354,8.884000000
973,19.702827,9.267600000
974,19.712847,9.718200000
975,19.722042,8.992600000
976,19.730737,8.452500000
977,19.809968,10.548200000
978,19.821890,11.460600000
979,19.853214,11.636100000
980,19.866648,13.055900000
981,19.878299,11.274100000
982,19.888680,10.162300000
983,19.899178,10.231700000
984,19.909819,10.373700000
985,19.920402,10.267100000
986,20.002860,10.280700000
987,20.013519,10.325300000
988,20.030538,10.108200000
989,20.043303,12.514300000
990,20.053957,10.267000000
991,20.064759,10.590900000
992,20.074159,9.155500000
993,20.082898,8.485300000
994,20.091175,8.054800000
995,20.099628,8.242300000
996,20.190900,10.552000000
997,20.202311,11.045200000
998,20.233025,11.285100000
999,20.244074,10.813900000
1000,20.253860,9.616700000
1001,20.263053,9.016300000
1002,20.271443,8.199700000
1003,20.280214,8.546500000
1004,20.289504,9.059300000
1005,20.371378,10.246700000
1006,20.382004,10.320800000
1007,20.415524,15.135800000
1008,20.425428,9.551600000
1009,20.435600,9.946800000
1010,20.446023,10.160800000
1011,20.455630,9.316900000
1012,20.465449,9.632400000
1013,20.474586,8.908300000
1014,20.562838,11.812200000
1015,20.574538,11.234800000
1016,20.600545,10.104100000
1017,20.611781,10.872200000
1018,20.622161,10.115200000
1019,20.631466,9.064300000
1020,20.640413,8.743900000
1021,20.649306,8.631400000
1022,20.658647,9.110200000
1023,20.667748,8.878300000
1024,20.760862,10.186900000
1025,20.773813,12.558200000
1026,20.805532,11.793800000
1027,20.816878,10.981500000
1028,20.827943,10.794200000
1029,20.838827,10.591600000
1030,20.848320,9.229500000
1031,20.857079,8.584300000
1032,20.866231,8.943000000
1033,20.875893,9.460000000
1034,20.958367,10.825500000
1035,20.970137,11.330800000
1036,21.002080,15.331900000
1037,21.011752,9.341300000
1038,21.021453,9.452900000
1039,21.030458,8.749600000
1040,21.039729,9.039100000
1041,21.048305,8.297600000
1042,21.059452,10.945900000
1043,21.067991,8.245700000
1044,21.157975,14.807700000
1045,21.175718,17.347100000
1046,21.202882,20.294500000
1047,21.229772,26.599000000
1048,21.238533,8.513100000
1049,21.247164,8.462200000
1050,21.256023,8.649800000
1051,21.264717,8.455400000
1052,21.273495,8.537300000
1053,21.357216,10.661400000
1054,21.370449,12.789500000
1055,21.396585,10.867600000
1056,21.407259,10.207000000
1057,21.416772,9.337100000
1058,21.425868,8.863200000
1059,21.434718,8.702700000
1060,21.443196,8.306400000
1061,21.451951,8.551800000
1062,21.461733,9.548500000
1063,21.471594,9.624300000
1064,21.553569,10.410500000
1065,21.564561,10.609800000
1066,21.591215,10.381400000
1067,21.601473,9.986100000
1068,21.611128,9.384100000
1069,21.620188,8.836500000
1070,21.628924,8.520000000
1071,21.637318,8.171700000
1072,21.647522,9.966000000
1073,21.734114,13.287600000
1074,21.746879,12.332300000
1075,21.771440,12.078200000
1076,21.784345,12.507400000
1077,21.795006,10.313900000
1078,21.804653,9.529300000
1079,21.814530,9.538200000
1080,21.823604,8.882300000
1081,21.832563,8.751800000
1082,21.936865,13.416200000
1083,21.948981,11.663100000
1084,21.976359,12.718200000
1085,21.988669,11.961100000
1086,21.999306,10.298600000
1087,22.009809,10.266500000
1088,22.019337,9.330400000
1089,22.029190,9.640000000
1090,22.038627,9.232900000
1091,22.048333,9.451500000
1092,22.131665,12.161500000
1093,22.143457,11.389100000
1094,22.169502,11.202500000
1095,22.179845,10.080000000
1096,22.190313,10.222900000
1097,22.199935,9.378100000
1098,22.208994,8.819600000
1099,22.217880,8.677800000
1100,22.226254,8.159000000
1101,22.234780,8.331000000
1102,22.313953,10.690700000
1103,22.325415,11.034600000
1104,22.360381,13.283200000
1105,22.371702,11.076400000
1106,22.383140,11.108500000
1107,22.393313,9.982900000
1108,22.402823,9.392900000
1109,22.412659,9.633100000
1110,22.421995,9.150600000
1111,22.501096,10.877500000
1112,22.512594,11.135900000
1113,22.544574,10.742400000
1114,22.554981,10.129700000
1115,22.564821,9.637200000
1116,22.575036,9.940200000
1117,22.585780,10.463400000
1118,22.596393,10.387700000
1119,22.607589,10.942000000
1120,22.618551,10.724600000
1121,22.705902,10.758200000
1122,22.717654,11.401700000
1123,22.747228,11.091200000
1124,22.758241,10.790600000
1125,22.768015,9.598100000
1126,22.778255,9.903400000
1127,22.787719,9.199000000
1128,22.796433,8.501300000
1129,22.805150,8.534900000
1130,22.813958,8.588300000
1131,22.898603,10.863700000
1132,22.941747,12.030100000
1133,22.952759,10.671800000
1134,22.963223,10.200900000
1135,22.972686,9.316500000
1136,22.981543,8.755600000
1137,22.990629,8.841600000
1138,22.999839,8.983900000
1139,23.008667,8.611200000
1140,23.017293,8.410300000
1141,23.112961,11.338000000
1142,23.124971,11.600600000
1143,23.159285,12.555900000
1144,23.169864,10.280300000
1145,23.181094,10.973600000
1146,23.192260,10.799200000
1147,23.203196,10.636700000
1148,23.214268,10.775400000
1149,23.225714,11.106200000
1150,23.237528,11.514200000
1151,23.325988,11.280400000
1152,23.337866,11.408400000
1153,23.370493,11.393500000
1154,23.381644,10.924500000
1155,23.391418,9.554400000
1156,23.400696,9.167300000
1157,23.410481,9.598100000
1158,23.419279,8.569000000
1159,23.428793,9.291800000
1160,23.438749,9.716000000
1161,23.447847,8.859300000
1162,23.528491,11.024600000
1163,23.540529,11.734600000
1164,23.570406,13.020400000
1165,23.581827,11.128200000
1166,23.593110,11.046400000
1167,23.602945,9.646200000
1168,23.612960,9.723000000
1169,23.621919,8.854200000
1170,23.631525,9.312000000
1171,23.641584,9.815100000
1172,23.726916,12.141100000
1173,23.771789,11.077300000
1174,23.781929,9.849900000
1175,23.791524,9.400600000
1176,23.800423,8.667700000
1177,23.809631,9.055400000
1178,23.818600,8.773900000
1179,23.826909,8.114500000
1180,23.836087,8.956100000
1181,23.844829,8.507500000
1182,23.929984,11.329700000
1183,23.974721,11.412900000
1184,23.984518,9.495200000
1185,23.994576,9.848400000
1186,24.004903,10.075600000
1187,24.015222,10.193800000
1188,24.025734,10.264400000
1189,24.034928,9.086800000
1190,24.044596,9.357900000
1191,24.053448,8.639200000
1192,24.146628,11.996800000
1193,24.158620,11.529900000
1194,24.190941,12.783900000
1195,24.201839,10.656000000
1196,24.211513,9.499200000
1197,24.221623,9.841700000
1198,24.230935,9.092500000
1199,24.240054,8.894900000
1200,24.248335,8.115900000
1201,24.257168,8.593300000
1202,24.266757,9.359600000
1203,24.349494,11.067300000
1204,24.360285,10.427300000
1205,24.395487,11.404600000
1206,24.406743,11.023500000
1207,24.416953,9.931500000
1208,24.426551,9.288100000
1209,24.435401,8.631100000
1210,24.444253,8.572900000
1211,24.452834,8.355800000
1212,24.460960,7.941200000
1213,24.540903,12.136400000
1214,24.553329,11.970300000
1215,24.584922,12.809600000
1216,24.596686,11.441100000
1217,24.607495,10.623900000
1218,24.618352,10.569600000
1219,24.629417,10.830000000
1220,24.640243,10.556400000
1221,24.649823,9.282200000
1222,24.659569,9.474400000
1223,24.739572,10.822100000
1224,24.784271,13.105900000
1225,24.794471,9.882300000
1226,24.804023,9.348100000
1227,24.813629,9.296200000
1228,24.826809,12.917100000
1229,24.837318,10.255300000
1230,24.847969,10.380400000
1231,24.858899,10.666300000
1232,24.869485,10.263600000
1233,24.960107,11.738300000
1234,24.972643,12.116200000
1235,25.005021,11.011600000
1236,25.016616,11.247100000
1237,25.028272,11.352500000
1238,25.039488,10.927400000
1239,25.050041,10.299700000
1240,25.060323,10.038100000
1241,25.070577,10.023900000
1242,25.080051,9.225100000
1243,25.089775,9.493300000
1244,25.186173,13.294200000
1245,25.198481,11.904700000
1246,25.226278,10.538400000
1247,25.236603,9.945200000
1248,25.246065,9.239000000
1249,25.254993,8.629600000
1250,25.263688,8.476000000
1251,25.272241,8.334200000
1252,25.280909,8.455000000
1253,25.289486,8.328900000
1254,25.298595,8.867300000
1255,25.392381,10.961300000
1256,25.405824,12.999100000
1257,25.436499,11.415900000
1258,25.446401,9.605300000
1259,25.455670,8.997400000
1260,25.464880,8.941100000
1261,25.473860,8.781300000
1262,25.483032,8.968800000
1263,25.492033,8.782100000
1264,25.501441,9.172100000
1265,25.583251,11.756100000
1266,25.595156,11.507400000
1267,25.634286,10.911500000
1268,25.644653,10.084600000
1269,25.654549,9.640400000
1270,25.663756,9.001300000
1271,25.672859,8.846800000
1272,25.682482,9.404200000
1273,25.692537,9.813600000
1274,25.703019,10.296800000
1275,25.787672,11.340400000
1276,25.799162,11.109900000
1277,25.829791,10.923400000
1278,25.839980,9.931000000
1279,25.850256,10.111500000
1280,25.859787,9.356900000
1281,25.869207,9.226800000
1282,25.877777,8.392100000
1283,25.886771,8.752900000
1284,25.895792,8.772700000
1285,25.985210,11.842600000
1286,26.029363,12.635900000
1287,26.040427,10.718600000
1288,26.050098,9.538200000
1289,26.059652,9.256100000
1290,26.069519,9.561600000
1291,26.079860,10.065100000
1292,26.090345,10.244800000
1293,26.099615,9.012500000
1294,26.108478,8.551100000
1295,26.201419,12.305700000
1296,26.214101,12.277700000
1297,26.244500,10.690300000
1298,26.255866,11.071400000
1299,26.265891,9.855000000
1300,26.275545,9.365000000
1301,26.284423,8.623900000
1302,26.293459,8.836100000
1303,26.301858,8.189800000
1304,26.310944,8.832000000
1305,26.319642,8.596300000
1306,26.405697,12.508900000
1307,26.418592,12.485800000
1308,26.449652,11.658700000
1309,26.460966,11.082600000
1310,26.470937,9.834800000
1311,26.480375,9.294000000
1312,26.489244,8.567100000
1313,26.498837,9.357900000
1314,26.507910,8.941300000
1315,26.516313,8.164300000
1316,26.597495,12.052400000
1317,26.609352,11.469900000
1318,26.640998,11.918700000
1319,26.651162,9.947600000
1320,26.660566,9.180800000
1321,26.669729,9.066300000
1322,26.678379,8.487200000
1323,26.687308,8.729200000
1324,26.696037,8.476200000
1325,26.705174,8.856900000
1326,26.787742,10.398300000
1327,26.834251,12.941400000
1328,26.844114,9.581400000
1329,26.853346,9.038500000
1330,26.862437,8.903900000
1331,26.871212,8.676700000
1332,26.880423,9.008300000
1333,26.889304,8.786000000
1334,26.898621,9.150800000
1335,26.981814,12.081900000
1336,27.001418,18.976500000
1337,27.023071,11.455800000
1338,27.035119,11.615900000
1339,27.048127,12.711400000
1340,27.062220,13.853800000
1341,27.074856,12.432900000
1342,27.086407,11.317200000
1343,27.107191,20.573200000
1344,27.116067,8.548400000
1345,27.197799,12.188500000
1346,27.210693,12.467300000
1347,27.241223,11.919900000
1348,27.253358,11.817300000
1349,27.264619,10.953200000
1350,27.275336,10.404600000
1351,27.286195,10.543100000
1352,27.297292,10.810900000
1353,27.308457,10.881200000
1354,27.319759,11.027000000
1355,27.331410,11.406300000
1356,27.441209,10.822800000
1357,27.452914,11.319900000
1358,27.487207,13.130000000
1359,27.499399,11.850300000
1360,27.510103,10.343000000
1361,27.520547,10.156000000
1362,27.530171,9.306300000
1363,27.540396,9.945800000
1364,27.550691,10.072000000
1365,27.560201,9.346400000
1366,27.569599,9.254400000
1367,27.579151,9.315500000
1368,27.671064,12.297100000
1369,27.682491,11.095100000
1370,27.713264,13.619300000
1371,27.723496,9.958500000
1372,27.732972,9.290900000
1373,27.742511,9.293400000
1374,27.751785,8.977300000
1375,27.761198,9.137900000
1376,27.770591,9.119300000
1377,27.779241,8.496300000
1378,27.787600,8.195100000
1379,27.868171,12.151600000
1380,27.885345,16.739400000
1381,27.909413,11.076500000
1382,27.920211,10.489900000
1383,27.930156,9.702500000
1384,27.939988,9.611500000
1385,27.948741,8.470300000
1386,27.958178,9.213700000
1387,27.967173,8.758100000
1388,27.975788,8.376800000
1389,28.057817,12.151200000
1390,28.075661,17.391700000
1391,28.104271,13.125800000
1392,28.115947,11.359800000
1393,28.127159,10.915900000
1394,28.137762,10.336300000
1395,28.148398,10.358800000
1396,28.159014,10.360000000
1397,28.171997,12.757100000
1398,28.181762,9.454100000
1399,28.260938,11.425500000
1400,28.274314,13.000300000
1401,28.303724,11.627900000
1402,28.314857,10.774000000
1403,28.325449,10.308300000
1404,28.335125,9.488500000
1405,28.344291,8.866900000
1406,28.353271,8.773900000
1407,28.363004,9.467600000
1408,28.371878,8.635200000
1409,28.468752,11.146800000
1410,28.480290,10.968500000
1411,28.510311,10.771000000
1412,28.520379,9.802400000
1413,28.529980,9.403300000
1414,28.539897,9.628600000
1415,28.549229,9.122100000
1416,28.558284,8.845700000
1417,28.567032,8.547000000
1418,28.575973,8.737100000
1419,28.657769,12.589900000
1420,28.669261,11.136700000
1421,28.699835,11.450500000
1422,28.710762,10.575100000
1423,28.721602,10.571100000
1424,28.732524,10.667400000
1425,28.742260,9.466900000
1426,28.752770,10.332200000
1427,28.763438,10.355600000
1428,28.852365,11.277200000
1429,28.893588,10.427100000
1430,28.903527,9.677400000
1431,28.912989,9.233700000
1432,28.922028,8.784400000
1433,28.930543,8.339900000
1434,28.939139,8.435800000
1435,28.948101,8.784000000
1436,28.956347,8.039100000
1437,28.964673,8.111000000
1438,29.047467,11.540100000
1439,29.092528,12.326300000
1440,29.103405,10.543300000
1441,29.114464,10.702900000
1442,29.124697,9.910700000
1443,29.134636,9.589300000
1444,29.144398,9.438500000
1445,29.154564,9.839400000
1446,29.164173,9.300200000
1447,29.173703,9.232500000
1448,29.259689,12.332200000
1449,29.272067,11.976300000
1450,29.308916,12.044900000
1451,29.318766,9.535500000
1452,29.327973,9.001500000
1453,29.337080,8.907800000
1454,29.346098,8.831400000
1455,29.354504,8.292600000
1456,29.362711,7.960800000
1457,29.370899,7.989900000
1458,29.379132,8.021300000
1459,29.463118,10.745600000
1460,29.474131,10.682400000
1461,29.511048,11.252700000
1462,29.520795,9.511600000
1463,29.530526,9.570100000
1464,29.539647,8.932800000
1465,29.549125,9.275100000
1466,29.557981,8.703000000
1467,29.567158,9.080500000
1468,29.575729,8.366800000
1469,29.670665,10.885800000
1470,29.685298,14.269500000
1471,29.716645,13.621000000
1472,29.728414,11.442500000
1473,29.738399,9.807300000
1474,29.747704,9.119800000
1475,29.756351,8.485500000
1476,29.765752,9.212900000
1477,29.773856,7.902100000
1478,29.782636,8.525700000
1479,29.859531,10.038200000
1480,29.870590,10.712200000
1481,29.906097,12.137000000
1482,29.916622,10.237800000
1483,29.926291,9.461000000
1484,29.935543,9.019700000
1485,29.944981,9.184600000
1486,29.954828,9.613000000
1487,29.963850,8.815600000
1488,29.972308,8.252300000
1489,30.054532,11.291500000
1490,30.067162,12.310500000
1491,30.099249,11.144900000
1492,30.110275,10.722200000
1493,30.120488,9.927100000
1494,30.129790,9.035300000
1495,30.138827,8.825200000
1496,30.147643,8.613800000
1497,30.156558,8.726100000
1498,30.236864,10.208500000
1499,30.247867,10.729100000
1500,30.281336,10.530300000
1501,30.291339,9.717900000
1502,30.300747,9.198800000
1503,30.310352,9.439500000
1504,30.319159,8.685900000
1505,30.328761,9.420300000
1506,30.339186,10.177400000
1507,30.348636,9.182300000
1508,30.434277,11.083300000
1509,30.447328,12.694400000
1510,30.474655,10.618600000
1511,30.485300,10.329900000
1512,30.495616,10.029300000
1513,30.505638,9.802400000
1514,30.518452,12.562700000
1515,30.529302,10.533100000
1516,30.540751,11.129700000
1517,30.630674,10.020900000
1518,30.642089,10.799100000
1519,30.673406,12.019000000
1520,30.684376,10.678000000
1521,30.695429,10.786400000
1522,30.706731,10.990800000
1523,30.717952,10.967200000
1524,30.729533,11.200400000
1525,30.739960,10.094400000
1526,30.749381,9.110400000
1527,30.840592,11.161400000
1528,30.854055,13.102400000
1529,30.888962,18.073000000
1530,30.899680,10.357900000
1531,30.910110,10.112600000
1532,30.920277,9.884200000
1533,30.930265,9.863400000
1534,30.940357,9.797900000
1535,30.949969,9.353800000
1536,30.958892,8.706600000
1537,30.967393,8.242200000
1538,31.046699,11.250600000
1539,31.057868,10.776100000
1540,31.086460,11.464500000
1541,31.097246,10.464900000
1542,31.107145,9.557200000
1543,31.116184,8.851100000
1544,31.124980,8.581500000
1545,31.133869,8.713200000
1546,31.142664,8.563500000
1547,31.152411,9.316100000
1548,31.240270,10.721100000
1549,31.251404,10.678600000
1550,31.286010,13.939000000
1551,31.296906,10.529900000
1552,31.307315,10.156800000
1553,31.317842,10.251200000
1554,31.327413,9.332000000
1555,31.337313,9.708400000
1556,31.347336,9.779800000
1557,31.357507,9.885500000
1558,31.446490,12.441100000
1559,31.459243,12.364900000
1560,31.488616,13.418900000
1561,31.501193,12.114600000
1562,31.512513,10.897600000
1563,31.523492,10.703100000
1564,31.534230,10.474300000
1565,31.544641,10.031400000
1566,31.555402,10.412900000
1567,31.566644,10.952700000
1568,31.658820,10.515400000
1569,31.670078,10.868700000
1570,31.700920,10.897600000
1571,31.711112,9.795200000
1572,31.720510,9.196600000
1573,31.730203,9.436400000
1574,31.739427,9.057100000
1575,31.747967,8.333800000
1576,31.757084,8.927300000
1577,31.765597,8.300800000
1578,31.773808,8.027900000
1579,31.862950,10.294400000
1580,31.875966,12.179600000
1581,31.903063,12.695300000
1582,31.913439,10.081900000
1583,31.923906,10.209600000
1584,31.933951,9.843400000
1585,31.943471,9.178900000
1586,31.952399,8.710500000
1587,31.961426,8.788500000
1588,31.970172,8.507800000
1589,32.057659,11.541700000
1590,32.071344,13.188400000
1591,32.104708,14.449300000
1592,32.116076,11.117200000
1593,32.126357,10.091200000
1594,32.136644,10.032600000
1595,32.146248,9.410700000
1596,32.156137,9.556000000
1597,32.165850,9.455900000
1598,32.176172,10.047700000
1599,32.262567,11.221000000
1600,32.275375,12.392100000
1601,32.293197,11.128600000
1602,32.306937,13.361500000
1603,32.318213,10.988800000
1604,32.329319,10.879000000
1605,32.339794,10.271500000
1606,32.350370,10.339600000
1607,32.359919,9.359300000
1608,32.369834,9.577900000
1609,32.455419,10.565000000
1610,32.467002,11.103100000
1611,32.501217,13.698200000
1612,32.511638,10.123900000
1613,32.521281,9.407700000
1614,32.530132,8.735000000
1615,32.538738,8.454400000
1616,32.547327,8.444000000
1617,32.555785,8.256500000
1618,32.635494,11.154100000
1619,32.646604,10.729500000
1620,32.676097,10.227700000
1621,32.686393,9.991500000
1622,32.696650,10.066600000
1623,32.707339,10.492000000
1624,32.716913,9.363800000
1625,32.727139,9.963400000
1626,32.736281,8.971900000
1627,32.820397,11.442300000
1628,32.861233,14.939000000
1629,32.871174,9.611200000
1630,32.880684,9.250200000
1631,32.892824,11.888000000
1632,32.902438,9.439500000
1633,32.911241,8.645300000
1634,32.921940,10.526100000
1635,32.934360,12.191900000
1636,32.946556,11.943400000
1637,33.051877,10.976800000
1638,33.062916,10.699700000
1639,33.090073,10.469300000
1640,33.100477,10.063300000
1641,33.110999,10.311300000
1642,33.120375,9.257400000
1643,33.130406,9.751700000
1644,33.139460,8.809200000
1645,33.148721,9.087200000
1646,33.157821,8.890600000
1647,33.166515,8.452300000
1648,33.251523,13.556200000
1649,33.287859,10.445100000
1650,33.298617,10.408600000
1651,33.309211,10.375400000
1652,33.318746,9.290300000
1653,33.327896,8.949400000
1654,33.336601,8.505900000
1655,33.345202,8.358200000
1656,33.353776,8.384500000
1657,33.362935,8.957300000
1658,33.446947,12.438800000
1659,33.463270,15.877800000
1660,33.497920,18.356300000
1661,33.508656,10.456100000
1662,33.519543,10.648000000
1663,33.531573,11.792600000
1664,33.543909,12.065000000
1665,33.555065,10.999000000
1666,33.564918,9.632000000
1667,33.574731,9.611800000
1668,33.670114,12.116700000
1669,33.681567,11.095800000
1670,33.711301,11.951100000
1671,33.722355,10.634700000
1672,33.733753,11.025800000
1673,33.745416,11.375000000
1674,33.756830,11.127800000
1675,33.767917,10.836600000
1676,33.779311,11.110700000
1677,33.789740,10.165800000
1678,33.798828,8.861200000
1679,33.876682,10.110100000
1680,33.887970,10.758800000
1681,33.913853,10.372600000
1682,33.925393,11.226200000
1683,33.935648,9.987800000
1684,33.945998,10.073300000
1685,33.956179,9.905900000
1686,33.965517,9.142900000
1687,33.974399,8.694300000
1688,33.982795,8.301900000
1689,33.991847,8.802200000
1690,34.085659,12.438600000
1691,34.103030,16.843600000
1692,34.124677,12.867600000
1693,34.134954,9.926700000
1694,34.145077,9.920700000
1695,34.155573,10.236100000
1696,34.166298,10.488700000
1697,34.175770,9.289400000
1698,34.185095,9.108500000
1699,34.194487,9.167700000
1700,34.282044,13.676500000
1701,34.298923,16.406000000
1702,34.321823,13.627400000
1703,34.332684,10.521600000
1704,34.342771,9.862400000
1705,34.352814,9.810300000
1706,34.362754,9.643900000
1707,34.372540,9.623900000
1708,34.382006,9.196800000
1709,34.391756,9.482800000
1710,34.472033,10.387200000
1711,34.486247,13.556000000
1712,34.511325,10.328800000
1713,34.521852,10.233300000
1714,34.532469,10.388000000
1715,34.543114,10.490900000
1716,34.553652,10.232500000
1717,34.563382,9.530200000
1718,34.572484,8.866700000
1719,34.652156,10.414000000
1720,34.668629,16.157200000
1721,34.684313,11.377700000
1722,34.697700,13.126400000
1723,34.707989,9.940600000
1724,34.717437,9.336700000
1725,34.726816,9.175100000
1726,34.735816,8.813500000
1727,34.744796,8.784100000
1728,34.827554,10.502300000
1729,34.838377,10.489900000
1730,34.864990,12.854700000
1731,34.876568,11.017400000
1732,34.887131,10.318500000
1733,34.896978,9.590500000
1734,34.906164,8.986300000
1735,34.914791,8.399800000
1736,34.923101,8.114400000
1737,35.003478,10.279000000
1738,35.014482,10.616200000
1739,35.042403,11.400200000
1740,35.053247,10.456100000
1741,35.063093,9.620800000
1742,35.072263,9.064300000
1743,35.081925,9.377700000
1744,35.091055,8.940100000
1745,35.099929,8.664200000
1746,35.195039,11.802200000
1747,35.206391,10.969300000
1748,35.239041,16.047300000
1749,35.250106,10.785500000
1750,35.260312,9.995400000
1751,35.269702,9.197000000
1752,35.278972,9.052400000
1753,35.288179,8.989300000
1754,35.297105,8.775600000
1755,35.377513,10.424900000
1756,35.387985,10.113300000
1757,35.417988,10.736200000
1758,35.428453,10.149400000
1759,35.438278,9.582600000
1760,35.447311,8.933300000
1761,35.456050,8.579100000
1762,35.464628,8.412100000
1763,35.473099,8.287500000
1764,35.481865,8.575700000
1765,35.562456,10.551800000
1766,35.573452,10.698200000
1767,35.591312,10.268500000
1768,35.605008,13.410300000
1769,35.616678,11.329200000
1770,35.628183,11.220400000
1771,35.638452,10.021400000
1772,35.647831,9.192500000
1773,35.656768,8.842300000
1774,35.743965,13.030800000
1775,35.786918,10.741100000
1776,35.797535,10.322200000
1777,35.807358,9.570300000
1778,35.816684,9.092400000
1779,35.825466,8.621000000
1780,35.834527,8.832800000
1781,35.843068,8.351600000
1782,35.851183,7.930900000
1783,35.941464,12.815700000
1784,35.984050,15.690700000
1785,35.994356,9.972500000
1786,36.004402,9.835500000
1787,36.013794,9.125400000
1788,36.023091,9.079700000
1789,36.032628,9.333200000
1790,36.042303,9.429300000
1791,36.051641,9.077700000
1792,36.060857,8.988300000
1793,36.142793,10.356500000
1794,36.154908,11.766600000
1795,36.185337,12.393300000
1796,36.195551,9.902000000
1797,36.205321,9.531600000
1798,36.215028,9.456100000
1799,36.224230,8.952900000
1800,36.232813,8.485000000
1801,36.241897,8.799800000
1802,36.250632,8.523100000
1803,36.341216,10.099200000
1804,36.352084,10.530300000
1805,36.387451,14.994800000
1806,36.397974,10.233200000
1807,36.407930,9.739800000
1808,36.418251,10.057000000
1809,36.427843,9.349700000
1810,36.437712,9.611200000
1811,36.448875,10.849300000
1812,36.459354,10.177400000
1813,36.546009,12.240900000
1814,36.557336,10.949100000
1815,36.587852,10.329300000
1816,36.598729,10.480700000
1817,36.608571,9.605000000
1818,36.617992,9.207400000
1819,36.627307,9.155500000
1820,36.636005,8.508200000
1821,36.644313,8.137900000
1822,36.653113,8.601800000
1823,36.737323,11.016500000
1824,36.749896,12.140700000
1825,36.787694,16.311300000
1826,36.797508,9.529300000
1827,36.807433,9.721900000
1828,36.816465,8.925700000
1829,36.825397,8.654700000
1830,36.833951,8.447100000
1831,36.842661,8.614800000
1832,36.850776,7.896000000
1833,36.928826,10.288200000
1834,36.939351,10.153300000
1835,36.973029,11.117500000
1836,36.984406,11.073900000
1837,36.994502,9.926000000
1838,37.004515,9.723900000
1839,37.013809,9.066000000
1840,37.023583,9.615100000
1841,37.032206,8.474200000
1842,37.127623,15.243400000
1843,37.140775,12.716000000
1844,37.167922,13.518000000
1845,37.180442,12.080100000
1846,37.192009,11.195200000
1847,37.203256,10.852500000
1848,37.213101,9.571300000
1849,37.222140,8.857000000
1850,37.231056,8.612600000
1851,37.239971,8.749400000
1852,37.317822,10.764900000
1853,37.328507,10.353000000
1854,37.359328,11.815400000
1855,37.369206,9.593500000
1856,37.379284,9.911300000
1857,37.388559,9.000200000
1858,37.397533,8.794900000
1859,37.406435,8.703600000
1860,37.415523,8.860000000
1861,37.423944,8.186400000
1862,37.511297,10.088500000
1863,37.522122,10.427300000
1864,37.559538,14.194400000
1865,37.569602,9.772700000
1866,37.578998,9.195600000
1867,37.588096,8.897100000
1868,37.597366,9.076400000
1869,37.606754,9.205500000
1870,37.616230,9.287900000
1871,37.694841,10.374400000
1872,37.706553,11.285400000
1873,37.739275,10.628900000
1874,37.749333,9.779900000
1875,37.758926,9.312300000
1876,37.768314,9.129600000
1877,37.776928,8.417200000
1878,37.785856,8.834200000
1879,37.794609,8.465700000
1880,37.881448,12.723900000
1881,37.895481,13.642600000
1882,37.924665,10.929400000
1883,37.936062,11.044800000
1884,37.947251,10.968700000
1885,37.957861,10.360200000
1886,37.968329,10.194300000
1887,37.978132,9.465600000
1888,37.987956,9.677200000
1889,37.998164,9.923500000
1890,38.079141,13.189200000
1891,38.090229,10.688200000
1892,38.123513,13.116500000
1893,38.133308,9.513300000
1894,38.143175,9.662600000
1895,38.152391,8.978200000
1896,38.160996,8.405200000
1897,38.170126,8.916900000
1898,38.179674,9.278100000
1899,38.188215,8.318900000
1900,38.269962,11.772800000
1901,38.312814,11.896300000
1902,38.323753,10.597000000
1903,38.333628,9.577000000
1904,38.342742,8.895800000
1905,38.351324,8.342500000
1906,38.360071,8.399400000
1907,38.368465,8.201500000
1908,38.377156,8.497000000
1909,38.455625,11.499300000
1910,38.466957,10.950900000
1911,38.497376,11.323300000
1912,38.507821,10.139700000
1913,38.518042,10.027900000
1914,38.527253,9.102100000
1915,38.535941,8.418200000
1916,38.544586,8.428200000
1917,38.553459,8.665300000
1918,38.644561,11.971600000
1919,38.657256,12.216400000
1920,38.684846,13.708800000
1921,38.695942,10.744900000
1922,38.705927,9.768600000
1923,38.716135,9.965000000
1924,38.726096,9.735500000
1925,38.739265,12.957100000
1926,38.749773,10.208200000
1927,38.761851,11.883900000
1928,38.851486,15.655500000
1929,38.868180,16.320400000
1930,38.908023,28.462900000
1931,38.918438,10.101300000
1932,38.927776,9.118200000
1933,38.937322,9.372000000
1934,38.946412,8.905000000
1935,38.954863,8.235300000
1936,38.963332,8.266100000
1937,38.972311,8.796800000
1938,39.051240,9.997000000
1939,39.094165,10.904400000
1940,39.104432,9.943200000
1941,39.114072,9.365500000
1942,39.123326,8.991900000
1943,39.131894,8.387600000
1944,39.140472,8.388200000
1945,39.149282,8.589900000
1946,39.157622,8.147300000
1947,39.165925,8.136900000
1948,39.253544,14.419100000
1949,39.265886,11.970600000
1950,39.294658,11.997300000
1951,39.306939,11.821200000
1952,39.318185,10.967800000
1953,39.329248,10.818200000
1954,39.338910,9.467200000
1955,39.348370,9.240400000
1956,39.356882,8.305800000
1957,39.365149,8.075000000
1958,39.443468,9.653900000
1959,39.453742,9.929400000
1960,39.489648,10.905000000
1961,39.499822,9.889300000
1962,39.509830,9.849400000
1963,39.520197,10.050200000
1964,39.529735,9.240800000
1965,39.539349,9.314800000
1966,39.549181,9.612100000
1967,39.559297,9.857000000
1968,39.638434,9.822700000
1969,39.648861,10.035200000
1970,39.680826,10.777400000
1971,39.691610,10.492600000
1972,39.701732,9.813400000
1973,39.710923,8.979800000
1974,39.720284,9.138400000
1975,39.728998,8.513600000
1976,39.737723,8.475300000
1977,39.746117,8.195500000
1978,39.838455,11.078000000
1979,39.849527,10.743500000
1980,39.883830,14.179100000
1981,39.895947,11.670100000
1982,39.907051,10.773200000
1983,39.917909,10.540900000
1984,39.928540,10.310300000
1985,39.938940,10.191600000
1986,39.949425,10.224800000
1987,39.959625,10.050800000
1988,40.048163,11.328100000
1989,40.059831,11.328700000
1990,40.086512,10.658200000
1991,40.097716,10.777000000
1992,40.107119,9.148100000
1993,40.115758,8.534500000
1994,40.124352,8.508000000
1995,40.132677,8.010700000
1996,40.140847,8.072600000
1997,40.149611,8.435100000
1998,40.229983,10.876000000
1999,40.240442,10.018500000
2000,40.273786,11.895500000
2001,40.283224,9.064100000
2002,40.293047,9.528300000
2003,40.303136,9.796500000
2004,40.313260,9.864900000
2005,40.322570,9.076300000
2006,40.331345,8.571900000
2007,40.409784,9.794500000
2008,40.421857,11.697500000
2009,40.452624,10.426700000
2010,40.463295,10.401300000
2011,40.472866,9.330500000
2012,40.482024,8.945800000
2013,40.490619,8.372000000
2014,40.499044,8.242200000
2015,40.507749,8.514300000
2016,40.588406,9.956800000
2017,40.598741,9.921800000
2018,40.632735,10.302900000
2019,40.642559,9.456700000
2020,40.651782,8.964300000
2021,40.660943,8.964500000
2022,40.670194,8.995700000
2023,40.678745,8.319200000
2024,40.686734,7.790300000
2025,40.767318,10.398100000
2026,40.808274,9.583000000
2027,40.818580,10.046100000
2028,40.829140,10.351000000
2029,40.838491,9.203000000
2030,40.847337,8.643600000
2031,40.855933,8.468900000
2032,40.863938,7.755400000
2033,40.871939,7.819200000
2034,40.964244,11.660600000
2035,40.975775,11.184000000
2036,41.007690,9.868000000
2037,41.017300,9.346900000
2038,41.026270,8.748500000
2039,41.034970,8.418500000
2040,41.043098,7.891500000
2041,41.051634,8.371600000
2042,41.060898,9.021000000
2043,41.069254,8.168700000
2044,41.156689,12.924700000
2045,41.168158,11.030400000
2046,41.204497,14.237400000
2047,41.214786,10.026800000
2048,41.224475,9.495600000
2049,41.234063,9.353600000
2050,41.243886,9.555200000
2051,41.253131,8.873800000
2052,41.262488,9.188000000
2053,41.345817,10.977100000
2054,41.356841,10.639400000
2055,41.391398,10.272200000
2056,41.401241,9.573100000
2057,41.410285,8.833600000
2058,41.418910,8.487800000
2059,41.427239,8.145000000
2060,41.435792,8.387900000
2061,41.444422,8.445800000
2062,41.453160,8.506700000
2063,41.530611,10.198800000
2064,41.541308,10.252100000
2065,41.570990,11.742800000
2066,41.580993,9.699100000
2067,41.590315,9.106500000
2068,41.599089,8.637600000
2069,41.607843,8.575100000
2070,41.616896,8.887000000
2071,41.625183,8.178800000
2072,41.704361,10.934300000
2073,41.715179,10.462600000
2074,41.751234,13.057800000
2075,41.761274,9.765900000
2076,41.771366,9.885000000
2077,41.781643,10.119200000
2078,41.792205,10.275000000
2079,41.801877,9.433600000
2080,41.810866,8.753200000
2081,41.892306,13.643700000
2082,41.933314,10.790000000
2083,41.943441,9.824400000
2084,41.953448,9.793700000
2085,41.963997,10.257000000
2086,41.974517,10.236500000
2087,41.984162,9.382300000
2088,41.993720,9.303200000
2089,42.003578,9.642300000
2090,42.108108,11.696400000
2091,42.123196,14.715900000
2092,42.153821,11.372900000
2093,42.164862,10.672100000
2094,42.176208,10.957600000
2095,42.186748,10.262400000
2096,42.196272,9.205600000
2097,42.205677,9.130800000
2098,42.214815,8.937900000
2099,42.223864,8.838800000
2100,42.235044,10.985900000
2101,42.318479,12.160500000
2102,42.330233,11.304000000
2103,42.358783,12.746500000
2104,42.369424,10.324600000
2105,42.379686,10.018300000
2106,42.389252,9.307000000
2107,42.398817,9.388400000
2108,42.408785,9.717400000
2109,42.418891,9.861300000
2110,42.428186,9.034000000
2111,42.437429,8.995700000
2112,42.513332,9.779200000
2113,42.524319,10.691800000
2114,42.556789,10.377200000
2115,42.567686,10.534100000
2116,42.577465,9.503100000
2117,42.586589,8.902800000
2118,42.595084,8.247500000
2119,42.603323,8.035000000
2120,42.611621,8.090700000
2121,42.692778,11.378300000
2122,42.709847,16.413800000
2123,42.736894,12.471400000
2124,42.748528,11.354500000
2125,42.758775,9.982800000
2126,42.769163,10.068800000
2127,42.779313,9.860500000
2128,42.789407,9.856700000
2129,42.800658,11.007300000
2130,42.886730,10.864900000
2131,42.898042,10.891400000
2132,42.924953,9.741000000
2133,42.935461,10.105600000
2134,42.946002,10.321200000
2135,42.955323,9.028000000
2136,42.964797,9.267300000
2137,42.974641,9.574800000
2138,42.983622,8.698600000
2139,42.992116,8.318200000
2140,43.070496,11.032100000
2141,43.109032,11.695200000
2142,43.120103,10.715800000
2143,43.130010,9.634900000
2144,43.139202,8.981800000
2145,43.147933,8.512400000
2146,43.156448,8.288100000
2147,43.164416,7.771900000
2148,43.172386,7.850400000
2149,43.260776,9.947200000
2150,43.271430,10.392400000
2151,43.299651,10.425100000
2152,43.309434,9.433400000
2153,43.318863,9.200700000
2154,43.327592,8.507000000
2155,43.336224,8.416300000
2156,43.344511,8.036600000
2157,43.353198,8.472300000
2158,43.361439,7.936100000
2159,43.437373,10.482800000
2160,43.447696,9.930100000
2161,43.478300,10.780000000
2162,43.488959,10.325300000
2163,43.499417,10.203200000
2164,43.508907,9.265100000
2165,43.517781,8.707800000
2166,43.526065,8.064200000
2167,43.534087,7.856100000
2168,43.610321,9.655700000
2169,43.620809,10.122000000
2170,43.649717,9.742600000
2171,43.660783,10.804300000
2172,43.670832,9.767000000
2173,43.681517,10.459200000
2174,43.690584,8.941500000
2175,43.699356,8.453200000
2176,43.777164,10.354900000
2177,43.792814,14.957300000
2178,43.815613,10.128200000
2179,43.826176,10.283400000
2180,43.835888,9.447400000
2181,43.844915,8.792700000
2182,43.853664,8.520600000
2183,43.861901,7.985900000
2184,43.870162,8.022800000
2185,43.949963,10.256500000
2186,43.962495,12.169600000
2187,43.988799,11.695300000
2188,43.999054,9.891600000
2189,44.009183,9.949700000
2190,44.019509,10.118100000
2191,44.028793,9.095800000
2192,44.037790,8.812300000
2193,44.115439,10.200900000
2194,44.125565,9.805200000
2195,44.154469,9.756900000
2196,44.164398,9.655700000
2197,44.174274,9.668800000
2198,44.183509,8.987400000
2199,44.192197,8.491100000
2200,44.200824,8.420100000
2201,44.209918,8.865000000
2202,44.306561,10.291400000
2203,44.318714,11.659300000
2204,44.350243,12.971700000
2205,44.363506,12.878100000
2206,44.374417,10.655600000
2207,44.385000,10.390200000
2208,44.395629,10.427600000
2209,44.405997,10.196200000
2210,44.416362,10.133600000
2211,44.501494,11.120700000
2212,44.512861,10.968300000
2213,44.538454,9.335200000
2214,44.548774,10.052100000
2215,44.559477,10.348400000
2216,44.569504,9.730200000
2217,44.578327,8.539300000
2218,44.586529,7.979900000
2219,44.598143,11.427000000
2220,44.606524,8.149800000
2221,44.692707,14.967500000
2222,44.710237,17.014200000
2223,44.736581,18.106200000
2224,44.752096,15.130400000
2225,44.781176,28.863700000
2226,44.790752,9.155000000
2227,44.800137,9.079100000
2228,44.808849,8.522200000
2229,44.817620,8.582200000
2230,44.915317,11.262200000
2231,44.927941,12.246800000
2232,44.956729,11.810900000
2233,44.968834,11.735900000
2234,44.980549,11.425300000
2235,44.991671,10.831600000
2236,45.002157,10.285600000
2237,45.012278,9.878200000
2238,45.021469,8.966700000
2239,45.030435,8.749700000
2240,45.039601,8.974200000
2241,45.124131,10.617200000
2242,45.136034,11.470200000
2243,45.164881,13.211200000
2244,45.176291,11.030200000
2245,45.185899,9.333600000
2246,45.195632,9.469300000
2247,45.204778,8.873300000
2248,45.213861,8.818000000
2249,45.225146,10.944800000
2250,45.235526,10.015200000
2251,45.244460,8.725700000
2252,45.333800,10.144300000
2253,45.344865,10.593000000
2254,45.371112,9.776900000
2255,45.381904,10.510500000
2256,45.392591,10.423300000
2257,45.403208,10.392500000
2258,45.412548,9.214000000
2259,45.422487,9.697000000
2260,45.431563,8.893600000
2261,45.440130,8.345800000
2262,45.527591,11.579300000
2263,45.541963,13.903400000
2264,45.569494,12.171200000
2265,45.582429,12.569200000
2266,45.593404,10.669300000
2267,45.603006,9.273700000
2268,45.612848,9.635800000
2269,45.622744,9.519900000
2270,45.632890,9.830000000
2271,45.641993,8.882000000
2272,45.716633,9.865500000
2273,45.726989,10.027900000
2274,45.756805,9.828900000
2275,45.767269,10.192800000
2276,45.776933,9.415500000
2277,45.785883,8.725200000
2278,45.794670,8.554600000
2279,45.803563,8.668600000
2280,45.812941,9.150800000
2281,45.821415,8.262600000
2282,45.897410,9.813600000
2283,45.908525,10.776600000
2284,45.937580,10.944100000
2285,45.948587,10.675400000
2286,45.958548,9.772300000
2287,45.967883,9.083800000
2288,45.976471,8.385400000
2289,45.985235,8.590100000
2290,45.993937,8.405600000
2291,46.068966,9.793800000
2292,46.080251,10.899300000
2293,46.110725,10.736700000
2294,46.121267,10.205500000
2295,46.130888,9.419400000
2296,46.139971,8.816200000
2297,46.149105,8.909000000
2298,46.157701,8.398500000
2299,46.240689,10.314700000
2300,46.253356,12.141500000
2301,46.280751,11.399800000
2302,46.291790,10.699900000
2303,46.301762,9.779100000
2304,46.311287,9.219900000
2305,46.320922,9.233000000
2306,46.329878,8.623900000
2307,46.339225,9.017500000
2308,46.426764,9.881500000
2309,46.438191,11.083600000
2310,46.465411,11.281300000
2311,46.476023,10.178300000
2312,46.485687,9.290400000
2313,46.494606,8.715300000
2314,46.503266,8.381500000
2315,46.511579,8.097400000
2316,46.519550,7.754900000
2317,46.599569,12.623800000
2318,46.635929,9.847100000
2319,46.645510,9.323600000
2320,46.655239,9.546100000
2321,46.664337,8.862500000
2322,46.673150,8.530300000
2323,46.681838,8.531500000
2324,46.690084,7.965400000
2325,46.698359,8.072500000
2326,46.773054,9.917600000
2327,46.813598,10.506200000
2328,46.823471,9.552500000
2329,46.832835,9.094100000
2330,46.842326,9.300000000
2331,46.852145,9.574600000
2332,46.861084,8.729400000
2333,46.869651,8.359700000
2334,46.950618,13.587000000
2335,46.989661,9.891500000
2336,46.999932,10.022600000
2337,47.010201,10.011000000
2338,47.019615,9.180200000
2339,47.028617,8.771400000
2340,47.036819,7.972300000
2341,47.045489,8.486000000
2342,47.053755,8.052300000
2343,47.129033,10.076600000
2344,47.139700,10.269700000
2345,47.169112,11.990400000
2346,47.179982,10.571500000
2347,47.189671,9.458500000
2348,47.199053,9.159600000
2349,47.207747,8.462400000
2350,47.216572,8.621300000
2351,47.225610,8.759900000
2352,47.306849,13.498900000
2353,47.317801,10.562400000
2354,47.340332,10.992400000
2355,47.351604,10.979300000
2356,47.361853,9.946200000
2357,47.371331,9.260500000
2358,47.380567,8.993000000
2359,47.390399,9.581400000
2360,47.400508,9.756800000
2361,47.500362,13.024900000
2362,47.539014,13.200100000
2363,47.548692,9.339800000
2364,47.558234,9.267700000
2365,47.568318,9.761000000
2366,47.578210,9.575600000
2367,47.588358,9.849500000
2368,47.598555,9.933800000
2369,47.607899,9.099200000
2370,47.616641,8.512600000
2371,47.707059,12.765300000
2372,47.718630,11.229300000
2373,47.744869,13.062600000
2374,47.757548,12.308800000
2375,47.767999,10.117400000
2376,47.777225,9.003700000
2377,47.786535,9.201700000
2378,47.796071,9.374700000
2379,47.804810,8.527400000
2380,47.812867,7.850400000
2381,47.886295,10.663900000
2382,47.896939,10.367100000
2383,47.931555,13.595400000
2384,47.941961,10.104000000
2385,47.952375,10.103200000
2386,47.962611,9.899000000
2387,47.972050,9.165000000
2388,47.980813,8.454100000
2389,47.989197,8.135300000
2390,48.067034,11.282500000
2391,48.077571,10.132300000
2392,48.110280,10.730400000
2393,48.120190,9.610700000
2394,48.129563,9.181300000
2395,48.138544,8.782700000
2396,48.147341,8.619300000
2397,48.156362,8.847600000
2398,48.165225,8.699200000
2399,48.244885,10.204000000
2400,48.256404,11.094200000
2401,48.289264,12.007400000
2402,48.299913,10.283100000
2403,48.309502,9.418200000
2404,48.326794,17.182100000
2405,48.338569,11.366200000
2406,48.351062,12.211100000
2407,48.363931,12.576200000
2408,48.448355,10.091900000
2409,48.485948,10.273100000
2410,48.495905,9.596300000
2411,48.505541,9.453300000
2412,48.514617,8.836500000
2413,48.523330,8.539700000
2414,48.531658,8.133500000
2415,48.539896,8.003800000
2416,48.548246,8.164200000
2417,48.556307,7.811200000
2418,48.649555,11.273300000
2419,48.690940,12.358000000
2420,48.700552,9.192600000
2421,48.709381,8.612500000
2422,48.718566,9.021900000
2423,48.727643,8.800300000
2424,48.736605,8.855900000
2425,48.745540,8.683100000
2426,48.753678,7.929700000
2427,48.762586,8.690500000
2428,48.838756,10.000900000
2429,48.848997,9.872100000
2430,48.869936,10.768000000
2431,48.883949,13.658800000
2432,48.895219,10.944000000
2433,48.905244,9.748200000
2434,48.914255,8.890000000
2435,48.923000,8.453100000
2436,48.931164,7.955600000
2437,48.939301,7.853800000
2438,49.016048,11.716800000
2439,49.029802,13.324100000
2440,49.058717,9.474700000
2441,49.068073,9.043600000
2442,49.076963,8.617200000
2443,49.085357,8.184300000
2444,49.093929,8.370000000
2445,49.102276,8.127300000
2446,49.180721,11.375300000
2447,49.192001,10.922000000
2448,49.223140,11.499900000
2449,49.233620,10.175600000
2450,49.243196,9.348700000
2451,49.252262,8.855700000
2452,49.261253,8.694900000
2453,49.269552,8.077300000
2454,49.277826,8.013800000
2455,49.354287,10.724500000
2456,49.365484,10.797500000
2457,49.395142,11.579800000
2458,49.405559,10.049000000
2459,49.415209,9.422700000
2460,49.424176,8.753900000
2461,49.432603,8.209700000
2462,49.440920,8.117200000
2463,49.517799,10.312600000
2464,49.558710,11.926800000
2465,49.569495,10.509600000
2466,49.579277,9.477000000
2467,49.589232,9.723500000
2468,49.598423,8.965900000
2469,49.607144,8.516200000
2470,49.615940,8.596100000
2471,49.624836,8.649900000
2472,49.710914,10.477400000
2473,49.723745,12.428800000
2474,49.749861,11.078200000
2475,49.760630,10.476600000
2476,49.771395,10.406200000
2477,49.781257,9.609900000
2478,49.790785,9.300000000
2479,49.799551,8.572400000
2480,49.807907,8.129500000
2481,49.892685,12.949900000
2482,49.904557,11.376900000
2483,49.921000,16.084900000
2484,49.935615,14.141600000
2485,49.949036,13.014700000
2486,49.962760,13.364900000
2487,49.975889,12.740100000
2488,49.986965,10.794100000
2489,49.997392,10.014700000
2490,50.084084,11.683100000
2491,50.097686,13.195200000
2492,50.128607,13.047300000
2493,50.139757,10.793400000
2494,50.149698,9.672200000
2495,50.158779,8.974300000
2496,50.168456,9.370400000
2497,50.177698,8.934300000
2498,50.186610,8.697400000
2499,50.194999,8.188600000
2500,50.272188,10.963900000
2501,50.284200,11.645500000
2502,50.307670,10.494700000
2503,50.318309,10.296000000
2504,50.328804,10.234600000
2505,50.339153,10.037400000
2506,50.348699,9.324300000
2507,50.357801,8.900800000
2508,50.366611,8.602800000
2509,50.449596,12.643000000
2510,50.463139,13.073500000
2511,50.492192,10.735500000
2512,50.503673,11.194500000
2513,50.525200,21.204400000
2514,50.539327,13.827900000
2515,50.551942,12.354400000
2516,50.564404,12.180000000
2517,50.576475,11.836000000
2518,50.658246,14.886900000
2519,50.673503,14.879700000
2520,50.694505,14.805200000
2521,50.708591,13.765500000
2522,50.721848,12.976100000
2523,50.738359,16.215600000
2524,50.751101,12.387000000
2525,50.764211,12.821900000
2526,50.776346,11.876900000
2527,50.787280,10.737200000
2528,50.885263,16.118000000
2529,50.924944,17.632400000
2530,50.938097,12.821800000
2531,50.951261,12.892700000
2532,50.963188,11.707000000
2533,50.974799,11.375300000
2534,50.986610,11.539000000
2535,50.997732,10.893500000
2536,51.008908,11.020000000
2537,51.021976,12.806900000
2538,51.039350,17.140800000
2539,51.054554,14.942700000
2540,51.152585,18.120200000
2541,51.171071,18.025200000
2542,51.192884,17.766100000
2543,51.209699,16.539700000
2544,51.225751,15.675300000
2545,51.240817,14.596800000
2546,51.255948,14.836100000
2547,51.270916,14.602700000
2548,51.285060,13.838800000
2549,51.298992,13.697300000
2550,51.312106,12.895700000
2551,51.323331,10.991800000
2552,51.334655,11.102700000
2553,51.423546,20.425500000
2554,51.455862,13.664900000
2555,51.468675,12.514300000
2556,51.480887,11.927400000
2557,51.492959,11.881700000
2558,51.505694,12.473200000
2559,51.517998,12.156800000
2560,51.530567,12.325900000
2561,51.542243,11.475100000
2562,51.553211,10.831800000
2563,51.564327,10.904900000
2564,51.575090,10.596500000
2565,51.586778,11.481000000
2566,51.679698,22.768500000
2567,51.713299,14.850100000
2568,51.726824,13.227200000
2569,51.740072,12.983500000
2570,51.752108,11.751100000
2571,51.765745,13.428700000
2572,51.777953,11.942800000
2573,51.789685,11.489000000
2574,51.800992,11.101300000
2575,51.812222,11.001100000
2576,51.823726,11.318600000
2577,51.834635,10.711500000
2578,51.845545,10.701700000
2579,51.945234,16.117300000
2580,51.960267,14.694000000
2581,51.980189,19.602400000
2582,51.994647,14.171300000
2583,52.007497,12.609700000
2584,52.024452,16.714800000
2585,52.050535,25.829600000
2586,52.059105,8.293700000
2587,52.067585,8.300000000
2588,52.075778,8.025700000
2589,52.084166,8.102100000
2590,52.092378,8.026200000
2591,52.100266,7.697300000
2592,52.108714,8.169900000
2593,52.187897,11.785800000
2594,52.229022,11.205800000
2595,52.238693,9.335800000
2596,52.247818,8.816000000
2597,52.256994,8.985500000
2598,52.265673,8.485700000
2599,52.274873,9.008700000
2600,52.284976,9.867800000
2601,52.294146,8.947900000
2602,52.302606,8.257800000
2603,52.311026,8.229700000
2604,52.319637,8.402500000
2605,52.396722,11.039100000
2606,52.408844,11.741500000
2607,52.441680,10.130600000
2608,52.451285,9.309300000
2609,52.461003,9.528400000
2610,52.470086,8.840100000
2611,52.478564,8.267800000
2612,52.487001,8.248200000
2613,52.495320,8.155900000
2614,52.503850,8.289200000
2615,52.511838,7.796300000
2616,52.595058,11.031300000
2617,52.606226,10.825100000
2618,52.637803,9.750300000
2619,52.647347,9.235900000
2620,52.656956,9.441500000
2621,52.665757,8.607500000
2622,52.675076,9.142700000
2623,52.683910,8.643200000
2624,52.692134,8.034000000
2625,52.768976,11.386400000
2626,52.782234,12.648300000
2627,52.813286,12.737600000
2628,52.823067,9.488400000
2629,52.832776,9.489900000
2630,52.841792,8.815700000
2631,52.850334,8.351100000
2632,52.859491,8.965700000
2633,52.867917,8.236700000
2634,52.966696,12.542600000
2635,53.013593,14.636000000
2636,53.026210,12.302700000
2637,53.037430,10.932000000
2638,53.048312,10.533700000
2639,53.058616,10.048700000
2640,53.068937,10.013800000
2641,53.079580,10.337000000
2642,53.088824,9.051500000
2643,53.097967,8.921200000
2644,53.179614,10.429800000
2645,53.190501,10.466800000
2646,53.207229,10.945300000
2647,53.220249,12.712600000
2648,53.231584,11.027700000
2649,53.243585,11.708500000
2650,53.253565,9.612700000
2651,53.262641,8.910600000
2652,53.271790,8.889200000
2653,53.281091,9.074300000
2654,53.290905,9.584800000
2655,53.380826,12.170500000
2656,53.392268,10.913300000
2657,53.403797,10.576500000
2658,53.416659,12.495100000
2659,53.426800,9.905200000
2660,53.436136,9.185100000
2661,53.445588,9.358300000
2662,53.455076,9.404300000
2663,53.464718,9.282100000
2664,53.473524,8.578800000
2665,53.561005,16.536000000
2666,53.598269,10.598900000
2667,53.609214,10.596800000
2668,53.619088,9.616800000
2669,53.628383,9.156500000
2670,53.638107,9.534500000
2671,53.647403,9.137900000
2672,53.656786,9.211300000
2673,53.738514,11.813800000
2674,53.780535,11.411700000
2675,53.791285,10.425300000
2676,53.801840,10.320000000
2677,53.811426,9.465500000
2678,53.820767,9.142400000
2679,53.833086,12.120300000
2680,53.842550,9.216300000
2681,53.852262,9.423600000
2682,53.861859,9.426300000
2683,53.952402,12.677600000
2684,53.974170,21.238800000
2685,53.993775,13.700900000
2686,54.005084,10.996100000
2687,54.015049,9.782400000
2688,54.024749,9.490000000
2689,54.034968,9.990300000
2690,54.044100,9.027600000
2691,54.053427,9.084300000
2692,54.062406,8.876800000
2693,54.151338,12.077200000
2694,54.164858,13.063100000
2695,54.181395,16.210400000
2696,54.194289,12.515100000
2697,54.204570,10.009900000
2698,54.214177,9.406300000
2699,54.223938,9.554200000
2700,54.232997,8.956800000
2701,54.242077,8.767700000
2702,54.251244,8.936000000
2703,54.330183,12.301600000
2704,54.342256,11.721100000
2705,54.372049,15.501400000
2706,54.383155,10.812900000
2707,54.394299,10.913500000
2708,54.404378,9.827800000
2709,54.413451,8.882400000
2710,54.422121,8.448300000
2711,54.430935,8.642600000
2712,54.510045,11.305200000
2713,54.547956,11.717900000
2714,54.558770,10.430200000
2715,54.568674,9.611800000
2716,54.578021,9.138800000
2717,54.587515,9.309800000
2718,54.596388,8.678200000
2719,54.604807,8.237400000
2720,54.613178,8.190800000
2721,54.690287,11.623300000
2722,54.703434,12.746000000
2723,54.730634,12.831100000
2724,54.741342,10.346800000
2725,54.751142,9.558000000
2726,54.760583,9.249100000
2727,54.770041,9.222600000
2728,54.778895,8.661400000
2729,54.787779,8.694400000
2730,54.870645,12.008900000
2731,54.882802,11.795600000
2732,54.907472,10.827100000
2733,54.917863,10.115000000
2734,54.928512,10.391600000
2735,54.939236,10.445100000
2736,54.948892,9.321200000
2737,54.958665,9.523100000
2738,54.967834,8.934400000
2739,55.044559,12.305700000
2740,55.056493,11.418300000
2741,55.083349,10.878100000
2742,55.093689,10.089500000
2743,55.103346,9.493800000
2744,55.113133,9.586800000
2745,55.122895,9.518300000
2746,55.132006,8.885300000
2747,55.140712,8.492100000
2748,55.229323,11.141100000
2749,55.241812,12.121000000
2750,55.267520,12.077000000
2751,55.278529,10.766600000
2752,55.288933,10.091500000
2753,55.299519,10.311100000
2754,55.309082,9.336400000
2755,55.318369,9.075700000
2756,55.327948,9.378400000
2757,55.413738,13.812800000
2758,55.427339,13.169600000
2759,55.456504,16.442600000
2760,55.468352,11.475700000
2761,55.480046,11.500200000
2762,55.491805,11.602500000
2763,55.503540,11.372500000
2764,55.514124,10.294300000
2765,55.524311,9.930800000
2766,55.617844,12.074600000
2767,55.630667,12.432100000
2768,55.661271,16.665000000
2769,55.673670,12.100700000
2770,55.686178,12.233200000
2771,55.697391,10.884300000
2772,55.708018,10.338800000
2773,55.717803,9.511300000
2774,55.727662,9.611800000
2775,55.737695,9.730500000
2776,55.747465,9.591400000
2777,55.827229,12.682100000
2778,55.864810,11.545900000
2779,55.875534,10.404400000
2780,55.886235,10.413500000
2781,55.896029,9.541200000
2782,55.905938,9.763100000
2783,55.916438,10.237000000
2784,55.925724,9.103600000
2785,55.934925,9.019600000
2786,55.944182,9.067700000
2787,56.026929,12.487600000
2788,56.038623,11.184500000
2789,56.071826,13.940000000
2790,56.083096,10.972700000
2791,56.093807,10.405000000
2792,56.104578,10.486400000
2793,56.115446,10.559400000
2794,56.126005,10.305600000
2795,56.135769,9.445500000
2796,56.144887,8.882500000
2797,56.222022,11.689700000
2798,56.235481,13.124400000
2799,56.263981,11.969400000
2800,56.274737,10.450200000
2801,56.284828,9.700900000
2802,56.294262,9.186600000
2803,56.303064,8.585500000
2804,56.312560,9.333200000
2805,56.321429,8.612900000
2806,56.331726,10.071100000
2807,56.431020,11.657800000
2808,56.443359,11.981300000
2809,56.471080,11.391500000
2810,56.481708,10.331800000
2811,56.491358,9.484300000
2812,56.500340,8.813700000
2813,56.509186,8.589600000
2814,56.518431,9.079600000
2815,56.527448,8.786200000
2816,56.536448,8.759800000
2817,56.611901,10.233800000
2818,56.623785,11.550100000
2819,56.658058,12.334800000
2820,56.671413,12.931300000
2821,56.685382,13.612000000
2822,56.697588,11.854300000
2823,56.709344,11.566400000
2824,56.721211,11.624400000
2825,56.732720,11.298900000
2826,56.820909,10.728600000
2827,56.861852,11.066800000
2828,56.873286,11.140800000
2829,56.883341,9.783000000
2830,56.893610,10.066100000
2831,56.902849,8.996700000
2832,56.911745,8.671900000
2833,56.921043,9.104500000
2834,56.930143,8.903800000
2835,56.939940,9.587900000
2836,56.948616,8.536000000
2837,57.030545,12.176300000
2838,57.042847,11.934400000
2839,57.072673,11.352600000
2840,57.083276,10.087400000
2841,57.093007,9.471000000
2842,57.101980,8.758600000
2843,57.110415,8.215600000
2844,57.119396,8.778400000
2845,57.127976,8.394200000
2846,57.136336,8.142300000
2847,57.213401,11.289200000
2848,57.225339,11.612800000
2849,57.257659,11.335600000
2850,57.269113,11.113300000
2851,57.279679,10.337400000
2852,57.289847,9.929500000
2853,57.300345,10.264900000
2854,57.310819,10.211200000
2855,57.320161,9.070800000
2856,57.397465,10.473400000
2857,57.411248,13.456600000
2858,57.438642,11.220900000
2859,57.451317,12.422200000
2860,57.464508,12.967900000
2861,57.478008,13.377100000
2862,57.501747,23.588900000
2863,57.510305,8.296500000
2864,57.519369,8.893900000
2865,57.529009,9.496000000
2866,57.618648,10.650500000
2867,57.661024,11.305100000
2868,57.672153,10.866200000
2869,57.683099,10.673400000
2870,57.692831,9.518600000
2871,57.701848,8.759900000
2872,57.711106,8.938800000
2873,57.719637,8.365700000
2874,57.728806,8.974000000
2875,57.737371,8.377400000
2876,57.746146,8.593900000
2877,57.822148,10.695000000
2878,57.834205,11.681700000
2879,57.866245,11.781400000
2880,57.876303,9.694700000
2881,57.885606,9.104800000
2882,57.894501,8.678100000
2883,57.903240,8.549200000
2884,57.911401,7.987100000
2885,57.919834,8.250100000
2886,57.928527,8.480200000
2887,58.007195,10.794800000
2888,58.019183,11.588300000
2889,58.049467,10.403100000
2890,58.060234,10.501000000
2891,58.070832,10.352300000
2892,58.081477,10.337900000
2893,58.091105,9.384900000
2894,58.100867,9.555800000
2895,58.111200,10.085600000
2896,58.189867,10.480000000
2897,58.232238,10.880300000
2898,58.242019,9.476300000
2899,58.251031,8.787200000
2900,58.259669,8.526600000
2901,58.268670,8.903200000
2902,58.278289,9.324200000
2903,58.286866,8.313400000
2904,58.295349,8.282100000
2905,58.375931,11.970200000
2906,58.387744,11.335900000
2907,58.415196,11.454200000
2908,58.426608,11.144100000
2909,58.437746,10.931700000
2910,58.447720,9.693200000
2911,58.457226,9.290400000
2912,58.466457,9.014600000
2913,58.476020,9.237500000
2914,58.555191,10.586200000
2915,58.568103,12.539900000
2916,58.595402,12.284500000
2917,58.606223,10.545900000
2918,58.616243,9.729400000
2919,58.626294,9.714500000
2920,58.636237,9.666500000
2921,58.646035,9.614500000
2922,58.655977,9.662700000
2923,58.745735,10.165200000
2924,58.756926,10.847800000
2925,58.786241,10.355700000
2926,58.796214,9.677100000
2927,58.806770,10.408700000
2928,58.816583,9.635600000
2929,58.826651,9.772000000
2930,58.836420,9.451100000
2931,58.846240,9.571000000
2932,58.855594,9.074600000
2933,58.935551,10.662800000
2934,58.946221,10.349000000
2935,58.977951,11.656600000
2936,58.987709,9.430600000
2937,58.997134,9.208100000
2938,59.006544,9.186700000
2939,59.015576,8.844100000
2940,59.024072,8.296400000
2941,59.032302,8.009800000
2942,59.115623,13.687100000
2943,59.127539,11.564300000
2944,59.157433,15.118200000
2945,59.169133,11.427400000
2946,59.179612,10.234000000
2947,59.189305,9.486200000
2948,59.198344,8.856900000
2949,59.206759,8.287000000
2950,59.215578,8.658400000
2951,59.291493,10.306900000
2952,59.302628,10.739400000
2953,59.334886,11.187200000
2954,59.344806,9.652800000
2955,59.354377,9.204200000
2956,59.363403,8.828800000
2957,59.372700,9.142700000
2958,59.381456,8.556800000
2959,59.390414,8.765900000
2960,59.475571,13.141400000
2961,59.516595,12.425000000
2962,59.528298,11.356600000
2963,59.539698,11.093700000
2964,59.550379,10.476300000
2965,59.561349,10.671100000
2966,59.572403,10.804300000
2967,59.583445,10.747600000
2968,59.593233,9.548200000
2969,59.669994,11.571800000
2970,59.681189,10.864700000
2971,59.707328,10.052900000
2972,59.717666,10.035200000
2973,59.727319,9.431300000
2974,59.736348,8.830000000
2975,59.745745,9.093500000
2976,59.754518,8.547700000
2977,59.763404,8.709900000
2978,59.772762,9.158100000
2979,59.862469,11.111700000
2980,59.902055,11.525000000
2981,59.912703,10.352000000
2982,59.922539,9.617500000
2983,59.932497,9.709700000
2984,59.941908,9.208300000
2985,59.951189,9.063900000
2986,59.960520,9.143800000
2987,59.969997,9.255400000
2988,59.979526,9.335500000
2989,60.055371,10.400900000
2990,60.068177,12.355900000
2991,60.098105,14.045600000
2992,60.108835,10.349700000
2993,60.118889,9.801800000
2994,60.128528,9.462300000
2995,60.138065,9.293800000
2996,60.147118,8.836700000
2997,60.155998,8.605500000
2998,60.234937,10.742500000
2999,60.246958,11.659000000
3000,60.276688,11.748800000
3001,60.287313,10.336900000
3002,60.297732,10.208400000
3003,60.308261,10.308700000
3004,60.318980,10.487400000
3005,60.328394,9.290500000
3006,60.338260,9.547800000
3007,60.419031,10.857600000
3008,60.431124,11.753300000
3009,60.465173,15.040600000
3010,60.475223,9.696500000
3011,60.484793,9.350400000
3012,60.494306,9.320400000
3013,60.503695,9.192200000
3014,60.512999,9.110400000
3015,60.522469,9.271400000
3016,60.531757,9.092400000
3017,60.608179,10.574800000
3018,60.651204,10.692700000
3019,60.661946,10.410400000
3020,60.673485,11.252500000
3021,60.683055,9.367100000
3022,60.692774,9.483300000
3023,60.701816,8.824200000
3024,60.710600,8.571600000
3025,60.719729,8.931700000
3026,60.798771,10.751100000
3027,60.810244,11.103800000
3028,60.838927,10.092800000
3029,60.848660,9.444300000
3030,60.857658,8.816400000
3031,60.867131,9.258600000
3032,60.876935,9.566200000
3033,60.885973,8.824400000
3034,60.894763,8.552500000
3035,60.903387,8.424800000
3036,60.996888,11.196500000
3037,61.008474,11.167600000
3038,61.022126,10.803100000
3039,61.036787,14.329300000
3040,61.047537,10.419600000
3041,61.057518,9.712200000
3042,61.069963,12.146600000
3043,61.079672,9.368900000
3044,61.090147,10.165900000
3045,61.100342,9.904900000
3046,61.191305,11.423500000
3047,61.233759,11.089100000
3048,61.244471,10.342600000
3049,61.254157,9.413900000
3050,61.263496,9.108900000
3051,61.272921,9.195300000
3052,61.282153,9.028800000
3053,61.291049,8.698100000
3054,61.299398,8.161200000
3055,61.375938,10.515500000
3056,61.418870,11.282300000
3057,61.429385,10.143800000
3058,61.440014,10.320000000
3059,61.449773,9.432400000
3060,61.459686,9.657400000
3061,61.468749,8.815300000
3062,61.477403,8.428500000
3063,61.486562,8.917400000
3064,61.495040,8.242200000
3065,61.573939,11.727000000
3066,61.585348,10.924800000
3067,61.601079,11.323900000
3068,61.616138,14.725100000
3069,61.626984,10.557600000
3070,61.638044,10.736000000
3071,61.649951,11.605600000
3072,61.662527,12.250300000
3073,61.675363,12.493600000
3074,61.762493,10.290000000
3075,61.773658,10.815500000
3076,61.802403,9.904900000
3077,61.812442,9.737200000
3078,61.821722,9.026100000
3079,61.830719,8.740600000
3080,61.839390,8.482300000
3081,61.848906,9.329300000
3082,61.857924,8.783200000
3083,61.866157,8.125700000
3084,61.952078,11.678600000
3085,61.964787,12.313500000
3086,61.994371,11.580300000
3087,62.006064,11.349900000
3088,62.017428,11.047900000
3089,62.028177,10.530100000
3090,62.039354,10.842200000
3091,62.050284,10.623000000
3092,62.060902,10.299200000
3093,62.158591,12.469900000
3094,62.171309,12.312700000
3095,62.204929,11.839900000
3096,62.217264,11.916500000
3097,62.228726,11.228400000
3098,62.240900,11.847300000
3099,62.252703,11.467400000
3100,62.263593,10.655100000
3101,62.274269,10.442800000
3102,62.285078,10.509100000
3103,62.296236,10.827000000
3104,62.379413,10.061500000
3105,62.390660,10.822500000
3106,62.419067,9.587800000
3107,62.429524,10.219000000
3108,62.439045,9.307400000
3109,62.448133,8.848400000
3110,62.457998,9.642800000
3111,62.466184,7.935400000
3112,62.474708,8.313000000
3113,62.483413,8.475200000
3114,62.491870,8.210000000
3115,62.569167,10.509500000
3116,62.580822,11.268300000
3117,62.597595,10.643400000
3118,62.610710,12.841300000
3119,62.620983,9.986800000
3120,62.630597,9.349500000
3121,62.640135,9.309400000
3122,62.649090,8.719100000
3123,62.657736,8.434100000
3124,62.736707,12.015300000
3125,62.747968,10.844100000
3126,62.763796,10.369100000
3127,62.778866,11.104200000
3128,62.789172,10.002200000
3129,62.798654,9.276100000
3130,62.808250,9.343100000
3131,62.818449,9.965100000
3132,62.899729,10.983000000
3133,62.915207,15.121300000
3134,62.941893,11.743300000
3135,62.953853,11.550300000
3136,62.968526,14.439100000
3137,62.981893,13.072900000
3138,63.002012,19.883200000
3139,63.010530,8.162000000
3140,63.018949,8.207900000
3141,63.095055,10.334100000
3142,63.106803,11.422100000
3143,63.123089,10.821800000
3144,63.135858,12.473400000
3145,63.146084,9.929800000
3146,63.155691,9.393100000
3147,63.164659,8.748700000
3148,63.173569,8.686200000
3149,63.182306,8.524800000
3150,63.276194,10.601200000
3151,63.287318,10.746800000
3152,63.321593,11.377300000
3153,63.331983,10.082500000
3154,63.342281,10.065900000
3155,63.352609,10.092500000
3156,63.362168,9.277400000
3157,63.371634,9.264200000
3158,63.380361,8.514600000
3159,63.388970,8.354400000
3160,63.465477,10.351300000
3161,63.476254,10.343000000
3162,63.507112,13.040900000
3163,63.518093,10.714400000
3164,63.528983,10.635500000
3165,63.539002,9.742900000
3166,63.549021,9.731700000
3167,63.558386,9.098000000
3168,63.567164,8.546400000
3169,63.655835,13.120500000
3170,63.667886,11.640200000
3171,63.697532,10.686000000
3172,63.707645,9.816600000
3173,63.717873,10.000600000
3174,63.727864,9.869500000
3175,63.738010,9.856400000
3176,63.748161,9.898800000
3177,63.757969,9.564400000
3178,63.835314,9.992500000
3179,63.846460,10.814300000
3180,63.876074,10.752300000
3181,63.885924,9.583500000
3182,63.895091,8.945900000
3183,63.904101,8.758000000
3184,63.912596,8.262400000
3185,63.921424,8.591600000
3186,63.930107,8.454200000
3187,63.938309,8.001700000
3188,64.015043,10.454000000
3189,64.025850,10.444200000
3190,64.055021,10.709900000
3191,64.065243,9.949200000
3192,64.075582,10.125700000
3193,64.084999,9.307900000
3194,64.094761,9.461000000
3195,64.103795,8.812500000
3196,64.181818,10.428900000
3197,64.230282,11.265200000
3198,64.241388,10.758100000
3199,64.251752,10.084600000
3200,64.261696,9.634900000
3201,64.270772,8.847400000
3202,64.280773,9.819800000
3203,64.289868,8.840100000
3204,64.298677,8.614100000
3205,64.438299,11.143200000
3206,64.449482,10.775300000
3207,64.484456,15.969200000
3208,64.494369,9.577700000
3209,64.503798,9.150200000
3210,64.512537,8.528500000
3211,64.521551,8.781500000
3212,64.530057,8.281800000
3213,64.539107,8.802300000
3214,64.547595,8.276000000
3215,64.556668,8.854200000
3216,64.565128,8.242800000
3217,64.573590,8.233700000
3218,64.651327,10.600800000
3219,64.662512,10.766100000
3220,64.694240,10.539600000
3221,64.706078,11.506000000
3222,64.716933,10.615600000
3223,64.726642,9.409700000
3224,64.735730,8.874200000
3225,64.744565,8.598300000
3226,64.753162,8.386900000
3227,64.761399,8.008500000
3228,64.839909,10.626900000
3229,64.878525,10.453900000
3230,64.889422,10.593000000
3231,64.899555,9.889200000
3232,64.908894,9.107000000
3233,64.918499,9.366100000
3234,64.927175,8.465200000
3235,64.936573,9.181400000
3236,64.946624,9.857600000
3237,64.955823,8.887500000
3238,65.048738,12.076100000
3239,65.093673,13.348500000
3240,65.104989,10.979700000
3241,65.114836,9.575200000
3242,65.124230,9.143300000
3243,65.133546,9.064400000
3244,65.141846,8.092000000
3245,65.150713,8.559600000
3246,65.159375,8.467100000
3247,65.168321,8.771900000
3248,65.250184,10.935100000
3249,65.261711,11.132700000
3250,65.294674,15.462000000
3251,65.305335,10.381100000
3252,65.314847,9.261500000
3253,65.323800,8.689700000
3254,65.333103,9.077200000
3255,65.343105,9.749600000
3256,65.351974,8.703400000
3257,65.360454,8.192100000
3258,65.450452,12.755100000
3259,65.485200,10.916400000
3260,65.495525,10.063500000
3261,65.505085,9.307400000
3262,65.514166,8.868300000
3263,65.523025,8.627400000
3264,65.531780,8.543700000
3265,65.540865,8.808700000
3266,65.549400,8.306900000
3267,65.558203,8.587900000
3268,65.634312,10.621900000
3269,65.645364,10.633900000
3270,65.671983,10.637000000
3271,65.682238,9.942000000
3272,65.691685,9.216100000
3273,65.700800,8.867700000
3274,65.709268,8.231200000
3275,65.717849,8.284900000
3276,65.726831,8.740800000
3277,65.809754,14.461200000
3278,65.822003,11.893000000
3279,65.845390,10.910100000
3280,65.856152,10.490400000
3281,65.865984,9.548400000
3282,65.874918,8.709200000
3283,65.883797,8.679800000
3284,65.891960,7.966500000
3285,65.900117,7.927200000
3286,65.977447,11.489600000
3287,65.989688,11.895000000
3288,66.017692,12.552200000
3289,66.028184,10.188100000
3290,66.037734,9.308700000
3291,66.047481,9.512300000
3292,66.056662,8.929600000
3293,66.065980,9.081400000
3294,66.076083,9.845400000
3295,66.157632,10.506200000
3296,66.169235,11.125100000
3297,66.198076,10.577000000
3298,66.209185,10.817400000
3299,66.219064,9.621600000
3300,66.228378,9.115800000
3301,66.237282,8.664500000
3302,66.246001,8.496300000
3303,66.254802,8.594800000
3304,66.330702,10.311500000
3305,66.343089,11.847300000
3306,66.374156,12.130900000
3307,66.384773,10.259700000
3308,66.394326,9.325400000
3309,66.404067,9.436300000
3310,66.413025,8.765100000
3311,66.421509,8.308100000
3312,66.512134,12.384500000
3313,66.551220,12.174600000
3314,66.562430,10.857900000
3315,66.572749,10.074200000
3316,66.582787,9.791200000
3317,66.592190,9.193600000
3318,66.602073,9.631900000
3319,66.611232,8.854000000
3320,66.620836,9.358300000
3321,66.699589,11.115200000
3322,66.711004,11.050500000
3323,66.736972,12.675800000
3324,66.747549,10.194500000
3325,66.757276,9.441300000
3326,66.766322,8.820800000
3327,66.774953,8.407600000
3328,66.783114,7.914600000
3329,66.791320,8.059700000
3330,66.799504,7.946600000
3331,66.876459,10.299800000
3332,66.888678,11.812100000
3333,66.926236,16.296200000
3334,66.937997,11.416500000
3335,66.949519,11.226000000
3336,66.960427,10.733900000
3337,66.971276,10.534800000
3338,66.981835,10.330500000
3339,66.991296,9.309400000
3340,67.076659,11.647600000
3341,67.088151,11.028000000
3342,67.118961,13.987700000
3343,67.130918,11.595100000
3344,67.142593,11.317300000
3345,67.155097,12.131900000
3346,67.165749,10.376700000
3347,67.175257,9.221700000
3348,67.184171,8.783000000
3349,67.273545,11.550500000
3350,67.286598,12.423800000
3351,67.312569,10.101800000
3352,67.323428,10.524400000
3353,67.333657,9.890100000
3354,67.343274,9.336600000
3355,67.352858,9.427700000
3356,67.361694,8.611400000
3357,67.370960,8.996500000
3358,67.379614,8.422400000
3359,67.464392,11.083500000
3360,67.475964,10.889300000
3361,67.502424,14.185900000
3362,67.513709,10.964300000
3363,67.523791,9.837300000
3364,67.533254,9.190500000
3365,67.542317,8.871300000
3366,67.550622,8.204600000
3367,67.559021,8.305800000
3368,67.568629,9.416600000
3369,67.657700,10.438000000
3370,67.668437,10.386400000
3371,67.697435,11.306000000
3372,67.707372,9.663400000
3373,67.716609,9.062600000
3374,67.725640,8.821100000
3375,67.734984,9.141500000
3376,67.744861,9.604100000
3377,67.753399,8.332800000
3378,67.761755,8.199300000
3379,67.849121,12.740100000
3380,67.862433,12.856800000
3381,67.894365,10.937200000
3382,67.904844,10.107100000
3383,67.914182,9.094100000
3384,67.923091,8.706400000
3385,67.931332,8.044600000
3386,67.939695,8.150000000
3387,67.947609,7.720100000
3388,68.023821,9.751800000
3389,68.034603,10.430000000
3390,68.064621,13.867000000
3391,68.074562,9.628900000
3392,68.084455,9.676200000
3393,68.093659,8.922400000
3394,68.102335,8.491000000
3395,68.110617,8.005500000
3396,68.118580,7.815700000
3397,68.194600,10.830800000
3398,68.206390,11.423600000
3399,68.232528,10.946000000
3400,68.242953,10.108000000
3401,68.253462,10.271200000
3402,68.262961,9.276900000
3403,68.272595,9.395500000
3404,68.282462,9.656300000
3405,68.362711,10.176100000
3406,68.373786,10.750800000
3407,68.386772,12.606300000
3408,68.399882,12.077900000
3409,68.414521,14.343100000
3410,68.424573,9.806800000
3411,68.435900,11.125000000
3412,68.447899,11.746800000
3413,68.459950,11.885100000
3414,68.551108,10.537400000
3415,68.561682,10.247800000
3416,68.588429,11.609400000
3417,68.598698,9.991900000
3418,68.608215,9.227800000
3419,68.617834,9.374500000
3420,68.627813,9.747900000
3421,68.636863,8.832000000
3422,68.645642,8.573200000
3423,68.733694,10.545600000
3424,68.770869,11.304000000
3425,68.781470,10.231800000
3426,68.791259,9.489700000
3427,68.800437,8.956400000
3428,68.809311,8.633500000
3429,68.818105,8.568100000
3430,68.826910,8.578400000
3431,68.835618,8.500700000
3432,68.915142,10.478600000
3433,68.927887,12.338800000
3434,68.950624,10.148500000
3435,68.961370,10.441900000
3436,68.971081,9.487700000
3437,68.980042,8.810500000
3438,68.988804,8.535600000
3439,68.997454,8.446900000
3440,69.005941,8.286800000
3441,69.083372,10.650200000
3442,69.094383,10.646100000
3443,69.119610,10.043300000
3444,69.129570,9.650600000
3445,69.138854,9.040900000
3446,69.148266,9.183700000
3447,69.157071,8.575800000
3448,69.165341,8.093400000
3449,69.173540,7.996900000
3450,69.258255,12.853200000
3451,69.295327,12.077700000
3452,69.306312,10.560500000
3453,69.317177,10.489100000
3454,69.327506,10.037300000
3455,69.336784,8.874000000
3456,69.345316,8.408700000
3457,69.354412,8.779300000
3458,69.363276,8.596900000
3459,69.456649,13.297700000
3460,69.489407,10.918000000
3461,69.499476,9.730700000
3462,69.508803,9.075700000
3463,69.517577,8.552900000
3464,69.526572,8.812000000
3465,69.535064,8.299700000
3466,69.543602,8.353100000
3467,69.551869,8.004600000
3468,69.634519,14.045400000
3469,69.670286,15.666700000
3470,69.680937,10.346000000
3471,69.690738,9.448400000
3472,69.699623,8.776100000
3473,69.708190,8.329400000
3474,69.716173,7.767300000
3475,69.723989,7.622100000
3476,69.732560,8.429400000
3477,69.821159,10.350800000
3478,69.833104,11.577600000
3479,69.859097,11.855300000
3480,69.869701,10.237900000
3481,69.879760,9.824100000
3482,69.890201,10.203400000
3483,69.900306,9.845500000
3484,69.910568,10.042600000
3485,69.921195,10.325400000
3486,69.931978,10.408900000
3487,70.025815,14.931800000
3488,70.061272,11.367000000
3489,70.073396,11.772500000
3490,70.084254,10.648700000
3491,70.093752,9.259900000
3492,70.102401,8.510300000
3493,70.111811,9.235900000
3494,70.121537,9.579300000
3495,70.131365,9.590800000
3496,70.141313,9.759900000
3497,70.223671,11.646500000
3498,70.234851,10.702200000
3499,70.263184,11.750000000
3500,70.277124,13.546900000
3501,70.286692,9.296300000
3502,70.296315,9.370300000
3503,70.306254,9.664000000
3504,70.316188,9.704700000
3505,70.326254,9.836700000
3506,70.335309,8.769200000
3507,70.414113,10.781700000
3508,70.424816,10.347600000
3509,70.456141,13.669500000
3510,70.465655,9.214800000
3511,70.475511,9.516800000
3512,70.484357,8.628200000
3513,70.492810,8.249500000
3514,70.500997,7.987900000
3515,70.509532,8.305200000
3516,70.598545,11.948100000
3517,70.613913,11.578900000
3518,70.641278,10.861700000
3519,70.652760,11.055900000
3520,70.663446,10.435300000
3521,70.673817,10.131500000
3522,70.683458,9.409500000
3523,70.692245,8.579800000
3524,70.701030,8.542800000
3525,70.709854,8.632500000
3526,70.787925,10.377500000
3527,70.831063,10.583700000
3528,70.841801,10.392900000
3529,70.851710,9.573800000
3530,70.861551,9.605400000
3531,70.870661,8.893800000
3532,70.879182,8.299400000
3533,70.887669,8.285300000
3534,70.896367,8.454600000
3535,70.985668,9.940000000
3536,70.997282,11.258000000
3537,71.028577,10.026400000
3538,71.039029,10.182700000
3539,71.049506,10.237400000
3540,71.059055,9.297800000
3541,71.067822,8.563400000
3542,71.076309,8.291900000
3543,71.084846,8.336000000
3544,71.093406,8.358200000
3545,71.170723,10.089000000
3546,71.182465,11.365700000
3547,71.213202,11.192900000
3548,71.223154,9.664000000
3549,71.232501,9.066200000
3550,71.241345,8.627100000
3551,71.249624,8.064400000
3552,71.257803,7.956900000
3553,71.265857,7.859100000
3554,71.344936,10.518600000
3555,71.386847,11.668800000
3556,71.397367,10.256500000
3557,71.407833,10.257000000
3558,71.418399,10.228400000
3559,71.428918,10.295200000
3560,71.439218,9.976200000
3561,71.448866,9.414300000
3562,71.458005,8.836800000
3563,71.539669,10.601800000
3564,71.551162,11.044900000
3565,71.583449,11.778800000
3566,71.593992,10.210700000
3567,71.603715,9.513400000
3568,71.612731,8.821900000
3569,71.623880,10.925500000
3570,71.632675,8.525400000
3571,71.641193,8.269800000
3572,71.649685,8.290700000
3573,71.733373,13.617700000
3574,71.773541,13.673600000
3575,71.783517,9.652400000
3576,71.792907,9.057100000
3577,71.801800,8.675700000
3578,71.810207,8.212000000
3579,71.819133,8.733400000
3580,71.827939,8.572100000
3581,71.836457,8.248500000
3582,71.915221,11.066200000
3583,71.927251,11.664600000
3584,71.955019,10.178100000
3585,71.965806,10.389800000
3586,71.975495,9.334500000
3587,71.984685,9.022100000
3588,71.994005,9.074800000
3589,72.003200,9.033200000
3590,72.011529,8.185500000
3591,72.103153,10.556700000
3592,72.115399,11.816400000
3593,72.148782,14.903700000
3594,72.160717,11.582700000
3595,72.171504,10.455300000
3596,72.182024,10.291600000
3597,72.192149,9.938200000
3598,72.202286,9.806600000
3599,72.212226,9.592800000
3600,72.222195,9.732700000
3601,72.308389,12.189200000
3602,72.319675,10.896400000
3603,72.352743,14.080400000
3604,72.364291,11.185000000
3605,72.374634,10.060800000
3606,72.384728,9.809800000
3607,72.394656,9.722400000
3608,72.404818,9.933500000
3609,72.413636,8.706000000
3610,72.422390,8.657100000
3611,72.502165,11.032400000
3612,72.512927,10.370800000
3613,72.541479,10.477300000
3614,72.553560,11.745100000
3615,72.563947,10.104100000
3616,72.574147,9.894500000
3617,72.583943,9.557200000
3618,72.593489,9.357100000
3619,72.603602,9.841100000
3620,72.612614,8.778100000
3621,72.701391,11.692000000
3622,72.745167,15.698800000
3623,72.756868,11.307000000
3624,72.768803,11.614500000
3625,72.780332,11.138100000
3626,72.791287,10.686000000
3627,72.801799,10.253300000
3628,72.812174,10.135300000
3629,72.821848,9.525100000
3630,72.831519,9.385900000
3631,72.921849,11.424300000
3632,72.944126,14.942800000
3633,72.957211,12.793400000
3634,72.967496,9.939600000
3635,72.976973,9.252600000
3636,72.986729,9.571200000
3637,72.996836,9.896000000
3638,73.006113,9.054100000
3639,73.015051,8.723200000
3640,73.023673,8.430500000
3641,73.032399,8.517900000
3642,73.127447,12.256500000
3643,73.139183,11.338500000
3644,73.167106,11.080900000
3645,73.177425,10.055400000
3646,73.186992,9.382200000
3647,73.196438,9.137200000
3648,73.205481,8.835200000
3649,73.214730,9.045500000
3650,73.224567,9.635200000
3651,73.234756,9.942800000
3652,73.326140,11.420500000
3653,73.339220,12.649000000
3654,73.370994,14.059300000
3655,73.383447,12.153700000
3656,73.394652,10.766200000
3657,73.405107,10.112400000
3658,73.415833,10.345400000
3659,73.426704,10.483400000
3660,73.437408,10.436500000
3661,73.447976,10.241900000
3662,73.539154,12.402900000
3663,73.576152,10.708400000
3664,73.587731,11.222100000
3665,73.597893,9.849400000
3666,73.608097,9.963300000
3667,73.617595,9.262600000
3668,73.626551,8.730000000
3669,73.635214,8.448300000
3670,73.644038,8.612500000
3671,73.652387,8.109400000
3672,73.661087,8.448100000
3673,73.751100,13.982500000
3674,73.764367,12.872800000
3675,73.795888,11.867800000
3676,73.806411,10.190400000
3677,73.817104,10.464100000
3678,73.826812,9.429000000
3679,73.836191,9.011100000
3680,73.845624,9.243100000
3681,73.854257,8.430500000
3682,73.863302,8.930500000
3683,73.948582,14.552300000
3684,73.961233,12.306100000
3685,73.987549,13.846500000
3686,74.002920,15.026900000
3687,74.014602,11.415900000
3688,74.027354,12.477500000
3689,74.040107,12.592800000
3690,74.051676,11.255600000
3691,74.071901,19.985500000
3692,74.080901,8.755300000
3693,74.174498,12.385500000
3694,74.186580,11.643000000
3695,74.216791,10.836300000
3696,74.227331,10.178800000
3697,74.237158,9.500000000
3698,74.246334,8.984800000
3699,74.254822,8.377900000
3700,74.263833,8.721600000
3701,74.272132,8.006900000
3702,74.280653,8.325600000
3703,74.288706,7.856800000
3704,74.366980,10.720900000
3705,74.378596,11.230200000
3706,74.412268,12.174300000
3707,74.423221,10.694900000
3708,74.434007,10.590900000
3709,74.445050,10.739800000
3710,74.454584,9.336300000
3711,74.463927,9.005000000
3712,74.472381,8.240300000
3713,74.480948,8.368800000
3714,74.557136,10.283300000
3715,74.568588,11.157500000
3716,74.588408,10.601100000
3717,74.601373,12.711600000
3718,74.611652,10.075000000
3719,74.621143,9.312500000
3720,74.630088,8.764300000
3721,74.638753,8.367000000
3722,74.647317,8.300300000
3723,74.656085,8.571600000
3724,74.734698,10.659400000
3725,74.746130,11.043800000
3726,74.778961,11.099900000
3727,74.790199,10.886900000
3728,74.800351,9.825200000
3729,74.809762,9.169900000
3730,74.818508,8.641400000
3731,74.827320,8.543800000
3732,74.911621,13.912000000
3733,74.928115,16.032000000
3734,74.955576,12.651300000
3735,74.967329,11.395400000
3736,74.978875,11.258200000
3737,74.990403,11.330400000
3738,75.002054,11.391900000
3739,75.013858,11.460300000
3740,75.025433,11.329100000
3741,75.117312,12.139000000
3742,75.130680,12.958200000
3743,75.159890,12.535200000
3744,75.172635,12.271000000
3745,75.183665,10.699300000
3746,75.193988,10.068900000
3747,75.203346,9.184900000
3748,75.212897,9.305800000
3749,75.221533,8.456400000
3750,75.230666,8.982100000
3751,75.320884,10.448800000
3752,75.331890,10.670100000
3753,75.349042,10.364500000
3754,75.364880,11.117800000
3755,75.376531,11.358100000
3756,75.387136,10.324500000
3757,75.396639,9.226300000
3758,75.405634,8.813300000
3759,75.414702,8.876200000
3760,75.423255,8.362500000
3761,75.431568,8.110700000
3762,75.514281,12.244200000
3763,75.531715,16.955400000
3764,75.559627,13.145700000
3765,75.572095,12.060300000
3766,75.583439,11.047400000
3767,75.594495,10.802800000
3768,75.605498,10.724900000
3769,75.616747,10.876200000
3770,75.628384,11.309200000
3771,75.710145,11.398500000
3772,75.721831,11.295200000
3773,75.751220,11.730700000
3774,75.761227,9.697700000
3775,75.770580,9.142900000
3776,75.779990,9.203800000
3777,75.788744,8.593700000
3778,75.797732,8.807700000
3779,75.807266,9.381000000
3780,75.817148,9.682100000
3781,75.902982,11.018700000
3782,75.914296,10.906500000
3783,75.941727,10.740100000
3784,75.952817,10.846200000
3785,75.962869,9.821400000
3786,75.972905,9.827200000
3787,75.983190,10.041800000
3788,75.992651,9.252600000
3789,76.001139,8.298000000
3790,76.009759,8.429800000
3791,76.087261,10.795400000
3792,76.098376,10.738600000
3793,76.129689,11.172600000
3794,76.141037,11.041500000
3795,76.150938,9.726200000
3796,76.161055,9.794200000
3797,76.173510,12.268800000
3798,76.185565,11.697600000
3799,76.197536,11.610800000
3800,76.286644,11.756100000
3801,76.299822,12.776300000
3802,76.327292,11.420900000
3803,76.338078,10.530900000
3804,76.348708,10.399800000
3805,76.358213,9.374800000
3806,76.367904,9.466000000
3807,76.376999,8.841300000
3808,76.385773,8.675700000
3809,76.395024,8.946900000
3810,76.487284,14.182900000
3811,76.526205,10.238200000
3812,76.536001,9.422000000
3813,76.546024,9.778000000
3814,76.555363,9.108700000
3815,76.564062,8.598800000
3816,76.572646,8.314600000
3817,76.581055,8.215800000
3818,76.589884,8.662900000
3819,76.598982,8.841500000
3820,76.681871,13.756900000
3821,76.717833,10.176500000
3822,76.727946,9.821600000
3823,76.737337,9.162300000
3824,76.746402,8.876300000
3825,76.755524,8.919000000
3826,76.764220,8.504900000
3827,76.772498,8.067100000
3828,76.780692,7.941700000
3829,76.788973,8.107000000
3830,76.868410,10.568500000
3831,76.879956,11.092100000
3832,76.910656,11.040700000
3833,76.921120,10.145300000
3834,76.930857,9.456600000
3835,76.940154,9.175700000
3836,76.949876,9.581300000
3837,76.958859,8.739400000
3838,76.967942,8.896700000
3839,77.046306,11.257400000
3840,77.057619,10.964500000
3841,77.086556,10.089900000
3842,77.096662,9.794000000
3843,77.106166,9.315900000
3844,77.115320,8.963400000
3845,77.123953,8.420200000
3846,77.132737,8.590300000
3847,77.141096,8.088500000
3848,77.222555,13.622400000
3849,77.261358,11.210500000
3850,77.271509,9.741900000
3851,77.280921,9.144900000
3852,77.290465,9.336800000
3853,77.299276,8.618700000
3854,77.308096,8.629500000
3855,77.316894,8.595000000
3856,77.325791,8.681300000
3857,77.404515,10.159200000
3858,77.415441,10.523100000
3859,77.446917,11.645100000
3860,77.456855,9.603700000
3861,77.466202,9.064100000
3862,77.475154,8.743200000
3863,77.483734,8.389800000
3864,77.492876,8.903300000
3865,77.502080,8.986800000
3866,77.606136,11.546200000
3867,77.618192,11.660600000
3868,77.654023,16.725300000
3869,77.665582,11.183000000
3870,77.675674,9.808300000
3871,77.686552,10.665300000
3872,77.698785,11.895800000
3873,77.711387,12.225400000
3874,77.723895,12.156200000
3875,77.735111,10.896400000
3876,77.818367,11.079400000
3877,77.830192,11.289800000
3878,77.863454,10.149000000
3879,77.873103,9.346500000
3880,77.882941,9.678600000
3881,77.893191,9.996000000
3882,77.903499,10.063000000
3883,77.913886,10.131800000
3884,77.923376,9.235600000
3885,77.932056,8.445700000
3886,77.940996,8.841200000
3887,78.017957,10.259700000
3888,78.029299,10.945300000
3889,78.062733,10.039900000
3890,78.072585,9.544000000
3891,78.081655,8.868200000
3892,78.090468,8.626700000
3893,78.099627,8.968700000
3894,78.109022,9.178000000
3895,78.118096,8.868300000
3896,78.126944,8.658200000
3897,78.204027,11.577900000
3898,78.215425,11.027700000
3899,78.246760,11.347100000
3900,78.257165,10.038100000
3901,78.266739,9.413100000
3902,78.276353,9.248400000
3903,78.285780,9.204500000
3904,78.294523,8.545300000
3905,78.303425,8.715000000
3906,78.392882,13.427200000
3907,78.433435,11.897000000
3908,78.443851,10.106100000
3909,78.453646,9.550700000
3910,78.463046,9.203300000
3911,78.472357,9.103600000
3912,78.482321,9.752000000
3913,78.492771,10.216600000
3914,78.503141,10.127800000
3915,78.584544,11.322500000
3916,78.596374,11.477900000
3917,78.629448,11.277000000
3918,78.640208,10.399600000
3919,78.650129,9.633500000
3920,78.660001,9.591500000
3921,78.669226,8.983800000
3922,78.678164,8.677300000
3923,78.686651,8.305200000
3924,78.695320,8.460700000
3925,78.785240,10.627600000
3926,78.796458,10.718500000
3927,78.830184,11.356600000
3928,78.840600,10.091100000
3929,78.850924,10.094500000
3930,78.860442,9.227600000
3931,78.869405,8.772800000
3932,78.878632,9.017900000
3933,78.887366,8.534800000
3934,78.899057,11.504800000
3935,78.988205,15.398400000
3936,79.034111,18.297900000
3937,79.046299,11.701200000
3938,79.057500,10.838500000
3939,79.068165,10.347300000
3940,79.077788,9.344500000
3941,79.086753,8.713400000
3942,79.095860,8.879400000
3943,79.104593,8.503700000
3944,79.113519,8.740900000
3945,79.195767,13.925900000
3946,79.236638,11.357000000
3947,79.247264,10.313100000
3948,79.258217,10.701600000
3949,79.268075,9.474900000
3950,79.277338,8.926300000
3951,79.286048,8.459300000
3952,79.295098,8.843900000
3953,79.303782,8.489600000
3954,79.312737,8.765100000
3955,79.390031,10.913500000
3956,79.401044,10.601300000
3957,79.424355,11.493400000
3958,79.436805,12.120400000
3959,79.447159,10.112500000
3960,79.457042,9.649200000
3961,79.466862,9.587900000
3962,79.475904,8.812600000
3963,79.484694,8.608900000
3964,79.496321,11.531100000
3965,79.583256,12.462600000
3966,79.598938,15.285200000
3967,79.628604,16.112900000
3968,79.654232,25.327200000
3969,79.663339,8.795000000
3970,79.672349,8.824200000
3971,79.680713,8.204000000
3972,79.689077,8.158300000
3973,79.697592,8.333800000
3974,79.706514,8.736800000
3975,79.791460,13.359200000
3976,79.832551,12.667500000
3977,79.842751,9.852600000
3978,79.852945,9.931000000
3979,79.862426,9.279700000
3980,79.871956,9.331800000
3981,79.880920,8.718800000
3982,79.890121,9.003700000
3983,79.898609,8.388200000
3984,79.906875,8.000400000
3985,79.995250,10.385900000
3986,80.039603,10.269700000
3987,80.049994,10.033000000
3988,80.059590,9.342100000
3989,80.068673,8.915100000
3990,80.077712,8.846500000
3991,80.086841,8.879900000
3992,80.095786,8.735100000
3993,80.104404,8.385200000
3994,80.113083,8.491700000
3995,80.192086,12.067400000
3996,80.203340,10.850500000
3997,80.234474,10.905500000
3998,80.244691,9.963400000
3999,80.254310,9.419100000
4000,80.263409,8.894500000
4001,80.272125,8.530600000
4002,80.281058,8.726900000
4003,80.290273,9.048800000
4004,80.299061,8.536000000
4005,80.378999,11.371600000
4006,80.392620,13.252400000
4007,80.422754,10.431300000
4008,80.433420,10.446300000
4009,80.444071,10.457800000
4010,80.453664,9.385700000
4011,80.462470,8.552800000
4012,80.471764,9.082600000
4013,80.480430,8.469300000
4014,80.489670,9.048900000
4015,80.569231,11.967800000
4016,80.581542,11.939600000
4017,80.612421,11.008600000
4018,80.623607,10.956300000
4019,80.633715,9.908800000
4020,80.644001,10.040300000
4021,80.652896,8.657800000
4022,80.661971,8.634300000
4023,80.670478,8.300400000
4024,80.748356,10.718200000
4025,80.760598,11.896100000
4026,80.790458,11.841400000
4027,80.802013,11.302400000
4028,80.812436,10.179200000
4029,80.822796,10.160200000
4030,80.833407,10.344300000
4031,80.843097,9.412200000
4032,80.851980,8.669600000
4033,80.938801,12.365300000
4034,80.951327,12.183300000
4035,80.987518,14.968300000
4036,80.999530,11.751900000
4037,81.010403,10.744200000
4038,81.021454,10.763100000
4039,81.031200,9.526100000
4040,81.040149,8.820900000
4041,81.049602,9.174900000
4042,81.060317,10.355900000
4043,81.169083,10.865700000
4044,81.180189,10.722700000
4045,81.208511,11.850200000
4046,81.219539,10.767400000
4047,81.230206,10.416600000
4048,81.240317,9.913500000
4049,81.250436,9.892600000
4050,81.259365,8.672000000
4051,81.267964,8.390300000
4052,81.276911,8.699000000
4053,81.286653,9.473500000
4054,81.366396,11.936900000
4055,81.378778,12.008400000
4056,81.410200,12.047900000
4057,81.421618,11.078000000
4058,81.432233,10.287500000
4059,81.441923,9.437700000
4060,81.450959,8.776500000
4061,81.459942,8.785000000
4062,81.468903,8.720900000
4063,81.477441,8.333200000
4064,81.560679,14.204300000
4065,81.597710,10.401800000
4066,81.607633,9.566100000
4067,81.617641,9.736000000
4068,81.626820,8.962200000
4069,81.635624,8.602200000
4070,81.645207,9.345100000
4071,81.653755,8.360600000
4072,81.661876,7.897800000
4073,81.670345,8.260500000
4074,81.761867,13.105200000
4075,81.804710,12.984900000
4076,81.815124,10.095600000
4077,81.825772,10.401200000
4078,81.835518,9.529300000
4079,81.845099,9.375000000
4080,81.854214,8.914800000
4081,81.863343,8.913600000
4082,81.871620,8.081400000
4083,81.880234,8.394600000
4084,81.962612,11.022700000
4085,81.974141,11.033300000
4086,82.007486,13.102600000
4087,82.018105,10.394400000
4088,82.027893,9.534100000
4089,82.037014,8.937400000
4090,82.046425,9.188700000
4091,82.055363,8.762100000
4092,82.064547,9.008600000
4093,82.074323,9.536900000
4094,82.165402,10.600000000
4095,82.177309,11.392200000
4096,82.206563,10.400100000
4097,82.216656,9.736800000
4098,82.225960,9.114000000
4099,82.234923,8.760900000
4100,82.243558,8.423700000
4101,82.252510,8.735900000
4102,82.262122,9.397600000
4103,82.270810,8.439800000
4104,82.348865,9.947500000
4105,82.365133,15.753500000
4106,82.392822,12.370500000
4107,82.403545,10.401800000
4108,82.413143,9.349100000
4109,82.422842,9.480900000
4110,82.432974,9.902900000
4111,82.442141,8.950000000
4112,82.451084,8.691300000
4113,82.529064,10.592900000
4114,82.540963,11.547400000
4115,82.573466,13.400900000
4116,82.584100,10.350400000
4117,82.594843,10.507100000
4118,82.604442,9.327500000
4119,82.614197,9.514300000
4120,82.624343,9.870400000
4121,82.633463,8.882700000
4122,82.712971,10.539200000
4123,82.725342,11.895600000
4124,82.756943,11.777700000
4125,82.767816,10.500600000
4126,82.778446,10.370900000
4127,82.789013,10.282300000
4128,82.798683,9.403200000
4129,82.808275,9.401600000
4130,82.818341,9.799700000
4131,82.898572,10.285700000
4132,82.910560,11.672800000
4133,82.942090,10.074400000
4134,82.952916,10.530800000
4135,82.964098,10.901500000
4136,82.975147,10.758500000
4137,82.984742,9.322400000
4138,82.993738,8.755300000
4139,83.002385,8.450000000
4140,83.011503,8.891800000
4141,83.093335,11.270800000
4142,83.105966,12.238300000
4143,83.137535,15.040900000
4144,83.147429,9.583400000
4145,83.156785,9.132900000
4146,83.165527,8.513500000
4147,83.174218,8.479600000
4148,83.183200,8.780000000
4149,83.191571,8.212500000
4150,83.288423,11.461900000
4151,83.299775,10.956200000
4152,83.337535,18.884900000
4153,83.348895,11.069900000
4154,83.361012,11.808400000
4155,83.371716,10.427500000
4156,83.382529,10.551100000
4157,83.392955,10.108400000
4158,83.405095,11.854600000
4159,83.416533,11.244000000
4160,83.508152,12.424300000
4161,83.554852,16.933300000
4162,83.566633,11.418500000
4163,83.578059,11.117400000
4164,83.588877,10.460700000
4165,83.598624,9.435200000
4166,83.608393,9.491900000
4167,83.617301,8.688700000
4168,83.625985,8.474900000
4169,83.635149,8.956300000
4170,83.644021,8.561000000
4171,83.721026,10.376200000
4172,83.733042,11.604000000
4173,83.761954,11.494200000
4174,83.772547,10.297900000
4175,83.782270,9.406200000
4176,83.791968,9.540200000
4177,83.801996,9.848500000
4178,83.812134,9.999200000
4179,83.821334,8.962100000
4180,83.830942,9.357400000
4181,83.841072,9.888300000
4182,83.932093,13.294400000
4183,83.975010,11.966700000
4184,83.985345,9.995500000
4185,83.995617,9.975900000
4186,84.005661,9.897700000
4187,84.016034,10.184600000
4188,84.025651,9.440000000
4189,84.035227,9.418500000
4190,84.044086,8.662000000
4191,84.052708,8.373000000
4192,84.133478,10.597100000
4193,84.145346,11.532500000
4194,84.179909,11.213700000
4195,84.190473,10.241700000
4196,84.201117,10.351600000
4197,84.210621,9.248600000
4198,84.220416,9.603400000
4199,84.230686,10.019400000
4200,84.240069,9.105900000
4201,84.249333,8.996400000
4202,84.340129,10.167800000
4203,84.351994,11.443700000
4204,84.387626,15.761200000
4205,84.398044,10.130000000
4206,84.407559,9.413100000
4207,84.416848,9.069300000
4208,84.425333,8.266400000
4209,84.433752,8.220500000
4210,84.442013,8.059000000
4211,84.451304,9.055200000
4212,84.461307,9.780200000
4213,84.546024,11.376600000
4214,84.560773,14.373300000
4215,84.592003,14.147200000
4216,84.603856,11.476100000
4217,84.615059,10.888000000
4218,84.626355,11.014500000
4219,84.636423,9.802400000
4220,84.646243,9.638600000
4221,84.655396,8.957600000
4222,84.664090,8.484200000
4223,84.742384,10.500700000
4224,84.783363,10.249000000
4225,84.793322,9.659300000
4226,84.803437,9.848900000
4227,84.812815,9.132100000
4228,84.821565,8.533800000
4229,84.830252,8.471400000
4230,84.839317,8.826200000
4231,84.848968,9.407700000
4232,84.859111,9.894200000
4233,84.939074,10.629400000
4234,84.950154,10.713100000
4235,84.979534,10.641300000
4236,84.989475,9.655000000
4237,84.998736,9.075300000
4238,85.008178,9.284000000
4239,85.018235,9.807300000
4240,85.027196,8.750000000
4241,85.036591,9.160000000
4242,85.048497,11.657700000
4243,85.128613,12.115300000
4244,85.142225,13.242400000
4245,85.173231,15.822100000
4246,85.186817,13.275500000
4247,85.212423,25.326500000
4248,85.221481,8.584900000
4249,85.230735,9.028800000
4250,85.239285,8.327800000
4251,85.247549,8.112600000
4252,85.325274,10.759300000
4253,85.336575,10.941600000
4254,85.370596,12.126500000
4255,85.381783,10.920400000
4256,85.392115,10.101100000
4257,85.402173,9.792900000
4258,85.411460,9.082000000
4259,85.421032,9.355800000
4260,85.429835,8.592700000
4261,85.438386,8.284100000
4262,85.528041,10.275200000
4263,85.539499,11.120000000
4264,85.576185,11.573800000
4265,85.586263,9.811500000
4266,85.595976,9.478000000
4267,85.604987,8.802300000
4268,85.613776,8.565400000
4269,85.622881,8.889700000
4270,85.631190,8.116400000
4271,85.640400,8.981500000
4272,85.724014,11.112600000
4273,85.735418,10.965100000
4274,85.765863,10.507600000
4275,85.776055,9.873500000
4276,85.786156,9.881500000
4277,85.795508,9.193800000
4278,85.804409,8.676000000
4279,85.813642,9.134300000
4280,85.822573,8.712600000
4281,85.831744,8.989800000
4282,85.912704,10.528700000
4283,85.923867,10.771400000
4284,85.954846,11.328800000
4285,85.965343,10.193800000
4286,85.975620,10.086300000
4287,85.985139,9.325700000
4288,85.994228,8.863900000
4289,86.003271,8.771300000
4290,86.012347,8.948300000
4291,86.089815,10.169400000
4292,86.100686,10.573900000
4293,86.131848,11.988200000
4294,86.142382,10.178700000
4295,86.151862,9.332300000
4296,86.161024,8.986300000
4297,86.169921,8.689700000
4298,86.179050,8.922500000
4299,86.187947,8.655100000
4300,86.271575,13.214100000
4301,86.284411,12.301900000
4302,86.315109,12.576100000
4303,86.327693,12.047700000
4304,86.338348,10.435300000
4305,86.348122,9.575700000
4306,86.357997,9.628600000
4307,86.368492,10.248700000
4308,86.378053,9.339600000
4309,86.469128,12.286300000
4310,86.481725,12.170800000
4311,86.514972,13.579600000
4312,86.527213,11.785600000
4313,86.537706,10.296700000
4314,86.547286,9.401700000
4315,86.556435,9.041400000
4316,86.565613,9.086400000
4317,86.574932,9.012000000
4318,86.583683,8.493800000
4319,86.680264,15.142500000
4320,86.707099,26.161500000
4321,86.732358,18.551000000
4322,86.744517,11.722100000
4323,86.757715,12.810300000
4324,86.769643,11.599800000
4325,86.781164,11.278500000
4326,86.792356,10.897100000
4327,86.803572,10.918900000
4328,86.813872,10.028800000
4329,86.900505,12.261400000
4330,86.941114,12.899800000
4331,86.952468,10.988200000
4332,86.962286,9.680200000
4333,86.971747,9.269100000
4334,86.984991,12.961600000
4335,86.995247,9.964700000
4336,87.007371,11.917000000
4337,87.017058,9.441500000
4338,87.026182,8.852300000
4339,87.035097,8.633400000
4340,87.044465,9.080700000
4341,87.124153,11.216700000
4342,87.171704,16.121000000
4343,87.182354,10.271000000
4344,87.192209,9.610400000
4345,87.201479,9.035000000
4346,87.210598,8.910000000
4347,87.219706,8.890800000
4348,87.228958,9.063200000
4349,87.238406,9.224100000
4350,87.247294,8.656300000
4351,87.256731,9.210400000
4352,87.348287,12.971900000
4353,87.361105,12.332000000
4354,87.403473,21.569200000
4355,87.415648,11.850600000
4356,87.427338,11.524900000
4357,87.439963,12.262400000
4358,87.452161,11.932200000
4359,87.465153,12.753200000
4360,87.477863,12.391300000
4361,87.490219,12.131800000
4362,87.501350,10.814000000
4363,87.593020,11.125400000
4364,87.607012,13.652600000
4365,87.637134,14.231700000
4366,87.647384,9.951500000
4367,87.657575,10.055200000
4368,87.667267,9.424300000
4369,87.676055,8.616400000
4370,87.685332,9.007700000
4371,87.694260,8.630100000
4372,87.703316,8.864200000
4373,87.712019,8.498300000
4374,87.720486,8.215100000
4375,87.811610,10.846500000
4376,87.824216,12.245500000
4377,87.860144,11.505300000
4378,87.870508,10.096500000
4379,87.880232,9.503400000
4380,87.889274,8.830900000
4381,87.898728,9.227300000
4382,87.907460,8.510100000
4383,87.916359,8.693400000
4384,87.925048,8.554600000
4385,87.933918,8.594100000
4386,88.013361,12.193900000
4387,88.060820,12.094900000
4388,88.071684,10.518000000
4389,88.081604,9.637400000
4390,88.090782,8.960000000
4391,88.100019,9.034400000
4392,88.109247,9.077900000
4393,88.119446,9.972100000
4394,88.128773,9.125000000
4395,88.137614,8.617400000
4396,88.220329,12.385400000
4397,88.264458,12.925400000
4398,88.275758,10.986900000
4399,88.286051,10.048300000
4400,88.295594,9.426300000
4401,88.304846,8.972800000
4402,88.313842,8.757500000
4403,88.322535,8.466900000
4404,88.331642,8.880800000
4405,88.340623,8.746600000
4406,88.349152,8.321500000
4407,88.440144,15.987500000
4408,88.479157,12.365600000
4409,88.489521,10.084900000
4410,88.499057,9.278600000
4411,88.509071,9.823500000
4412,88.518284,9.116500000
4413,88.527524,9.019600000
4414,88.536273,8.534400000
4415,88.545288,8.791000000
4416,88.554320,8.829400000
4417,88.633394,11.888800000
4418,88.676589,11.595300000
4419,88.687435,10.541500000
4420,88.697530,9.919200000
4421,88.706828,9.085500000
4422,88.716488,9.456100000
4423,88.725493,8.790200000
4424,88.734158,8.422300000
4425,88.743151,8.775800000
4426,88.751725,8.368900000
4427,88.844850,10.991400000
4428,88.856807,11.604800000
4429,88.888720,10.720500000
4430,88.900174,11.157900000
4431,88.911404,11.005300000
4432,88.921690,10.049900000
4433,88.931433,9.541800000
4434,88.940605,8.977200000
4435,88.949490,8.685200000
4436,88.958816,9.106200000
4437,88.967852,8.782100000
4438,89.046796,11.752600000
4439,89.058984,11.823200000
4440,89.079827,11.485200000
4441,89.094979,12.134500000
4442,89.105839,10.592100000
4443,89.116482,10.374500000
4444,89.126225,9.500600000
4445,89.135132,8.723200000
4446,89.144254,8.881400000
4447,89.153173,8.707100000
4448,89.246679,13.882500000
4449,89.292820,13.034300000
4450,89.304937,11.861700000
4451,89.315944,10.643900000
4452,89.326603,10.397200000
4453,89.336990,10.140300000
4454,89.346820,9.596600000
4455,89.356703,9.715200000
4456,89.366684,9.810600000
4457,89.376777,9.835000000
4458,89.458048,10.591200000
4459,89.469422,11.014400000
4460,89.508674,14.102900000
4461,89.519749,10.748100000
4462,89.530891,10.818900000
4463,89.541728,10.622900000
4464,89.552517,10.500500000
4465,89.562977,10.295700000
4466,89.572987,9.784500000
4467,89.582032,8.807600000
4468,89.590676,8.441700000
4469,89.673639,12.929200000
4470,89.721378,13.522800000
4471,89.732493,10.843500000
4472,89.742710,10.004800000
4473,89.752427,9.448500000
4474,89.761631,9.017000000
4475,89.771949,10.108600000
4476,89.782857,10.593400000
4477,89.793383,10.208300000
4478,89.802858,9.236500000
4479,89.895311,11.689400000
4480,89.940843,11.466500000
4481,89.951306,10.124200000
4482,89.961074,9.475100000
4483,89.970655,9.298900000
4484,89.979567,8.698700000
4485,89.988631,8.868000000
4486,89.997816,8.991400000
4487,90.006289,8.310600000
4488,90.015262,8.688300000
4489,90.023967,8.529900000
4490,90.113435,12.542500000
4491,90.126417,12.529100000
4492,90.158412,14.209000000
4493,90.171265,12.489300000
4494,90.185230,13.566200000
4495,90.196542,11.079400000
4496,90.208315,11.357000000
4497,90.219275,10.611200000
4498,90.229153,9.586100000
4499,90.238867,9.490100000
4500,90.247687,8.600100000
4501,90.327502,11.022900000
4502,90.339310,11.468200000
4503,90.374936,10.939100000
4504,90.386219,11.041900000
4505,90.396752,10.271800000
4506,90.406677,9.677300000
4507,90.415744,8.958400000
4508,90.424999,8.969300000
4509,90.433455,8.275700000
4510,90.442428,8.789700000
4511,90.451299,8.509900000
4512,90.536538,11.578300000
4513,90.580898,11.423700000
4514,90.591099,9.933000000
4515,90.600643,9.344600000
4516,90.609948,9.131000000
4517,90.619444,9.329100000
4518,90.629136,9.497200000
4519,90.640768,11.532000000
4520,90.650805,9.834200000
4521,90.662254,11.256000000
4522,90.751679,16.579000000
4523,90.807159,28.097700000
4524,90.817747,10.143800000
4525,90.827205,9.315400000
4526,90.836439,8.950300000
4527,90.845386,8.718400000
4528,90.854725,9.155200000
4529,90.864812,9.850400000
4530,90.873834,8.784300000
4531,90.882893,8.843800000
4532,90.891926,8.821400000
4533,90.984102,11.665100000
4534,90.995873,11.091700000
4535,91.032578,13.419400000
4536,91.043206,10.287000000
4537,91.053552,9.997600000
4538,91.063679,9.917900000
4539,91.074145,10.215700000
4540,91.083604,9.262700000
4541,91.093349,9.534100000
4542,91.102393,8.796800000
4543,91.111099,8.497100000
4544,91.119630,8.410600000
4545,91.203976,13.028000000
4546,91.248508,12.536200000
4547,91.259961,11.004600000
4548,91.270607,10.375000000
4549,91.280484,9.657400000
4550,91.290686,9.955100000
4551,91.300055,9.228600000
4552,91.309454,9.170900000
4553,91.320643,11.023100000
4554,91.330253,9.442300000
4555,91.339970,9.519500000
4556,91.428524,14.630400000
4557,91.471406,11.703600000
4558,91.482730,10.938900000
4559,91.493536,10.538000000
4560,91.503358,9.593100000
4561,91.513217,9.661000000
4562,91.522805,9.422400000
4563,91.533017,9.993100000
4564,91.543162,9.876700000
4565,91.552815,9.461200000
4566,91.561745,8.733600000
4567,91.646494,13.687800000
4568,91.660051,13.129600000
4569,91.691550,11.482100000
4570,91.703740,11.868600000
4571,91.716010,11.936600000
4572,91.727966,11.697400000
4573,91.739720,11.605800000
4574,91.751420,11.524600000
4575,91.763090,11.297900000
4576,91.775330,11.948800000
4577,91.786112,10.532100000
4578,91.873693,10.845800000
4579,91.884919,10.910000000
4580,91.916036,11.017100000
4581,91.926566,10.153900000
4582,91.937319,10.490300000
4583,91.947638,10.086300000
4584,91.957930,10.028900000
4585,91.967867,9.603200000
4586,91.977886,9.754400000
4587,91.988231,9.992800000
4588,91.999003,10.540700000
4589,92.098530,13.166000000
4590,92.111591,12.649400000
4591,92.140864,11.650500000
4592,92.152866,11.585900000
4593,92.164186,11.022800000
4594,92.174421,9.955400000
4595,92.184156,9.529100000
4596,92.193697,9.262100000
4597,92.203698,9.702900000
4598,92.213572,9.600100000
4599,92.223851,10.069100000
4600,92.233386,9.266700000
4601,92.329218,12.299200000
4602,92.343405,13.747200000
4603,92.379798,14.452700000
4604,92.390652,10.530500000
4605,92.401355,10.377100000
4606,92.410833,9.203300000
4607,92.420061,8.971600000
4608,92.429634,9.377300000
4609,92.438751,8.878100000
4610,92.447612,8.593300000
4611,92.456467,8.599900000
4612,92.535701,11.305800000
4613,92.556673,20.483300000
4614,92.583489,12.594300000
4615,92.595220,11.409900000
4616,92.606288,10.757800000
4617,92.617321,10.788700000
4618,92.627323,9.870400000
4619,92.637057,9.545200000
4620,92.646270,8.931600000
4621,92.654962,8.456900000
4622,92.739092,11.447500000
4623,92.786122,12.628900000
4624,92.796097,9.686800000
4625,92.806449,10.071800000
4626,92.815898,9.264100000
4627,92.825787,9.700200000
4628,92.835417,9.429900000
4629,92.844328,8.668300000
4630,92.853443,8.922300000
4631,92.863201,9.575500000
4632,92.872384,8.839400000
4633,92.963689,13.557600000
4634,93.007364,11.933100000
4635,93.020667,12.884700000
4636,93.033116,12.000800000
4637,93.044685,11.272900000
4638,93.055810,10.854400000
4639,93.065801,9.702700000
4640,93.075961,9.884100000
4641,93.085120,9.058900000
4642,93.095142,9.700300000
4643,93.104148,8.872600000
4644,93.199467,14.807000000
4645,93.225462,11.256100000
4646,93.240171,10.900900000
4647,93.251467,11.041900000
4648,93.261736,10.059500000
4649,93.271342,9.379500000
4650,93.280689,9.133400000
4651,93.289970,9.089900000
4652,93.298798,8.587100000
4653,93.307884,8.837000000
4654,93.316522,8.387700000
4655,93.399643,12.919400000
4656,93.411180,11.175000000
4657,93.441441,11.673200000
4658,93.452217,10.480800000
4659,93.462244,9.768700000
4660,93.472490,10.020200000
4661,93.482044,9.348900000
4662,93.492037,9.760100000
4663,93.501239,9.005400000
4664,93.510031,8.600400000
4665,93.519452,9.196000000
4666,93.601766,12.559000000
4667,93.613939,11.878400000
4668,93.646107,12.528400000
4669,93.657044,10.652300000
4670,93.667819,10.561200000
4671,93.677845,9.892400000
4672,93.687538,9.529600000
4673,93.697483,9.707000000
4674,93.707033,9.331300000
4675,93.716242,8.978200000
4676,93.796355,12.282900000
4677,93.808257,11.490700000
4678,93.845011,11.358000000
4679,93.856621,11.390000000
4680,93.868306,11.397900000
4681,93.879333,10.856300000
4682,93.890165,10.550900000
4683,93.900088,9.713800000
4684,93.910393,10.080200000
4685,94.005147,13.321600000
4686,94.018030,12.471100000
4687,94.053348,16.057500000
4688,94.064423,10.801200000
4689,94.076347,11.768100000
4690,94.089398,12.791200000
4691,94.102622,12.981700000
4692,94.116241,13.408100000
4693,94.128874,12.315600000
4694,94.141709,12.603700000
4695,94.151422,9.477900000
4696,94.244194,12.532600000
4697,94.291042,11.913400000
4698,94.301941,10.621400000
4699,94.311968,9.727800000
4700,94.321681,9.497000000
4701,94.331275,9.380700000
4702,94.341043,9.449600000
4703,94.350457,9.277200000
4704,94.359806,9.157300000
4705,94.369399,9.352400000
4706,94.378953,9.311100000
4707,94.388724,9.561300000
4708,94.473384,11.884500000
4709,94.485196,11.504700000
4710,94.519840,12.891500000
4711,94.532551,12.456000000
4712,94.544200,11.407900000
4713,94.554752,10.321500000
4714,94.564629,9.714300000
4715,94.574616,9.500000000
4716,94.584669,9.886700000
4717,94.594072,9.144800000
4718,94.603956,9.668800000
4719,94.685263,12.631900000
4720,94.734400,15.323900000
4721,94.747167,12.310300000
4722,94.758995,11.523900000
4723,94.770889,11.652700000
4724,94.783023,12.016100000
4725,94.795176,11.822600000
4726,94.806755,11.315300000
4727,94.817002,10.054400000
4728,94.827412,10.220600000
4729,94.837989,10.349700000
4730,94.933848,12.352500000
4731,94.946715,12.498600000
4732,94.980906,12.913000000
4733,94.993514,12.307700000
4734,95.005645,11.923800000
4735,95.018014,12.136500000
4736,95.030140,11.892100000
4737,95.040835,10.454600000
4738,95.052037,10.959500000
4739,95.064459,12.214000000
4740,95.074938,10.221900000
4741,95.085424,10.244300000
4742,95.174110,13.137200000
4743,95.217482,13.642700000
4744,95.229600,11.784300000
4745,95.240674,10.784800000
4746,95.251873,10.977800000
4747,95.263545,11.432500000
4748,95.275191,11.401800000
4749,95.287055,11.611800000
4750,95.297952,10.677500000
4751,95.307775,9.557800000
4752,95.317144,9.164800000
4753,95.326926,9.580100000
4754,95.424035,13.318200000
4755,95.436946,12.514900000
4756,95.469934,13.653700000
4757,95.480464,10.219800000
4758,95.490499,9.800200000
4759,95.502339,11.602900000
4760,95.511595,9.023900000
4761,95.520616,8.832000000
4762,95.530170,9.348400000
4763,95.539419,9.011300000
4764,95.548496,8.867200000
4765,95.557620,8.926100000
4766,95.566677,8.843100000
4767,95.650971,12.852000000
4768,95.706956,18.771200000
4769,95.719115,11.808400000
4770,95.733993,14.560000000
4771,95.745608,11.418000000
4772,95.757131,11.261500000
4773,95.768184,10.796700000
4774,95.778553,10.143800000
4775,95.789208,10.411400000
4776,95.800321,10.823200000
4777,95.811347,10.795600000
4778,95.891697,11.534900000
4779,95.903969,11.902500000
4780,95.935537,11.148700000
4781,95.947081,11.327200000
4782,95.957612,10.337800000
4783,95.967698,9.820600000
4784,95.977080,9.104900000
4785,95.986134,8.865300000
4786,95.995445,9.110400000
4787,96.004424,8.802200000
4788,96.013761,9.052200000
4789,96.023452,9.439000000
4790,96.104827,12.754800000
4791,96.117261,12.078100000
4792,96.148146,12.509100000
4793,96.159246,10.773100000
4794,96.170447,10.936700000
4795,96.184837,14.129600000
4796,96.195699,10.724400000
4797,96.207003,11.081600000
4798,96.219910,12.645400000
4799,96.232194,12.018500000
4800,96.253758,21.296200000
4801,96.335574,12.466700000
4802,96.348681,12.767600000
4803,96.384140,14.709000000
4804,96.395212,10.744300000
4805,96.405484,10.000900000
4806,96.416094,10.377300000
4807,96.425724,9.386600000
4808,96.435741,9.870200000
4809,96.446434,10.464100000
4810,96.456087,9.407300000
4811,96.465210,8.918400000
4812,96.561349,14.685800000
4813,96.602561,14.047000000
4814,96.613256,10.305600000
4815,96.623543,10.032000000
4816,96.633628,9.920400000
4817,96.643095,9.244800000
4818,96.652440,9.129100000
4819,96.661987,9.343100000
4820,96.671559,9.367800000
4821,96.680385,8.650900000
4822,96.689169,8.599900000
4823,96.698193,8.756800000
4824,96.780409,13.110000000
4825,96.798032,17.036800000
4826,96.832207,16.062600000
4827,96.842781,10.313400000
4828,96.852778,9.783200000
4829,96.862160,9.259100000
4830,96.871690,9.237400000
4831,96.881042,9.221100000
4832,96.890342,9.092300000
4833,96.899133,8.609600000
4834,96.907676,8.288300000
4835,96.993319,11.363400000
4836,97.005183,11.461300000
4837,97.038651,11.507100000
4838,97.050342,11.366300000
4839,97.060880,10.318700000
4840,97.071540,10.394600000
4841,97.082302,10.516000000
4842,97.091950,9.440500000
4843,97.101061,8.863600000
4844,97.110595,9.312000000
4845,97.199379,13.519500000
4846,97.213013,13.217900000
4847,97.247445,13.129000000
4848,97.259313,11.553700000
4849,97.270209,10.654900000
4850,97.280897,10.414800000
4851,97.291394,10.205100000
4852,97.301665,9.989900000
4853,97.311924,9.952600000
4854,97.322389,10.300900000
4855,97.332904,10.381700000
4856,97.416352,12.453100000
4857,97.457849,10.665800000
4858,97.468201,10.079800000
4859,97.478264,9.754400000
4860,97.487994,9.558200000
4861,97.497097,8.868300000
4862,97.506528,9.236400000
4863,97.516634,9.886800000
4864,97.527092,10.264900000
4865,97.537684,10.363700000
4866,97.629820,11.353900000
4867,97.641576,11.421000000
4868,97.673720,11.920600000
4869,97.684275,10.284100000
4870,97.694286,9.780700000
4871,97.703727,9.268700000
4872,97.712651,8.704800000
4873,97.721671,8.829100000
4874,97.731265,9.407900000
4875,97.740248,8.783300000
4876,97.749045,8.541300000
4877,97.831491,12.687300000
4878,97.884661,15.040800000
4879,97.895449,10.422700000
4880,97.905985,10.239900000
4881,97.916188,9.932500000
4882,97.926255,9.765700000
4883,97.935721,9.230400000
4884,97.944824,8.914900000
4885,97.953660,8.548700000
4886,97.962655,8.804400000
4887,98.041750,10.887100000
4888,98.055275,13.193800000
4889,98.086663,10.717500000
4890,98.098020,11.135600000
4891,98.109336,11.004600000
4892,98.121215,11.604400000
4893,98.131324,9.828900000
4894,98.141713,10.150000000
4895,98.153096,11.070800000
4896,98.163892,10.535100000
4897,98.174618,10.463900000
4898,98.255751,10.902300000
4899,98.267626,11.532900000
4900,98.299575,11.221900000
4901,98.309477,9.633300000
4902,98.318942,9.261100000
4903,98.328306,9.170900000
4904,98.337199,8.687500000
4905,98.346423,9.041800000
4906,98.356236,9.631200000
4907,98.365109,8.629000000
4908,98.449558,12.844200000
4909,98.462568,12.668400000
4910,98.499053,14.072200000
4911,98.511436,11.988100000
4912,98.522765,11.040600000
4913,98.534456,11.340600000
4914,98.546383,11.639500000
4915,98.558018,11.366800000
4916,98.570191,11.838400000
4917,98.580672,10.175700000
4918,98.672306,11.519900000
4919,98.684346,11.636100000
4920,98.716297,10.785400000
4921,98.727572,10.906600000
4922,98.737667,9.874500000
4923,98.747974,10.075700000
4924,98.758655,10.453000000
4925,98.769333,10.452100000
4926,98.778744,9.199200000
4927,98.788007,9.031500000
4928,98.797446,9.224500000
