Sample,Elapsed_s,Computation_ms
1,0.319166,16.038100000
2,0.334051,14.489100000
3,0.346049,11.690400000
4,0.357787,11.469400000
5,0.369632,11.623800000
6,0.380680,10.757400000
7,0.391871,10.854900000
8,0.402315,10.099700000
9,0.412727,10.160400000
10,0.427060,14.002900000
11,0.557117,12.469600000
12,0.575016,17.499500000
13,0.599836,15.521500000
14,0.613524,13.304900000
15,0.625342,11.601100000
16,0.636059,10.602400000
17,0.646099,9.846200000
18,0.656237,9.897800000
19,0.665559,9.128900000
20,0.674919,9.162700000
21,0.684000,8.887000000
22,0.693610,9.416300000
23,0.774525,11.860200000
24,0.787505,12.634200000
25,0.802705,14.878200000
26,0.818716,12.625100000
27,0.830738,11.786200000
28,0.841788,10.815400000
29,0.852331,10.305000000
30,0.861990,9.410600000
31,0.871774,9.588800000
32,0.881800,9.832000000
33,0.891529,9.486000000
34,0.974910,13.095500000
35,1.016056,13.520300000
36,1.028928,12.575900000
37,1.040156,10.930900000
38,1.051365,10.955800000
39,1.061386,9.761300000
40,1.071851,10.230500000
41,1.081155,9.064900000
42,1.090099,8.754600000
43,1.098922,8.630200000
44,1.190082,12.837300000
45,1.202989,12.557400000
46,1.228131,11.975700000
47,1.239871,11.332500000
48,1.250491,10.368500000
49,1.260696,9.986300000
50,1.271085,10.117800000
51,1.281763,10.432600000
52,1.291734,9.739900000
53,1.300852,8.864900000
54,1.309993,8.954500000
55,1.388922,11.924300000
56,1.401166,11.729500000
57,1.426855,12.909500000
58,1.439299,11.948300000
59,1.450324,10.773800000
60,1.460711,10.116300000
61,1.470466,9.476700000
62,1.480133,9.464200000
63,1.489292,8.983200000
64,1.498102,8.545700000
65,1.578265,12.575800000
66,1.614188,14.105000000
67,1.626119,11.526000000
68,1.638176,11.762200000
69,1.653568,15.040100000
70,1.665587,11.671600000
71,1.676692,10.777300000
72,1.687176,10.173500000
73,1.697682,10.247300000
74,1.786812,12.416400000
75,1.805010,17.813400000
76,1.828611,12.678200000
77,1.842018,13.032800000
78,1.853942,11.654500000
79,1.865242,11.010400000
80,1.876245,10.739900000
81,1.887736,11.231700000
82,1.898059,10.024600000
83,1.908587,10.268800000
84,1.918064,9.245600000
85,1.997478,12.202400000
86,2.009810,11.937800000
87,2.030017,12.153000000
88,2.041336,11.007100000
89,2.052021,10.466300000
90,2.063064,10.734200000
91,2.073957,10.560000000
92,2.084798,10.537900000
93,2.094389,9.385500000
94,2.104049,9.442000000
95,2.198799,11.393200000
96,2.229393,11.578200000
97,2.241265,11.637100000
98,2.252009,10.532800000
99,2.261985,9.732800000
100,2.271688,9.485200000
101,2.282004,10.028400000
102,2.291561,9.307500000
103,2.301770,9.986900000
104,2.311243,9.277200000
105,2.401559,12.300300000
106,2.415189,13.212800000
107,2.441534,13.125400000
108,2.452799,10.915300000
109,2.463300,10.254900000
110,2.473266,9.690700000
111,2.482840,9.222700000
112,2.492205,9.141900000
113,2.501366,8.933400000
114,2.511233,9.541500000
115,2.591156,11.941300000
116,2.603717,12.187600000
117,2.631418,11.671000000
118,2.644145,12.497600000
119,2.655871,11.012700000
120,2.666296,10.079200000
121,2.679586,13.047600000
122,2.690181,10.372500000
123,2.701196,10.718900000
124,2.712414,10.930500000
125,2.797897,14.014600000
126,2.839303,14.069900000
127,2.851742,12.044300000
128,2.866107,14.109400000
129,2.880014,13.571400000
130,2.892589,12.316200000
131,2.905616,12.792300000
132,2.932439,26.567500000
133,2.942927,10.287200000
134,2.952535,9.370800000
135,3.032051,12.587700000
136,3.045044,12.604600000
137,3.075048,13.122900000
138,3.086098,10.705300000
139,3.096019,9.678500000
140,3.105671,9.464400000
141,3.115471,9.617700000
142,3.125435,9.786700000
143,3.134636,8.987800000
144,3.143969,9.126500000
145,3.152673,8.518300000
146,3.161758,8.835700000
147,3.249904,12.776600000
148,3.261688,11.394900000
149,3.291043,12.508100000
150,3.303226,11.859600000
151,3.313480,10.040300000
152,3.323013,9.364100000
153,3.332726,9.550300000
154,3.341980,9.162200000
155,3.350906,8.727600000
156,3.359687,8.613800000
157,3.368865,8.972700000
158,3.465441,11.086500000
159,3.478786,12.998900000
160,3.492907,11.235600000
161,3.506893,13.723900000
162,3.518944,11.707500000
163,3.529767,10.580000000
164,3.540765,10.706700000
165,3.550743,9.769800000
166,3.560228,9.347100000
167,3.570294,9.814100000
168,3.579713,9.163100000
169,3.658231,12.455000000
170,3.671470,12.902400000
171,3.701376,12.103800000
172,3.713318,11.687300000
173,3.723808,10.213100000
174,3.733402,9.325400000
175,3.742743,9.153200000
176,3.752015,9.071300000
177,3.760778,8.551300000
178,3.836354,11.530800000
179,3.849422,12.715600000
180,3.863987,12.323600000
181,3.880035,12.443500000
182,3.890768,10.488800000
183,3.900763,9.857200000
184,3.910208,9.273800000
185,3.920172,9.660000000
186,3.929367,8.912100000
187,4.012333,14.589000000
188,4.025154,11.756800000
189,4.050221,12.562600000
190,4.061377,10.872200000
191,4.072341,10.722000000
192,4.082335,9.772700000
193,4.092763,10.214100000
194,4.103054,10.063500000
195,4.113653,10.320400000
196,4.200518,11.656900000
197,4.213294,12.409400000
198,4.242165,13.482700000
199,4.256152,13.578000000
200,4.269651,13.188200000
201,4.283983,14.021500000
202,4.298190,13.850100000
203,4.312620,14.116500000
204,4.324813,11.942100000
205,4.418672,13.205400000
206,4.460593,11.509100000
207,4.471892,10.939400000
208,4.481881,9.684200000
209,4.491407,9.356300000
210,4.500833,9.188200000
211,4.510050,9.080400000
212,4.519839,9.505200000
213,4.529801,9.680600000
214,4.540095,10.078500000
215,4.548873,8.525600000
216,4.633455,13.745700000
217,4.646354,12.530700000
218,4.661201,14.508000000
219,4.674353,12.828100000
220,4.686931,12.280300000
221,4.697778,10.669700000
222,4.708773,10.643200000
223,4.718960,9.866200000
224,4.728603,9.308300000
225,4.738569,9.626600000
226,4.747743,8.914700000
227,4.825731,12.096900000
228,4.874551,15.505200000
229,4.886189,11.247900000
230,4.897736,11.247800000
231,4.908584,10.569700000
232,4.919389,10.514100000
233,4.930165,10.513900000
234,4.940546,10.104800000
235,4.950657,9.863800000
236,4.960119,9.206900000
237,5.037227,11.290500000
238,5.049829,12.259400000
239,5.079804,12.556900000
240,5.092651,12.531900000
241,5.103835,10.946000000
242,5.114403,10.457200000
243,5.124928,10.238700000
244,5.135317,10.196500000
245,5.146612,10.991200000
246,5.155781,8.910200000
247,5.234194,13.260800000
248,5.247009,12.451500000
249,5.272532,11.800900000
250,5.284281,11.466600000
251,5.294901,10.320800000
252,5.304604,9.519300000
253,5.313814,9.004700000
254,5.323517,9.524200000
255,5.333892,10.183800000
256,5.343186,9.055100000
257,5.435727,12.111800000
258,5.478831,13.923500000
259,5.491644,12.459100000
260,5.505697,13.655100000
261,5.517015,11.000600000
262,5.535918,18.591400000
263,5.547205,10.958600000
264,5.558063,10.580600000
265,5.568906,10.600900000
266,5.578712,9.593200000
267,5.655394,12.037400000
268,5.685357,13.752600000
269,5.699465,11.997700000
270,5.710943,11.168800000
271,5.721527,10.344400000
272,5.731215,9.457100000
273,5.740256,8.934400000
274,5.750166,9.630600000
275,5.759773,9.418100000
276,5.769451,9.489600000
277,5.779406,9.761500000
278,5.857354,11.408600000
279,5.871409,13.745900000
280,5.887053,15.331900000
281,5.899655,12.313400000
282,5.911578,11.639600000
283,5.922725,10.879800000
284,5.933673,10.614200000
285,5.943652,9.778200000
286,5.953439,9.693200000
287,5.963354,9.615400000
288,6.039380,11.687700000
289,6.057745,13.789400000
290,6.073296,15.258500000
291,6.084903,11.316500000
292,6.095703,10.520900000
293,6.106017,10.130300000
294,6.116753,10.440300000
295,6.127724,10.683300000
296,6.137864,10.043600000
297,6.218920,12.271800000
298,6.261777,12.103700000
299,6.273027,10.944200000
300,6.284353,10.985300000
301,6.294714,10.135500000
302,6.304952,10.141900000
303,6.315530,10.271800000
304,6.325710,9.960500000
305,6.336151,10.216000000
306,6.413525,12.997300000
307,6.453852,11.839700000
308,6.464839,10.667800000
309,6.475136,10.044200000
310,6.485226,9.898200000
311,6.494882,9.415900000
312,6.504744,9.668400000
313,6.514944,10.009800000
314,6.524698,9.521400000
315,6.534669,9.735300000
316,6.628008,16.451500000
317,6.666413,15.579900000
318,6.677697,10.981100000
319,6.688417,10.475300000
320,6.698277,9.693500000
321,6.708161,9.675500000
322,6.717971,9.577100000
323,6.728186,9.991300000
324,6.738355,9.911300000
325,6.747715,9.131800000
326,6.830221,13.977600000
327,6.871696,13.670000000
328,6.883298,11.285800000
329,6.894884,11.339500000
330,6.905362,10.302200000
331,6.916011,10.403800000
332,6.926729,10.468500000
333,6.937151,10.189200000
334,6.947093,9.844100000
335,6.957425,9.999700000
336,6.967740,10.103400000
337,7.046789,12.321200000
338,7.089052,12.858500000
339,7.100657,11.242500000
340,7.111424,10.554100000
341,7.121767,10.242400000
342,7.133021,10.995400000
343,7.143235,9.970500000
344,7.154545,11.062900000
345,7.164699,9.945300000
346,7.175107,10.200400000
347,7.184937,9.549900000
348,7.262003,12.764200000
349,7.275345,13.011100000
350,7.293019,17.375300000
351,7.308160,14.684800000
352,7.320975,12.527100000
353,7.332991,11.725500000
354,7.344616,11.464700000
355,7.356574,11.633200000
356,7.368823,11.962700000
357,7.380432,11.329500000
358,7.467482,17.351700000
359,7.507592,13.055400000
360,7.520361,12.450500000
361,7.532858,12.216000000
362,7.544113,10.940300000
363,7.555462,11.042300000
364,7.567050,11.344900000
365,7.578701,11.395000000
366,7.589084,10.130100000
367,7.599893,10.546600000
368,7.697315,13.916700000
369,7.712887,15.025500000
370,7.738791,12.202100000
371,7.749984,10.840700000
372,7.760406,10.159200000
373,7.770327,9.671100000
374,7.779647,9.061000000
375,7.789036,9.129500000
376,7.798201,9.042600000
377,7.807786,9.275600000
378,7.816678,8.653700000
379,7.825993,9.102800000
380,7.907282,12.829600000
381,7.921427,13.722300000
382,7.933380,11.623300000
383,7.948637,14.003000000
384,7.961179,12.193200000
385,7.972399,10.911600000
386,7.982400,9.732200000
387,7.992173,9.600700000
388,8.001573,9.194100000
389,8.010425,8.626900000
390,8.019421,8.733900000
391,8.099332,13.038500000
392,8.112817,13.092300000
393,8.143644,12.104800000
394,8.155514,11.614400000
395,8.166397,10.661100000
396,8.176441,9.867000000
397,8.186860,10.180900000
398,8.196332,9.342000000
399,8.206033,9.455200000
400,8.294114,12.547000000
401,8.339680,15.544900000
402,8.350816,10.796200000
403,8.362001,10.882300000
404,8.373104,10.865800000
405,8.384307,10.959600000
406,8.394363,9.798700000
407,8.404090,9.531400000
408,8.413984,9.627300000
409,8.423341,9.129900000
410,8.505570,12.036500000
411,8.560589,22.037500000
412,8.575744,14.640800000
413,8.590257,14.105600000
414,8.612519,21.923700000
415,8.633908,20.996100000
416,8.651520,17.133600000
417,8.674568,22.689400000
418,8.703909,28.951300000
419,8.728625,24.250600000
420,8.749033,20.142700000
421,8.870465,12.686400000
422,8.884261,13.349700000
423,8.897818,13.092900000
424,8.914093,13.386800000
425,8.925528,11.178000000
426,8.937196,11.439600000
427,8.948911,11.489100000
428,8.961090,12.022400000
429,8.971949,10.491100000
430,8.982552,10.404900000
431,8.993397,10.662600000
432,9.004237,10.583000000
433,9.015157,10.663400000
434,9.024807,9.380800000
435,9.034806,9.776600000
436,9.043871,8.841900000
437,9.128602,13.228900000
438,9.141375,12.427000000
439,9.174948,12.155400000
440,9.185513,10.273300000
441,9.196118,10.342800000
442,9.206971,10.598800000
443,9.217952,10.698800000
444,9.229023,10.827900000
445,9.238695,9.395100000
446,9.247920,8.996800000
447,9.257117,8.959700000
448,9.266212,8.883700000
449,9.275489,9.063500000
450,9.352440,11.094600000
451,9.397900,11.224500000
452,9.408401,10.103000000
453,9.418336,9.665400000
454,9.427674,9.110300000
455,9.436946,9.060500000
456,9.446313,9.133100000
457,9.455135,8.591300000
458,9.464204,8.859500000
459,9.473066,8.618800000
460,9.481959,8.680400000
461,9.560788,11.549000000
462,9.573389,12.228200000
463,9.589688,11.204400000
464,9.603863,13.846300000
465,9.614327,10.184500000
466,9.624147,9.653000000
467,9.633686,9.305300000
468,9.643651,9.728300000
469,9.652852,8.952200000
470,9.661651,8.602500000
471,9.670577,8.695700000
472,9.762688,12.447100000
473,9.773974,10.962700000
474,9.788422,12.061500000
475,9.806310,11.339200000
476,9.817897,11.344200000
477,9.829379,11.246200000
478,9.839664,10.015200000
479,9.849054,9.175400000
480,9.858195,8.842600000
481,9.867280,8.877300000
482,9.945715,12.576700000
483,9.964079,17.930100000
484,9.992905,13.503800000
485,10.005949,12.766200000
486,10.017489,11.221600000
487,10.028977,11.198400000
488,10.040502,11.229300000
489,10.051821,10.989400000
490,10.062247,10.115100000
491,10.146454,11.597800000
492,10.163402,16.528000000
493,10.192583,11.803100000
494,10.204192,11.320600000
495,10.214496,10.081200000
496,10.224102,9.501300000
497,10.234261,9.864800000
498,10.243570,9.082300000
499,10.252374,8.606100000
500,10.261887,9.242600000
501,10.340887,11.298700000
502,10.352911,11.628600000
503,10.368148,11.217000000
504,10.382315,13.845700000
505,10.393222,10.630600000
506,10.404535,11.048600000
507,10.415194,10.416600000
508,10.427927,12.455700000
509,10.437410,9.309700000
510,10.447208,9.474300000
511,10.542553,15.506300000
512,10.588547,13.033100000
513,10.600358,11.415000000
514,10.611316,10.492500000
515,10.622196,10.463000000
516,10.633555,10.982100000
517,10.644714,10.826700000
518,10.655341,10.278300000
519,10.666020,10.339800000
520,10.676750,10.477600000
521,10.772795,14.139900000
522,10.788650,15.392900000
523,10.806988,17.986100000
524,10.820514,13.052200000
525,10.833654,12.751500000
526,10.845614,11.652100000
527,10.856510,10.627900000
528,10.867424,10.656500000
529,10.877986,10.315400000
530,10.888827,10.497800000
531,10.899695,10.593800000
532,11.010275,15.956200000
533,11.054486,12.936700000
534,11.070530,15.520700000
535,11.082764,11.810500000
536,11.094696,11.618700000
537,11.106993,11.993100000
538,11.119934,12.606400000
539,11.132710,12.457200000
540,11.145299,12.235200000
541,11.156382,10.779600000
542,11.166686,10.158200000
543,11.177997,11.043300000
544,11.265502,12.341400000
545,11.310178,12.051200000
546,11.321092,10.577100000
547,11.331968,10.595500000
548,11.342591,10.466300000
549,11.352343,9.549100000
550,11.362169,9.629100000
551,11.372415,10.007300000
552,11.382775,10.118400000
553,11.392058,9.012100000
554,11.401031,8.752300000
555,11.410132,8.884500000
556,11.419907,9.522500000
557,11.500418,10.588700000
558,11.512102,11.319600000
559,11.546181,10.675900000
560,11.556785,10.298300000
561,11.566410,9.387100000
562,11.576343,9.684700000
563,11.585454,8.888200000
564,11.594141,8.483600000
565,11.602509,8.124500000
566,11.610796,8.074400000
567,11.619626,8.594100000
568,11.628102,8.251800000
569,11.708805,11.231800000
570,11.720820,11.653400000
571,11.754988,11.945000000
572,11.765258,9.932700000
573,11.774982,9.488400000
574,11.784089,8.890600000
575,11.793728,9.284700000
576,11.802650,8.701600000
577,11.811447,8.610900000
578,11.819750,8.068000000
579,11.899347,10.697600000
580,11.911706,11.861400000
581,11.944816,10.737400000
582,11.954823,9.756500000
583,11.965010,9.965200000
584,11.974697,9.484900000
585,11.983454,8.528300000
586,11.992014,8.355400000
587,12.000545,8.326200000
588,12.009464,8.709200000
589,12.100480,13.131800000
590,12.141189,11.835100000
591,12.151426,9.885600000
592,12.161636,9.973300000
593,12.171024,9.171400000
594,12.180152,8.920700000
595,12.189056,8.721700000
596,12.197264,7.976800000
597,12.205866,8.395800000
598,12.214733,8.648500000
599,12.293917,10.136600000
600,12.304933,10.678700000
601,12.336683,11.461600000
602,12.347006,10.022100000
603,12.357145,9.927800000
604,12.366552,9.188800000
605,12.375749,8.988200000
606,12.384696,8.739200000
607,12.393320,8.413300000
608,12.401795,8.272700000
609,12.484026,12.582500000
610,12.527230,11.380700000
611,12.538575,11.036900000
612,12.549176,10.319200000
613,12.559823,10.369200000
614,12.570510,10.369500000
615,12.581484,10.651600000
616,12.592252,10.554800000
617,12.602918,10.414400000
618,12.696301,11.082500000
619,12.708218,11.581300000
620,12.724128,10.188900000
621,12.737227,12.832400000
622,12.748578,11.128900000
623,12.759910,11.089800000
624,12.771467,11.288600000
625,12.782341,10.666400000
626,12.792439,9.867100000
627,12.801564,8.906900000
628,12.810556,8.792800000
629,12.892387,11.977800000
630,12.904376,11.655500000
631,12.932230,10.736600000
632,12.942204,9.688200000
633,12.951752,9.366900000
634,12.960435,8.494400000
635,12.968874,8.160500000
636,12.977327,8.174000000
637,12.985915,8.312500000
638,13.071889,14.225200000
639,13.108806,12.068400000
640,13.119110,9.989200000
641,13.128742,9.279400000
642,13.138077,9.140800000
643,13.147194,8.896000000
644,13.156239,8.759500000
645,13.164624,8.178500000
646,13.173510,8.663200000
647,13.282942,13.969800000
648,13.296609,13.243300000
649,13.327149,12.490400000
650,13.337186,9.732000000
651,13.346364,8.967400000
652,13.356009,9.444700000
653,13.364794,8.591200000
654,13.373448,8.554200000
655,13.381947,8.363400000
656,13.389883,7.779100000
657,13.398047,7.951500000
658,13.478851,11.690300000
659,13.530605,15.724100000
660,13.540785,9.848700000
661,13.550473,9.340100000
662,13.560066,9.450000000
663,13.568970,8.693000000
664,13.577598,8.526000000
665,13.586764,8.885200000
666,13.595581,8.590700000
667,13.604334,8.500700000
668,13.683840,10.513500000
669,13.727520,11.264300000
670,13.737350,9.530600000
671,13.746839,9.279500000
672,13.756042,8.992900000
673,13.765790,9.582300000
674,13.774991,8.993800000
675,13.784476,9.264500000
676,13.793918,9.220600000
677,13.802720,8.574600000
678,13.894360,15.159500000
679,13.933185,12.014300000
680,13.942974,9.490900000
681,13.952971,9.816700000
682,13.963284,10.012000000
683,13.972603,9.043800000
684,13.981373,8.582500000
685,13.989756,8.179800000
686,13.998021,8.063800000
687,14.006414,8.178300000
688,14.084783,9.940000000
689,14.095801,10.633800000
690,14.132948,10.965100000
691,14.143969,10.735100000
692,14.153879,9.664100000
693,14.162866,8.874100000
694,14.172470,9.381800000
695,14.181537,8.760300000
696,14.190223,8.465000000
697,14.199520,9.081500000
698,14.293526,11.681100000
699,14.305792,11.819400000
700,14.340874,15.235700000
701,14.351818,10.667200000
702,14.361780,9.644200000
703,14.370815,8.870400000
704,14.382176,11.198400000
705,14.390987,8.691500000
706,14.399703,8.510300000
707,14.410299,10.369000000
708,14.497669,16.327900000
709,14.540221,14.469200000
710,14.564463,23.952900000
711,14.573458,8.728200000
712,14.584416,10.687600000
713,14.594868,10.223700000
714,14.604116,9.009300000
715,14.612860,8.486600000
716,14.622104,9.049000000
717,14.630696,8.364100000
718,14.711711,11.545900000
719,14.724061,11.971100000
720,14.756830,10.027900000
721,14.767384,10.336600000
722,14.778048,10.483600000
723,14.788620,10.359800000
724,14.797929,9.159800000
725,14.807058,8.930600000
726,14.815375,8.115000000
727,14.824087,8.499100000
728,14.832797,8.514800000
729,14.911070,11.423700000
730,14.953017,10.914200000
731,14.963652,10.301200000
732,14.974150,10.294700000
733,14.984027,9.525000000
734,14.992961,8.793800000
735,15.001726,8.603100000
736,15.009875,7.962400000
737,15.017973,7.894100000
738,15.026358,8.179200000
739,15.108047,10.979800000
740,15.150486,11.649400000
741,15.162170,11.325200000
742,15.172802,10.304300000
743,15.182919,9.923000000
744,15.191962,8.928400000
745,15.200627,8.425300000
746,15.209570,8.739100000
747,15.218279,8.480400000
748,15.226486,8.000600000
749,15.322706,11.782000000
750,15.334751,11.520800000
751,15.371845,13.854200000
752,15.381694,9.584800000
753,15.391364,9.452400000
754,15.400485,8.848600000
755,15.409029,8.357400000
756,15.417994,8.755400000
757,15.426652,8.472500000
758,15.434780,7.917000000
759,15.443193,8.210700000
760,15.523975,10.435100000
761,15.535667,11.306500000
762,15.566441,11.110000000
763,15.576929,10.165200000
764,15.586404,9.291700000
765,15.596057,9.381200000
766,15.605965,9.761300000
767,15.616449,10.313700000
768,15.627634,10.898900000
769,15.637794,9.903100000
770,15.724434,10.696000000
771,15.736347,11.533100000
772,15.770023,11.172800000
773,15.780390,10.081200000
774,15.790656,10.099200000
775,15.801049,10.053600000
776,15.811461,10.182400000
777,15.821502,9.751600000
778,15.831370,9.747200000
779,15.841547,9.814200000
780,15.924499,10.176800000
781,15.935267,10.372900000
782,15.973710,13.450700000
783,15.983423,9.450100000
784,15.992857,9.284700000
785,16.002801,9.636100000
786,16.012570,9.572100000
787,16.022462,9.701300000
788,16.032220,9.608000000
789,16.042072,9.541800000
790,16.128587,11.860400000
791,16.170823,10.153300000
792,16.181726,10.582600000
793,16.192459,10.527600000
794,16.202159,9.476100000
795,16.212062,9.684700000
796,16.220880,8.672000000
797,16.229652,8.511600000
798,16.239616,9.746300000
799,16.248668,8.861100000
800,16.347179,11.571300000
801,16.359143,11.618100000
802,16.391326,10.824800000
803,16.402337,10.723900000
804,16.412206,9.645400000
805,16.421289,8.974400000
806,16.430657,9.130100000
807,16.439506,8.671000000
808,16.447719,8.005100000
809,16.456613,8.674600000
810,16.466210,9.376300000
811,16.547748,11.012200000
812,16.559953,11.800500000
813,16.598442,12.592700000
814,16.609397,10.581800000
815,16.619643,9.981600000
816,16.629745,9.947000000
817,16.640314,10.299200000
818,16.651784,11.073900000
819,16.663612,11.497100000
820,16.674842,10.910300000
821,16.762646,10.534300000
822,16.773452,10.450000000
823,16.804817,10.579700000
824,16.814446,9.376100000
825,16.824333,9.741300000
826,16.833433,8.962900000
827,16.842307,8.650300000
828,16.851153,8.642100000
829,16.859471,8.139800000
830,16.867886,8.242000000
831,16.876952,8.882200000
832,16.955811,11.109800000
833,16.967261,10.973800000
834,17.003968,11.506100000
835,17.013940,9.617600000
836,17.023952,9.745700000
837,17.033029,8.850400000
838,17.042556,9.290400000
839,17.052605,9.847300000
840,17.061698,8.834100000
841,17.070635,8.714400000
842,17.160400,17.067800000
843,17.198549,11.689700000
844,17.208970,10.106100000
845,17.218504,9.233900000
846,17.227393,8.702500000
847,17.236810,9.230600000
848,17.245596,8.660300000
849,17.254357,8.561700000
850,17.262606,8.056600000
851,17.270891,8.054400000
852,17.367211,10.285200000
853,17.378381,10.741400000
854,17.418100,13.773400000
855,17.427913,9.492800000
856,17.437359,9.239400000
857,17.446757,9.210600000
858,17.455411,8.549500000
859,17.464465,8.954400000
860,17.473361,8.619700000
861,17.482356,8.775400000
862,17.561565,10.405200000
863,17.573011,10.930800000
864,17.608923,12.037900000
865,17.619063,9.782700000
866,17.628724,9.440500000
867,17.638376,9.467100000
868,17.647038,8.416100000
869,17.656004,8.805800000
870,17.664876,8.703400000
871,17.673857,8.793700000
872,17.753780,10.178700000
873,17.764880,10.750800000
874,17.799595,10.860100000
875,17.809439,9.545800000
876,17.818596,8.899100000
877,17.828033,9.148200000
878,17.836820,8.579900000
879,17.845333,8.326300000
880,17.853504,7.976500000
881,17.861538,7.850500000
882,17.940273,10.120900000
883,17.957454,16.729800000
884,17.984760,11.518900000
885,17.996236,11.184200000
886,18.006360,9.856500000
887,18.015669,9.113900000
888,18.024387,8.477800000
889,18.032617,8.025700000
890,18.041039,8.236000000
891,18.129441,12.472600000
892,18.144681,14.798400000
893,18.184430,19.251200000
894,18.197849,13.072400000
895,18.210009,11.848500000
896,18.220155,10.013600000
897,18.230171,9.749000000
898,18.239502,9.106800000
899,18.249235,9.507400000
900,18.337022,10.670600000
901,18.347986,10.621300000
902,18.383572,15.911600000
903,18.394034,10.238000000
904,18.403459,9.274700000
905,18.412508,8.851200000
906,18.421330,8.637900000
907,18.430286,8.773800000
908,18.439297,8.781000000
909,18.448662,9.201700000
910,18.457368,8.565800000
911,18.561329,16.170200000
912,18.594068,11.681300000
913,18.607124,12.626600000
914,18.619867,12.378900000
915,18.632745,12.542400000
916,18.645657,12.641000000
917,18.659237,13.090300000
918,18.669818,10.355900000
919,18.680070,9.873100000
920,18.689832,9.501700000
921,18.699562,9.521200000
922,18.792722,14.147500000
923,18.807233,14.037500000
924,18.834086,12.824600000
925,18.847599,13.083200000
926,18.859843,11.967100000
927,18.872136,11.977800000
928,18.884155,11.670600000
929,18.895842,11.413300000
930,18.905880,9.681700000
931,18.915616,9.531100000
932,18.925201,9.442700000
933,19.013446,12.548100000
934,19.026080,12.169400000
935,19.052624,10.918900000
936,19.063708,10.131000000
937,19.075347,11.331100000
938,19.085563,9.878700000
939,19.096027,10.105800000
940,19.105807,9.570300000
941,19.115541,9.407600000
942,19.125848,9.925700000
943,19.136714,10.612500000
944,19.241063,13.405000000
945,19.280128,11.546400000
946,19.293102,12.638600000
947,19.304224,10.807800000
948,19.313979,9.461000000
949,19.323770,9.640900000
950,19.333960,9.994500000
951,19.343192,9.014000000
952,19.354154,10.773100000
953,19.362977,8.546000000
954,19.372054,8.841800000
955,19.382237,9.934500000
956,19.481580,10.992900000
957,19.493189,11.177400000
958,19.522770,11.531600000
959,19.534255,11.146100000
960,19.544506,9.971800000
961,19.554602,9.809600000
962,19.563871,9.009500000
963,19.572459,8.481300000
964,19.580954,8.102100000
965,19.589672,8.459400000
966,19.599145,9.193700000
967,19.608966,9.483400000
968,19.705809,11.309900000
969,19.717106,10.894000000
970,19.751979,10.336700000
971,19.762601,10.371100000
972,19.772258,9.290000000
973,19.781027,8.463500000
974,19.789395,8.156300000
975,19.797315,7.718100000
976,19.805372,7.881700000
977,19.813818,8.192500000
978,19.822950,8.933700000
979,19.901952,10.215200000
980,19.912737,10.421100000
981,19.940112,10.885600000
982,19.952353,11.917900000
983,19.961931,9.283200000
984,19.970831,8.780900000
985,19.979912,8.878500000
986,19.988270,8.147700000
987,19.996528,8.071200000
988,20.005143,8.393500000
989,20.084212,9.862200000
990,20.096317,11.611300000
991,20.133904,13.427400000
992,20.143881,9.670600000
993,20.153714,9.624800000
994,20.166372,12.452100000
995,20.176627,10.087500000
996,20.186317,9.464500000
997,20.198709,12.170100000
998,20.285632,15.567100000
999,20.331142,17.290400000
1000,20.355277,23.733200000
1001,20.364496,8.828600000
1002,20.372898,8.187400000
1003,20.380939,7.843200000
1004,20.389140,8.066600000
1005,20.397514,8.178800000
1006,20.405924,8.173200000
1007,20.413711,7.575700000
1008,20.495337,11.149900000
1009,20.507057,11.075700000
1010,20.535167,11.027500000
1011,20.546453,10.946300000
1012,20.556763,9.930600000
1013,20.566645,9.604700000
1014,20.575608,8.682600000
1015,20.584544,8.655900000
1016,20.593789,9.015000000
1017,20.602804,8.796800000
1018,20.612284,9.204300000
1019,20.713343,11.340200000
1020,20.724884,11.171000000
1021,20.756182,13.979500000
1022,20.767631,11.078600000
1023,20.778632,10.719900000
1024,20.788736,9.849500000
1025,20.798821,9.868400000
1026,20.809053,10.019200000
1027,20.818444,9.175500000
1028,20.826860,8.229000000
1029,20.910059,10.144400000
1030,20.920812,10.404100000
1031,20.947713,9.916200000
1032,20.957362,9.351200000
1033,20.966456,8.872500000
1034,20.975953,9.307000000
1035,20.984914,8.718800000
1036,20.993258,8.155000000
1037,21.002093,8.623600000
1038,21.010879,8.571900000
1039,21.090815,12.409000000
1040,21.102014,10.774600000
1041,21.133265,14.699900000
1042,21.143838,10.332600000
1043,21.153302,9.251100000
1044,21.162582,8.974600000
1045,21.170872,8.103200000
1046,21.179282,8.228300000
1047,21.187718,8.205300000
1048,21.291035,18.121800000
1049,21.329740,14.955700000
1050,21.344781,14.576600000
1051,21.356690,11.641700000
1052,21.368152,11.282500000
1053,21.379175,10.722300000
1054,21.389629,10.169500000
1055,21.399751,9.935000000
1056,21.410138,10.175000000
1057,21.421387,10.870700000
1058,21.509595,10.465100000
1059,21.525715,15.746200000
1060,21.555162,18.309400000
1061,21.565888,10.448500000
1062,21.575673,9.531900000
1063,21.585507,9.604600000
1064,21.594976,9.206600000
1065,21.604341,9.209800000
1066,21.613938,9.392800000
1067,21.623449,9.357000000
1068,21.633025,9.469600000
1069,21.731488,10.546200000
1070,21.742355,10.478800000
1071,21.768815,10.212600000
1072,21.778883,9.695600000
1073,21.789089,10.017300000
1074,21.799308,9.963800000
1075,21.808490,8.923400000
1076,21.817404,8.675600000
1077,21.826464,8.862300000
1078,21.835392,8.690000000
1079,21.845037,9.439100000
1080,21.932309,10.416400000
1081,21.943770,11.018800000
1082,21.976029,16.009800000
1083,21.986627,10.291000000
1084,21.996294,9.495300000
1085,22.005117,8.691700000
1086,22.013613,8.330000000
1087,22.022674,8.785300000
1088,22.031059,8.185100000
1089,22.039502,8.260100000
1090,22.125345,15.413400000
1091,22.136779,11.055700000
1092,22.163997,11.561900000
1093,22.176286,11.953600000
1094,22.187141,10.571500000
1095,22.198198,10.703800000
1096,22.209488,11.018200000
1097,22.221308,11.577700000
1098,22.232964,11.425600000
1099,22.244833,11.558900000
1100,22.332154,11.761400000
1101,22.343061,10.411200000
1102,22.368653,11.164500000
1103,22.379241,10.270700000
1104,22.389356,9.906600000
1105,22.398859,9.345100000
1106,22.407893,8.745900000
1107,22.417077,9.011300000
1108,22.425602,8.370300000
1109,22.434067,8.274700000
1110,22.517784,11.090500000
1111,22.556215,11.297800000
1112,22.566823,10.176900000
1113,22.576880,9.776500000
1114,22.586344,9.263500000
1115,22.595851,9.321900000
1116,22.605439,9.388200000
1117,22.614841,9.181600000
1118,22.624010,8.976100000
1119,22.633466,9.256400000
1120,22.723754,10.857900000
1121,22.735517,11.403700000
1122,22.763946,12.547200000
1123,22.774726,10.428900000
1124,22.784838,9.763200000
1125,22.794600,9.485100000
1126,22.803676,8.879300000
1127,22.813045,9.189100000
1128,22.822587,9.328200000
1129,22.831859,9.078500000
1130,22.912644,10.628100000
1131,22.923882,10.902300000
1132,22.949905,10.589000000
1133,22.961859,11.618800000
1134,22.972805,10.706200000
1135,22.983038,10.008000000
1136,22.992719,9.365300000
1137,23.002356,9.413400000
1138,23.011457,8.916600000
1139,23.090965,10.308300000
1140,23.103846,11.503600000
1141,23.137252,12.446200000
1142,23.148027,10.397300000
1143,23.158256,9.969000000
1144,23.167515,9.064100000
1145,23.176824,9.121400000
1146,23.186309,9.300400000
1147,23.195707,9.139500000
1148,23.277223,11.819200000
1149,23.290301,11.376700000
1150,23.320358,12.524800000
1151,23.331205,10.498700000
1152,23.340906,9.490600000
1153,23.350048,8.925900000
1154,23.359642,9.359800000
1155,23.369910,10.045200000
1156,23.380624,10.476300000
1157,23.391156,10.285800000
1158,23.475516,15.265500000
1159,23.509520,11.101700000
1160,23.520340,10.464900000
1161,23.530991,10.454600000
1162,23.540650,9.419100000
1163,23.549578,8.713100000
1164,23.558505,8.741000000
1165,23.567482,8.839800000
1166,23.576142,8.410800000
1167,23.660475,12.489100000
1168,23.674488,13.592900000
1169,23.691199,16.369200000
1170,23.706021,14.138300000
1171,23.716288,9.934300000
1172,23.726552,9.902200000
1173,23.737068,10.295500000
1174,23.746775,9.340900000
1175,23.755451,8.482200000
1176,23.764517,8.865300000
1177,23.854374,10.685700000
1178,23.865285,10.559700000
1179,23.894441,12.650800000
1180,23.905878,11.199800000
1181,23.916468,10.362500000
1182,23.925958,9.283700000
1183,23.934959,8.805800000
1184,23.943598,8.424300000
1185,23.952148,8.367800000
1186,23.961292,8.957900000
1187,24.042938,12.811600000
1188,24.054849,11.502400000
1189,24.083825,12.855700000
1190,24.096892,12.636400000
1191,24.107599,10.406400000
1192,24.118317,10.397700000
1193,24.128282,9.661200000
1194,24.138747,10.081300000
1195,24.149067,10.050700000
1196,24.236158,12.765300000
1197,24.265377,12.564800000
1198,24.281751,11.797100000
1199,24.294261,12.138600000
1200,24.306132,11.502600000
1201,24.316814,10.466700000
1202,24.326363,9.345100000
1203,24.336238,9.667000000
1204,24.350084,13.564100000
1205,24.361073,10.644200000
1206,24.450158,11.768800000
1207,24.463288,12.639900000
1208,24.486858,10.536300000
1209,24.497756,10.620600000
1210,24.507698,9.646900000
1211,24.516812,8.926400000
1212,24.526351,9.332000000
1213,24.535253,8.625600000
1214,24.544686,9.313400000
1215,24.553297,8.494700000
1216,24.633652,11.932800000
1217,24.650370,14.502000000
1218,24.681735,11.676900000
1219,24.693315,11.251400000
1220,24.703615,10.102500000
1221,24.714197,10.386200000
1222,24.724087,9.651800000
1223,24.734300,10.032300000
1224,24.743295,8.743400000
1225,24.822790,10.664200000
1226,24.834656,11.458900000
1227,24.867250,14.103800000
1228,24.877375,9.776500000
1229,24.886632,9.055900000
1230,24.896062,9.217800000
1231,24.905170,8.909200000
1232,24.914315,8.928100000
1233,24.923575,9.056300000
1234,24.934163,10.377000000
1235,25.027280,11.328200000
1236,25.039245,11.616600000
1237,25.075708,12.722600000
1238,25.086912,10.796200000
1239,25.097755,10.514100000
1240,25.107293,9.419000000
1241,25.116473,8.876500000
1242,25.125687,8.995100000
1243,25.134499,8.605600000
1244,25.143154,8.440000000
1245,25.224453,11.470000000
1246,25.263982,10.764300000
1247,25.274457,10.114400000
1248,25.285490,10.757700000
1249,25.296932,11.126000000
1250,25.308326,11.085200000
1251,25.318479,9.866400000
1252,25.327519,8.916300000
1253,25.336414,8.758400000
1254,25.345052,8.370700000
1255,25.425825,12.282200000
1256,25.437123,10.929000000
1257,25.466412,14.006200000
1258,25.478026,11.335100000
1259,25.489499,11.229900000
1260,25.499947,10.139000000
1261,25.509706,9.543400000
1262,25.518843,8.852600000
1263,25.528284,9.222000000
1264,25.537443,8.909500000
1265,25.629033,12.706200000
1266,25.641614,12.201700000
1267,25.673682,13.897900000
1268,25.685394,11.334000000
1269,25.696070,10.405100000
1270,25.706570,10.219400000
1271,25.716268,9.393500000
1272,25.726217,9.724200000
1273,25.735312,8.863200000
1274,25.744866,9.368500000
1275,25.823209,11.446000000
1276,25.835021,11.467000000
1277,25.854870,11.812500000
1278,25.869666,14.509900000
1279,25.880818,10.821500000
1280,25.890990,9.903600000
1281,25.900154,8.955000000
1282,25.909317,8.970300000
1283,25.918604,9.096200000
1284,25.939494,20.658000000
1285,26.025874,14.321900000
1286,26.064897,13.884300000
1287,26.078083,12.893700000
1288,26.090784,12.416400000
1289,26.103100,12.059000000
1290,26.115256,11.931100000
1291,26.127693,12.158400000
1292,26.139311,11.374800000
1293,26.150421,10.870700000
1294,26.162341,11.682000000
1295,26.263813,15.380100000
1296,26.308479,17.699600000
1297,26.321394,12.535300000
1298,26.333661,11.939800000
1299,26.345628,11.758800000
1300,26.357410,11.557600000
1301,26.368970,11.330000000
1302,26.380352,11.143400000
1303,26.392401,11.821200000
1304,26.403790,11.145800000
1305,26.414883,10.887700000
1306,26.426068,10.978900000
1307,26.514577,15.684000000
1308,26.532955,17.945400000
1309,26.567545,20.457400000
1310,26.582883,15.040700000
1311,26.597220,14.064900000
1312,26.612569,15.077400000
1313,26.631726,18.842300000
1314,26.649062,16.936100000
1315,26.665765,16.295400000
1316,26.679810,13.600600000
1317,26.693733,13.616500000
1318,26.707848,13.949500000
1319,26.802899,17.854500000
1320,26.848682,17.054500000
1321,26.863580,14.522900000
1322,26.876292,12.379600000
1323,26.888996,12.472000000
1324,26.901821,12.511700000
1325,26.914017,11.866300000
1326,26.926024,11.730400000
1327,26.938096,11.814800000
1328,26.950194,11.965300000
1329,26.963978,13.485100000
1330,26.978828,14.640700000
1331,26.992380,13.192900000
1332,27.005741,13.111200000
1333,27.018893,12.947500000
1334,27.112777,16.098900000
1335,27.165100,17.840700000
1336,27.182673,17.165400000
1337,27.199783,16.872900000
1338,27.216658,16.502900000
1339,27.231003,14.148200000
1340,27.243526,12.190600000
1341,27.256085,12.271200000
1342,27.268670,12.316100000
1343,27.280566,11.635800000
1344,27.292757,11.986900000
1345,27.303813,10.843900000
1346,27.315598,11.510800000
1347,27.327887,12.065100000
1348,27.340408,12.271000000
1349,27.445680,15.470800000
1350,27.462342,16.225600000
1351,27.496891,16.766000000
1352,27.510865,13.637600000
1353,27.523743,12.609000000
1354,27.540147,16.164800000
1355,27.565302,24.933200000
1356,27.574442,8.842500000
1357,27.583631,8.944000000
1358,27.592674,8.817500000
1359,27.601203,8.305700000
1360,27.609574,8.061000000
1361,27.617989,8.133600000
1362,27.626704,8.449700000
1363,27.634839,7.916700000
1364,27.643705,8.606000000
1365,27.652588,8.683300000
1366,27.737176,11.925600000
1367,27.749497,11.963400000
1368,27.786753,13.167300000
1369,27.799102,11.859500000
1370,27.811535,12.060900000
1371,27.823166,11.356300000
1372,27.834806,11.395400000
1373,27.846726,11.700300000
1374,27.859360,12.415400000
1375,27.871977,12.394500000
1376,27.883968,11.626800000
1377,27.897624,13.372700000
1378,27.909093,11.168400000
1379,27.923391,13.950800000
1380,27.935208,11.479200000
1381,28.022322,11.541600000
1382,28.034464,11.499200000
1383,28.066428,11.006300000
1384,28.077552,10.896300000
1385,28.087887,10.185600000
1386,28.098239,10.064600000
1387,28.108064,9.718300000
1388,28.118063,9.813700000
1389,28.128792,10.398000000
1390,28.139279,10.245100000
1391,28.149880,10.288400000
1392,28.160210,10.088800000
1393,28.170896,10.350600000
1394,28.181381,10.266400000
1395,28.266234,10.192500000
1396,28.277486,10.920700000
1397,28.311143,11.100400000
1398,28.320949,9.519500000
1399,28.330274,9.144600000
1400,28.339026,8.552700000
1401,28.347841,8.598500000
1402,28.356473,8.393000000
1403,28.364661,7.949700000
1404,28.373378,8.546500000
1405,28.381596,7.969500000
1406,28.390214,8.396200000
1407,28.480134,10.168400000
1408,28.493106,12.658800000
1409,28.515785,11.753000000
1410,28.529914,11.142000000
1411,28.539936,9.793900000
1412,28.549455,9.333800000
1413,28.558538,8.828700000
1414,28.567262,8.514900000
1415,28.576100,8.620900000
1416,28.584875,8.558500000
1417,28.593864,8.769300000
1418,28.675786,10.946700000
1419,28.687459,11.333700000
1420,28.721414,11.226700000
1421,28.731652,9.862700000
1422,28.741296,9.300900000
1423,28.750452,8.953100000
1424,28.759980,9.321700000
1425,28.768238,8.027000000
1426,28.777233,8.780500000
1427,28.787007,9.499200000
1428,28.865331,10.262200000
1429,28.875800,10.155200000
1430,28.913254,14.655800000
1431,28.923333,9.748900000
1432,28.933442,9.968100000
1433,28.942862,9.182900000
1434,28.951754,8.659600000
1435,28.960588,8.575600000
1436,28.968767,8.000100000
1437,29.047098,10.353400000
1438,29.058479,11.000700000
1439,29.092961,11.504100000
1440,29.103180,9.895300000
1441,29.112617,9.229300000
1442,29.122266,9.421500000
1443,29.132027,9.585400000
1444,29.142149,9.793700000
1445,29.151337,8.979600000
1446,29.230345,10.637200000
1447,29.241319,10.622500000
1448,29.274567,12.680000000
1449,29.284672,9.851500000
1450,29.294865,9.901100000
1451,29.305146,10.091700000
1452,29.314466,9.000300000
1453,29.324469,9.618200000
1454,29.334812,10.048900000
1455,29.417693,10.141300000
1456,29.428081,10.043400000
1457,29.462406,12.169800000
1458,29.471938,9.271100000
1459,29.480866,8.733800000
1460,29.489751,8.626200000
1461,29.498784,8.792900000
1462,29.507695,8.700200000
1463,29.516814,8.916900000
1464,29.526732,9.675600000
1465,29.617155,10.324100000
1466,29.628254,10.692200000
1467,29.659956,10.537300000
1468,29.669812,9.578000000
1469,29.679221,9.155800000
1470,29.688670,9.209300000
1471,29.697525,8.671500000
1472,29.706747,8.979700000
1473,29.716847,9.827700000
1474,29.726889,9.754200000
1475,29.829437,16.209400000
1476,29.873709,15.325900000
1477,29.885030,11.011600000
1478,29.895348,10.064100000
1479,29.905252,9.666500000
1480,29.915032,9.619300000
1481,29.924081,8.915000000
1482,29.933785,9.531100000
1483,29.943613,9.601600000
1484,29.952769,8.877400000
1485,30.038322,10.966100000
1486,30.050550,11.800700000
1487,30.089667,10.748800000
1488,30.099290,9.365800000
1489,30.108966,9.526300000
1490,30.117955,8.794100000
1491,30.126378,8.323200000
1492,30.135298,8.777900000
1493,30.143709,8.232700000
1494,30.152286,8.428000000
1495,30.161741,9.228200000
1496,30.248629,11.353800000
1497,30.295342,14.588300000
1498,30.306053,10.364800000
1499,30.316768,10.383100000
1500,30.326222,9.326400000
1501,30.336765,10.298400000
1502,30.346202,9.181300000
1503,30.355339,8.844000000
1504,30.364393,8.793200000
1505,30.373167,8.500100000
1506,30.452635,11.011200000
1507,30.464317,11.293100000
1508,30.495508,12.579500000
1509,30.506591,10.825800000
1510,30.518497,11.675300000
1511,30.528241,9.514000000
1512,30.538219,9.763000000
1513,30.547456,8.997100000
1514,30.556540,8.833800000
1515,30.566261,9.465400000
1516,30.673387,12.661600000
1517,30.684538,10.756800000
1518,30.714291,10.566200000
1519,30.724390,9.805300000
1520,30.733548,8.975800000
1521,30.742556,8.820500000
1522,30.751719,8.966200000
1523,30.760202,8.252900000
1524,30.768427,8.014300000
1525,30.776822,8.157600000
1526,30.785572,8.544500000
1527,30.865315,10.822600000
1528,30.878096,12.338400000
1529,30.908789,11.882100000
1530,30.919221,10.187400000
1531,30.928682,9.229700000
1532,30.938499,9.571400000
1533,30.947400,8.798200000
1534,30.957041,9.438800000
1535,30.965970,8.656100000
1536,30.974435,8.255200000
1537,31.054311,11.177900000
1538,31.065838,11.124200000
1539,31.100998,11.562400000
1540,31.111581,10.287500000
1541,31.122226,10.390500000
1542,31.132911,10.377700000
1543,31.142348,9.323100000
1544,31.151296,8.852200000
1545,31.160640,9.155400000
1546,31.242177,10.319300000
1547,31.259431,16.576700000
1548,31.286549,10.827100000
1549,31.296774,9.942300000
1550,31.306122,9.107600000
1551,31.314911,8.599000000
1552,31.323422,8.275200000
1553,31.331995,8.327400000
1554,31.340274,8.044500000
1555,31.348834,8.302200000
1556,31.429378,11.376100000
1557,31.440096,10.305900000
1558,31.478402,11.944200000
1559,31.488441,9.733300000
1560,31.497552,8.879300000
1561,31.506905,9.180000000
1562,31.515552,8.526400000
1563,31.523913,8.210100000
1564,31.533011,8.864500000
1565,31.617597,11.007300000
1566,31.633066,15.123500000
1567,31.661431,10.342700000
1568,31.672256,10.520900000
1569,31.681829,9.291500000
1570,31.691699,9.637800000
1571,31.700394,8.499800000
1572,31.709008,8.397600000
1573,31.717197,7.982700000
1574,31.725994,8.467300000
1575,31.817092,10.949600000
1576,31.828722,11.293800000
1577,31.858745,10.371400000
1578,31.868786,9.694700000
1579,31.878110,9.126600000
1580,31.887840,9.447200000
1581,31.896667,8.604200000
1582,31.905285,8.392900000
1583,31.914219,8.716800000
1584,31.922858,8.381600000
1585,32.008332,13.452900000
1586,32.048835,10.131400000
1587,32.058408,9.234600000
1588,32.067477,8.825100000
1589,32.076176,8.479100000
1590,32.085207,8.876800000
1591,32.093684,8.271100000
1592,32.102213,8.300300000
1593,32.111295,8.859900000
1594,32.199540,10.861200000
1595,32.211214,11.199800000
1596,32.245894,12.643100000
1597,32.257142,10.864900000
1598,32.267441,10.058600000
1599,32.277339,9.766500000
1600,32.287541,9.887700000
1601,32.297438,9.675900000
1602,32.306766,9.191600000
1603,32.316321,9.218300000
1604,32.408192,14.032900000
1605,32.451344,11.109300000
1606,32.461386,9.669200000
1607,32.471563,9.888400000
1608,32.480785,8.935400000
1609,32.489160,8.197900000
1610,32.497861,8.414500000
1611,32.506086,7.999400000
1612,32.514297,7.957500000
1613,32.522676,8.230300000
1614,32.605093,12.846400000
1615,32.642673,10.039600000
1616,32.652649,9.666200000
1617,32.662228,9.314200000
1618,32.671416,8.969800000
1619,32.679931,8.298400000
1620,32.688385,8.239600000
1621,32.696629,8.046100000
1622,32.707191,10.331700000
1623,32.716792,9.340600000
1624,32.806886,11.060800000
1625,32.818154,10.929300000
1626,32.847969,10.803600000
1627,32.858044,9.682500000
1628,32.870371,12.095700000
1629,32.879851,9.290000000
1630,32.889669,9.711700000
1631,32.900932,11.168200000
1632,32.912606,11.498000000
1633,32.923676,10.853500000
1634,33.028779,10.416000000
1635,33.040580,11.456500000
1636,33.075808,16.846000000
1637,33.087053,10.935100000
1638,33.098610,11.229800000
1639,33.108815,9.942600000
1640,33.119134,10.009200000
1641,33.129349,10.007400000
1642,33.139759,10.178300000
1643,33.149238,9.223800000
1644,33.157802,8.362000000
1645,33.234839,10.606900000
1646,33.247943,12.662800000
1647,33.276871,11.219600000
1648,33.287293,10.056100000
1649,33.297097,9.587600000
1650,33.306584,9.251000000
1651,33.315562,8.766300000
1652,33.324485,8.717300000
1653,33.334017,9.290800000
1654,33.344712,10.421300000
1655,33.355624,10.590200000
1656,33.444774,11.404800000
1657,33.457421,12.113700000
1658,33.487594,15.322100000
1659,33.497547,9.686800000
1660,33.506706,9.001500000
1661,33.515705,8.805600000
1662,33.524887,8.981300000
1663,33.534709,9.672000000
1664,33.544989,10.048100000
1665,33.554090,8.834300000
1666,33.632076,11.062400000
1667,33.643436,11.005100000
1668,33.673912,11.132500000
1669,33.685046,10.891900000
1670,33.694961,9.726400000
1671,33.704115,9.030500000
1672,33.713815,9.398300000
1673,33.723985,9.878400000
1674,33.733069,8.831400000
1675,33.814632,11.311500000
1676,33.854138,10.947000000
1677,33.864650,10.208100000
1678,33.875328,10.382000000
1679,33.884982,9.404100000
1680,33.893843,8.641000000
1681,33.902273,8.224000000
1682,33.911012,8.540400000
1683,33.919797,8.585100000
1684,34.007541,9.873900000
1685,34.021376,13.427400000
1686,34.050476,11.387700000
1687,34.061433,10.734700000
1688,34.071474,9.791600000
1689,34.081432,9.718600000
1690,34.091510,9.849800000
1691,34.100985,9.216500000
1692,34.109494,8.307600000
1693,34.118138,8.415700000
1694,34.197406,10.344300000
1695,34.210088,12.288800000
1696,34.236600,10.964600000
1697,34.248384,11.487700000
1698,34.258864,10.196300000
1699,34.269170,10.052700000
1700,34.278481,9.083300000
1701,34.287501,8.665100000
1702,34.296102,8.332600000
1703,34.305007,8.691900000
1704,34.387131,11.132700000
1705,34.398754,11.197500000
1706,34.425548,10.194700000
1707,34.436878,11.059900000
1708,34.447098,9.914700000
1709,34.456628,9.312100000
1710,34.465745,8.858700000
1711,34.475643,9.673200000
1712,34.485625,9.754600000
1713,34.571237,12.100000000
1714,34.586597,14.971900000
1715,34.616064,12.254700000
1716,34.627181,10.740700000
1717,34.637702,10.098400000
1718,34.647262,9.251400000
1719,34.656732,9.123900000
1720,34.665905,8.976400000
1721,34.675555,9.400900000
1722,34.764970,11.763100000
1723,34.781657,16.271900000
1724,34.805461,10.918100000
1725,34.816674,10.838600000
1726,34.826883,9.908500000
1727,34.837494,10.253800000
1728,34.848170,10.346700000
1729,34.858755,10.269400000
1730,34.869576,10.447800000
1731,34.879750,9.959200000
1732,34.967174,11.796600000
1733,34.979647,11.931000000
1734,35.008708,12.156500000
1735,35.020084,11.066100000
1736,35.031437,11.090500000
1737,35.041977,10.118500000
1738,35.052121,9.840700000
1739,35.061481,9.191100000
1740,35.071260,9.363400000
1741,35.081251,9.826400000
1742,35.186039,11.198000000
1743,35.198250,11.833800000
1744,35.230372,12.229500000
1745,35.241760,11.025500000
1746,35.252718,10.731600000
1747,35.263536,10.654000000
1748,35.274420,10.584800000
1749,35.285435,10.751800000
1750,35.296390,10.698700000
1751,35.307516,10.838900000
1752,35.318439,10.649800000
1753,35.398309,10.631400000
1754,35.411353,11.649600000
1755,35.440408,11.729500000
1756,35.450821,10.100500000
1757,35.460323,9.279800000
1758,35.469350,8.742000000
1759,35.478196,8.643600000
1760,35.487328,8.867800000
1761,35.497092,9.565800000
1762,35.507706,10.291700000
1763,35.518762,10.801900000
1764,35.606086,11.003600000
1765,35.618121,11.685200000
1766,35.648643,10.995500000
1767,35.659143,10.167900000
1768,35.668361,9.011500000
1769,35.677955,9.308600000
1770,35.686617,8.442200000
1771,35.695201,8.371700000
1772,35.703194,7.806700000
1773,35.711378,7.981100000
1774,35.790222,10.719500000
1775,35.802636,11.947000000
1776,35.840720,10.153100000
1777,35.851311,10.275600000
1778,35.860954,9.311700000
1779,35.869999,8.736900000
1780,35.878627,8.523200000
1781,35.887273,8.471400000
1782,35.896119,8.645600000
1783,35.973891,10.317600000
1784,35.984828,10.603200000
1785,36.017503,11.256300000
1786,36.027617,9.717100000
1787,36.037010,9.183300000
1788,36.046083,8.866100000
1789,36.054535,8.238400000
1790,36.063194,8.456800000
1791,36.071899,8.498500000
1792,36.082341,10.240300000
1793,36.181003,11.378300000
1794,36.197523,16.089800000
1795,36.224906,13.472700000
1796,36.235571,10.327800000
1797,36.245894,10.017000000
1798,36.256061,9.867200000
1799,36.265179,8.831700000
1800,36.273524,8.226100000
1801,36.282695,8.832000000
1802,36.290952,7.969500000
1803,36.372284,10.436200000
1804,36.383895,11.268300000
1805,36.415367,10.394900000
1806,36.426386,10.737900000
1807,36.437173,10.533300000
1808,36.446710,9.340800000
1809,36.456397,9.425400000
1810,36.465494,8.761300000
1811,36.473882,8.174000000
1812,36.553777,10.902800000
1813,36.564913,10.866600000
1814,36.597658,14.704300000
1815,36.607523,9.526900000
1816,36.616596,8.819900000
1817,36.625379,8.561500000
1818,36.633693,8.111400000
1819,36.641893,7.871900000
1820,36.650075,7.999800000
1821,36.728675,10.344200000
1822,36.740446,11.348800000
1823,36.766496,10.477100000
1824,36.776800,9.995300000
1825,36.786364,9.337100000
1826,36.796022,9.435300000
1827,36.804931,8.692800000
1828,36.814329,9.188700000
1829,36.823013,8.467900000
1830,36.906433,11.720700000
1831,36.917419,10.555800000
1832,36.942448,12.384500000
1833,36.952677,9.900900000
1834,36.962103,9.162100000
1835,36.971181,8.780700000
1836,36.979915,8.499200000
1837,36.988278,8.174600000
1838,36.996463,7.983800000
1839,37.074038,10.720000000
1840,37.085665,11.254500000
1841,37.117928,14.960400000
1842,37.127922,9.635800000
1843,37.137577,9.381600000
1844,37.146517,8.729400000
1845,37.155603,8.856000000
1846,37.164208,8.381000000
1847,37.255365,10.512100000
1848,37.296329,12.783800000
1849,37.307430,10.661700000
1850,37.317291,9.527900000
1851,37.327256,9.747600000
1852,37.336418,8.932800000
1853,37.345389,8.777400000
1854,37.354145,8.527800000
1855,37.362386,8.059400000
1856,37.370689,8.048300000
1857,37.448784,11.418600000
1858,37.459894,10.702600000
1859,37.485055,10.546700000
1860,37.495552,10.180200000
1861,37.505379,9.542300000
1862,37.514657,9.050900000
1863,37.523484,8.624600000
1864,37.532283,8.603000000
1865,37.540673,8.238500000
1866,37.622435,11.038600000
1867,37.635145,12.275100000
1868,37.671127,19.588100000
1869,37.683207,11.726800000
1870,37.693793,10.336100000
1871,37.705776,11.755600000
1872,37.716223,10.233800000
1873,37.726658,10.214100000
1874,37.737058,10.117500000
1875,37.822082,11.490500000
1876,37.834455,11.992800000
1877,37.864340,12.583700000
1878,37.876099,11.219500000
1879,37.886233,9.900900000
1880,37.895618,9.213200000
1881,37.905250,9.435500000
1882,37.914520,9.010000000
1883,37.924103,9.448300000
1884,37.933397,9.033000000
1885,38.011533,10.717700000
1886,38.023528,11.541900000
1887,38.055210,16.174300000
1888,38.065251,9.760700000
1889,38.074618,9.172400000
1890,38.083402,8.682100000
1891,38.091982,8.301100000
1892,38.100515,8.431000000
1893,38.108702,7.973900000
1894,38.187650,11.285600000
1895,38.200516,12.469100000
1896,38.227361,12.615100000
1897,38.237557,9.848400000
1898,38.247753,9.996300000
1899,38.257076,9.120700000
1900,38.265821,8.536300000
1901,38.274403,8.401000000
1902,38.283366,8.766400000
1903,38.388408,13.836100000
1904,38.404119,15.236200000
1905,38.436765,17.381000000
1906,38.450412,13.321600000
1907,38.472539,21.908600000
1908,38.480928,8.066900000
1909,38.489333,8.044400000
1910,38.497554,8.042800000
1911,38.506061,8.283700000
1912,38.514688,8.364500000
1913,38.602367,14.671200000
1914,38.642038,11.280300000
1915,38.652875,10.474200000
1916,38.662865,9.652900000
1917,38.672193,9.097100000
1918,38.681682,9.255700000
1919,38.690540,8.608600000
1920,38.699038,8.278200000
1921,38.707960,8.716000000
1922,38.716248,8.057900000
1923,38.724204,7.766500000
1924,38.804320,12.186900000
1925,38.841638,9.985700000
1926,38.851730,9.782600000
1927,38.861269,9.298300000
1928,38.870177,8.706800000
1929,38.879248,8.876100000
1930,38.888796,9.336500000
1931,38.897132,8.084800000
1932,38.905782,8.361900000
1933,38.914738,8.729800000
1934,39.008690,14.705800000
1935,39.052925,17.790200000
1936,39.064313,11.030200000
1937,39.074110,9.502600000
1938,39.083223,8.858000000
1939,39.091844,8.423300000
1940,39.100172,8.145800000
1941,39.108699,8.348800000
1942,39.117328,8.424600000
1943,39.125472,7.959300000
1944,39.205775,11.586000000
1945,39.217372,11.225900000
1946,39.246345,10.846500000
1947,39.256826,10.115200000
1948,39.266504,9.361300000
1949,39.275851,9.070200000
1950,39.284542,8.410900000
1951,39.293121,8.364700000
1952,39.301316,7.932600000
1953,39.309949,8.316900000
1954,39.395668,10.094200000
1955,39.406038,10.011700000
1956,39.435118,12.274400000
1957,39.445535,10.047300000
1958,39.455494,9.702900000
1959,39.464714,9.036000000
1960,39.473379,8.464200000
1961,39.482437,8.834400000
1962,39.490661,8.034500000
1963,39.498982,8.122500000
1964,39.581070,10.568400000
1965,39.592716,11.240500000
1966,39.623589,11.468700000
1967,39.634593,10.776800000
1968,39.645731,10.855100000
1969,39.656707,10.742200000
1970,39.666137,9.134800000
1971,39.675629,9.247100000
1972,39.685332,9.478200000
1973,39.766925,11.113500000
1974,39.782561,15.172000000
1975,39.806683,10.594000000
1976,39.816814,9.845900000
1977,39.826949,9.980000000
1978,39.836364,9.217400000
1979,39.844818,8.346800000
1980,39.853342,8.264100000
1981,39.861881,8.384700000
1982,39.941979,9.927100000
1983,39.952701,10.385300000
1984,39.984527,11.296100000
1985,39.995261,10.363500000
1986,40.005165,9.596500000
1987,40.014880,9.473800000
1988,40.023916,8.814900000
1989,40.033218,9.077600000
1990,40.042182,8.710600000
1991,40.135179,11.420600000
1992,40.148585,12.646200000
1993,40.177545,10.287400000
1994,40.188353,10.504400000
1995,40.199170,10.500100000
1996,40.210468,11.042000000
1997,40.222064,11.241100000
1998,40.231782,9.454700000
1999,40.241082,9.134400000
2000,40.250603,9.273500000
2001,40.335565,10.743500000
2002,40.381555,11.192000000
2003,40.390938,9.037500000
2004,40.399715,8.587300000
2005,40.408148,8.173300000
2006,40.416562,8.243400000
2007,40.425050,8.293100000
2008,40.434264,9.029600000
2009,40.442945,8.501300000
2010,40.451332,8.200400000
2011,40.547001,10.856200000
2012,40.559128,11.691700000
2013,40.588457,14.741200000
2014,40.598970,10.275300000
2015,40.609565,10.305600000
2016,40.620068,10.318800000
2017,40.629410,9.057300000
2018,40.638895,9.212800000
2019,40.648652,9.487900000
2020,40.657454,8.495100000
2021,40.736445,10.091300000
2022,40.747287,10.202400000
2023,40.777561,11.044500000
2024,40.788248,10.448700000
2025,40.798795,10.337900000
2026,40.808420,9.365000000
2027,40.817312,8.777200000
2028,40.826508,8.844100000
2029,40.836178,9.424500000
2030,40.846205,9.730100000
2031,40.925768,9.665000000
2032,40.937454,11.309700000
2033,40.965641,11.212300000
2034,40.975627,9.703100000
2035,40.985646,9.844600000
2036,40.994879,9.046600000
2037,41.004338,9.230200000
2038,41.012910,8.354000000
2039,41.021340,8.218600000
2040,41.101086,10.897300000
2041,41.111834,10.401000000
2042,41.141206,10.992100000
2043,41.152895,11.337800000
2044,41.163589,10.343600000
2045,41.174590,10.653700000
2046,41.185685,10.726900000
2047,41.196570,10.565400000
2048,41.207519,10.653200000
2049,41.289263,10.039600000
2050,41.300770,11.151400000
2051,41.331720,12.647600000
2052,41.341612,9.479800000
2053,41.350646,8.787400000
2054,41.360063,9.155100000
2055,41.368712,8.451000000
2056,41.377206,8.324600000
2057,41.385463,8.052200000
2058,41.473101,10.336600000
2059,41.484464,11.037400000
2060,41.515853,10.195400000
2061,41.526033,9.890300000
2062,41.536128,9.897000000
2063,41.545275,8.918300000
2064,41.554185,8.702100000
2065,41.563134,8.709900000
2066,41.571286,7.951400000
2067,41.660159,10.854700000
2068,41.700699,11.028100000
2069,41.711164,10.051300000
2070,41.721337,9.894200000
2071,41.731630,10.086200000
2072,41.741144,9.215600000
2073,41.750867,9.500300000
2074,41.760911,9.742900000
2075,41.778599,17.472700000
2076,41.789191,10.203100000
2077,41.875529,10.143700000
2078,41.887517,11.586700000
2079,41.915950,10.660800000
2080,41.925705,9.498900000
2081,41.935581,9.666200000
2082,41.944814,9.031000000
2083,41.953611,8.595400000
2084,41.961759,7.964700000
2085,41.970060,8.108900000
2086,41.978295,8.041600000
2087,41.986722,8.263300000
2088,42.063190,10.183700000
2089,42.073991,10.421400000
2090,42.106898,10.340200000
2091,42.117357,10.136300000
2092,42.126703,9.066100000
2093,42.135685,8.676400000
2094,42.144136,8.260900000
2095,42.152643,8.311300000
2096,42.161253,8.365400000
2097,42.239127,10.783000000
2098,42.251477,12.015600000
2099,42.281817,10.610900000
2100,42.291753,9.662200000
2101,42.301452,9.466900000
2102,42.311572,9.889900000
2103,42.320974,9.109900000
2104,42.329526,8.355600000
2105,42.337725,7.971300000
2106,42.414335,9.977300000
2107,42.425258,10.482800000
2108,42.457793,10.529500000
2109,42.468591,10.501500000
2110,42.478447,9.563000000
2111,42.487795,9.098000000
2112,42.497412,9.402700000
2113,42.506580,8.921900000
2114,42.515832,9.038000000
2115,42.600345,12.146100000
2116,42.612772,12.031900000
2117,42.641432,12.405400000
2118,42.652556,10.838400000
2119,42.663679,10.801100000
2120,42.675755,11.754500000
2121,42.686268,10.215100000
2122,42.697280,10.754300000
2123,42.707787,10.269000000
2124,42.808392,10.815500000
2125,42.822457,12.871400000
2126,42.851175,11.292800000
2127,42.862556,11.089400000
2128,42.873789,10.820400000
2129,42.885224,11.073000000
2130,42.896549,10.997500000
2131,42.907197,10.233100000
2132,42.917584,10.056000000
2133,42.927227,9.224700000
2134,43.011488,11.235000000
2135,43.023930,12.053600000
2136,43.054001,11.800100000
2137,43.064718,10.375900000
2138,43.074640,9.596300000
2139,43.084464,9.541300000
2140,43.094116,9.414000000
2141,43.103664,9.356100000
2142,43.112842,8.822900000
2143,43.121533,8.373800000
2144,43.199102,10.856500000
2145,43.210409,10.914800000
2146,43.236528,9.800300000
2147,43.247173,10.418900000
2148,43.256961,9.539500000
2149,43.266714,9.549300000
2150,43.275835,8.926900000
2151,43.284738,8.670100000
2152,43.293809,8.893300000
2153,43.303112,9.047400000
2154,43.381343,9.661200000
2155,43.422412,10.707600000
2156,43.433557,10.779400000
2157,43.444003,10.121400000
2158,43.453871,9.615400000
2159,43.463936,9.769300000
2160,43.474030,9.802200000
2161,43.484226,9.876000000
2162,43.493903,9.307800000
2163,43.579221,12.694900000
2164,43.591044,11.459100000
2165,43.623509,15.160900000
2166,43.633767,9.922100000
2167,43.645246,11.087000000
2168,43.657114,11.498700000
2169,43.668220,10.744400000
2170,43.677938,9.488500000
2171,43.687397,9.236600000
2172,43.696078,8.362800000
2173,43.772903,11.203800000
2174,43.784350,11.072500000
2175,43.816101,14.170000000
2176,43.825375,8.928300000
2177,43.834908,9.281000000
2178,43.844798,9.663000000
2179,43.856822,11.818700000
2180,43.865967,8.938900000
2181,43.876608,10.411300000
2182,43.981393,10.503400000
2183,44.021695,9.838900000
2184,44.030872,8.885900000
2185,44.039408,8.307700000
2186,44.047861,8.261300000
2187,44.055888,7.822000000
2188,44.064299,8.215300000
2189,44.072328,7.835200000
2190,44.080117,7.588300000
2191,44.088359,8.031000000
2192,44.096211,7.733200000
2193,44.174072,10.603600000
2194,44.185922,11.380800000
2195,44.222781,13.995300000
2196,44.232660,9.601500000
2197,44.241539,8.684500000
2198,44.250129,8.375400000
2199,44.258161,7.825200000
2200,44.266670,8.296500000
2201,44.274891,8.032300000
2202,44.283247,8.153400000
2203,44.363661,11.398100000
2204,44.376825,12.837300000
2205,44.403720,11.843700000
2206,44.413844,9.795100000
2207,44.423016,8.986700000
2208,44.432446,9.221500000
2209,44.441421,8.746500000
2210,44.450231,8.615600000
2211,44.458496,8.097500000
2212,44.546663,12.597400000
2213,44.559875,12.816700000
2214,44.588246,11.260500000
2215,44.599496,10.899200000
2216,44.609686,9.921800000
2217,44.619645,9.537000000
2218,44.629333,9.394100000
2219,44.638976,9.426600000
2220,44.648161,8.933800000
2221,44.725388,10.160100000
2222,44.771560,10.712200000
2223,44.781658,9.804400000
2224,44.791875,9.881700000
2225,44.802844,10.640800000
2226,44.813862,10.771400000
2227,44.823444,9.408300000
2228,44.833341,9.687100000
2229,44.842574,9.038400000
2230,44.962134,12.791900000
2231,45.002403,10.510600000
2232,45.013213,10.530300000
2233,45.022900,9.438900000
2234,45.031778,8.632900000
2235,45.040418,8.380100000
2236,45.049424,8.756400000
2237,45.058982,9.274800000
2238,45.068693,9.484200000
2239,45.077935,9.042300000
2240,45.086438,8.294500000
2241,45.095062,8.440100000
2242,45.184682,11.459800000
2243,45.196715,11.671900000
2244,45.227822,9.503800000
2245,45.236887,8.811900000
2246,45.246323,9.295800000
2247,45.254927,8.445400000
2248,45.264072,8.925900000
2249,45.272653,8.323400000
2250,45.280655,7.751800000
2251,45.288707,7.826200000
2252,45.296529,7.669800000
2253,45.375054,11.209100000
2254,45.386154,10.776600000
2255,45.418116,12.207200000
2256,45.427616,9.158200000
2257,45.437098,9.304200000
2258,45.445901,8.548400000
2259,45.454458,8.270300000
2260,45.463128,8.460400000
2261,45.471270,7.875400000
2262,45.479588,8.096300000
2263,45.556490,10.246000000
2264,45.566902,10.034200000
2265,45.601665,11.993300000
2266,45.611559,9.543300000
2267,45.621469,9.601600000
2268,45.630436,8.771400000
2269,45.638939,8.266700000
2270,45.646867,7.729500000
2271,45.654963,7.904600000
2272,45.732442,10.416400000
2273,45.763271,10.879600000
2274,45.776643,13.081800000
2275,45.786760,9.682000000
2276,45.795693,8.715700000
2277,45.804119,8.189800000
2278,45.812434,8.126700000
2279,45.821038,8.406500000
2280,45.902381,11.535500000
2281,45.913638,10.865600000
2282,45.948605,12.133800000
2283,45.959344,10.446900000
2284,45.970073,10.424300000
2285,45.980594,10.223200000
2286,45.990207,9.414200000
2287,45.999802,9.330100000
2288,46.009215,9.100000000
2289,46.093673,10.765700000
2290,46.106943,12.776800000
2291,46.136673,11.220200000
2292,46.146703,9.724900000
2293,46.156578,9.707800000
2294,46.165332,8.602000000
2295,46.173820,8.396000000
2296,46.182553,8.405000000
2297,46.190590,7.855400000
2298,46.277607,11.038500000
2299,46.288579,10.612700000
2300,46.321207,11.894400000
2301,46.331563,9.934000000
2302,46.341255,9.410300000
2303,46.350117,8.616000000
2304,46.358327,7.997300000
2305,46.366745,8.196400000
2306,46.375327,8.367800000
2307,46.383391,7.839100000
2308,46.459692,10.980900000
2309,46.471564,11.548300000
2310,46.501648,10.082700000
2311,46.511492,9.545000000
2312,46.520709,8.974700000
2313,46.529635,8.714000000
2314,46.538575,8.756800000
2315,46.547198,8.345500000
2316,46.556172,8.764100000
2317,46.634348,11.585100000
2318,46.645206,10.442200000
2319,46.677325,12.570600000
2320,46.687759,10.147700000
2321,46.697721,9.668400000
2322,46.707145,9.211600000
2323,46.716828,9.372200000
2324,46.727437,10.397600000
2325,46.819375,11.269000000
2326,46.833406,13.096300000
2327,46.867527,15.595500000
2328,46.878338,10.507500000
2329,46.888529,9.928200000
2330,46.898120,9.302000000
2331,46.907701,9.315300000
2332,46.917099,9.177500000
2333,46.925539,8.193500000
2334,46.934524,8.807100000
2335,47.018195,10.990400000
2336,47.036596,17.935900000
2337,47.067906,16.000600000
2338,47.078614,10.398300000
2339,47.089117,10.260300000
2340,47.099080,9.670100000
2341,47.107985,8.628000000
2342,47.116890,8.710300000
2343,47.124886,7.767700000
2344,47.132742,7.678700000
2345,47.207673,10.810200000
2346,47.246644,9.649000000
2347,47.256367,9.370700000
2348,47.266194,9.546900000
2349,47.275278,8.846500000
2350,47.283983,8.513200000
2351,47.292592,8.339500000
2352,47.300797,8.036300000
2353,47.309878,8.731600000
2354,47.410465,11.660900000
2355,47.422009,11.171100000
2356,47.432576,10.226800000
2357,47.446535,13.555000000
2358,47.457841,11.004100000
2359,47.469046,10.844600000
2360,47.478777,9.442900000
2361,47.487659,8.688200000
2362,47.496704,8.879900000
2363,47.506316,9.352400000
2364,47.588029,13.634400000
2365,47.623191,11.133100000
2366,47.632794,9.266900000
2367,47.642431,9.387100000
2368,47.651485,8.847300000
2369,47.660038,8.369700000
2370,47.668625,8.382900000
2371,47.676910,8.084700000
2372,47.684877,7.843400000
2373,47.759395,10.215900000
2374,47.770139,10.368300000
2375,47.799863,10.306700000
2376,47.809511,9.346300000
2377,47.819242,9.527000000
2378,47.828119,8.639900000
2379,47.836608,8.281400000
2380,47.844811,7.990700000
2381,47.852803,7.783300000
2382,47.946726,10.263600000
2383,47.957812,10.735000000
2384,47.989156,9.666100000
2385,47.998508,9.088300000
2386,48.008187,9.479700000
2387,48.017497,9.088400000
2388,48.025989,8.267400000
2389,48.035056,8.835200000
2390,48.043639,8.332000000
2391,48.117653,10.091700000
2392,48.129012,10.940500000
2393,48.157565,12.446800000
2394,48.167672,9.760500000
2395,48.176992,9.137600000
2396,48.185606,8.462800000
2397,48.194533,8.712600000
2398,48.203993,9.274300000
2399,48.212754,8.510000000
2400,48.289882,10.290000000
2401,48.300618,10.160300000
2402,48.330990,12.031200000
2403,48.342158,10.844700000
2404,48.353041,10.649700000
2405,48.363733,10.398900000
2406,48.373379,9.429700000
2407,48.382159,8.509300000
2408,48.468913,10.318400000
2409,48.483319,13.999100000
2410,48.508685,10.543300000
2411,48.518912,9.880200000
2412,48.529919,10.780300000
2413,48.540673,10.533400000
2414,48.549860,8.952500000
2415,48.559111,9.007300000
2416,48.567801,8.441700000
2417,48.644503,11.044100000
2418,48.681894,11.206500000
2419,48.692081,9.865700000
2420,48.701679,9.366400000
2421,48.711289,9.398900000
2422,48.721577,10.047500000
2423,48.730403,8.563900000
2424,48.739015,8.410300000
2425,48.747912,8.671700000
2426,48.823269,9.815200000
2427,48.834543,10.842300000
2428,48.863858,10.898800000
2429,48.874804,10.703700000
2430,48.884225,9.268800000
2431,48.892989,8.673800000
2432,48.901462,8.220900000
2433,48.909947,8.281300000
2434,48.918546,8.386900000
2435,48.996879,9.832000000
2436,49.007459,10.198100000
2437,49.039319,11.350100000
2438,49.048646,8.978600000
2439,49.058172,9.311600000
2440,49.066858,8.554400000
2441,49.076206,9.067000000
2442,49.084789,8.387600000
2443,49.093951,8.943500000
2444,49.174196,10.367500000
2445,49.185124,10.548900000
2446,49.212838,10.649000000
2447,49.222611,9.484900000
2448,49.231778,9.021000000
2449,49.240928,8.925000000
2450,49.252842,11.670400000
2451,49.263690,10.595100000
2452,49.273014,9.067000000
2453,49.357844,11.843600000
2454,49.375207,16.661900000
2455,49.402827,13.799400000
2456,49.416067,12.899700000
2457,49.430221,13.910800000
2458,49.456454,25.934100000
2459,49.466285,9.488400000
2460,49.475646,9.059000000
2461,49.485369,9.394700000
2462,49.581894,11.395800000
2463,49.593908,11.573400000
2464,49.625523,14.328400000
2465,49.635651,9.815200000
2466,49.645241,9.432700000
2467,49.654295,8.779500000
2468,49.663427,8.994900000
2469,49.673141,9.482800000
2470,49.683202,9.813700000
2471,49.692317,8.684800000
2472,49.700837,8.313400000
2473,49.780081,13.664000000
2474,49.820121,14.088100000
2475,49.832034,11.585700000
2476,49.843327,10.983400000
2477,49.854315,10.743300000
2478,49.865015,10.446900000
2479,49.875792,10.466100000
2480,49.885201,9.194600000
2481,49.894164,8.736900000
2482,49.903142,8.747400000
2483,49.977653,10.587100000
2484,49.988632,10.615800000
2485,50.017129,10.988200000
2486,50.027584,10.155400000
2487,50.037144,9.254800000
2488,50.046905,9.541000000
2489,50.056066,8.921200000
2490,50.064543,8.277600000
2491,50.072994,8.166400000
2492,50.081782,8.539600000
2493,50.166903,11.460300000
2494,50.184014,16.443100000
2495,50.213521,13.112500000
2496,50.225197,11.325900000
2497,50.236965,11.408700000
2498,50.248953,11.633300000
2499,50.261058,11.704700000
2500,50.273230,11.791500000
2501,50.285134,11.692300000
2502,50.366291,10.686400000
2503,50.378835,12.105300000
2504,50.407133,9.976100000
2505,50.417040,9.630600000
2506,50.426336,9.109900000
2507,50.435321,8.815900000
2508,50.444236,8.646300000
2509,50.452918,8.442500000
2510,50.461764,8.644700000
2511,50.470362,8.345500000
2512,50.562556,14.422200000
2513,50.598403,10.859500000
2514,50.609032,10.332500000
2515,50.618913,9.505900000
2516,50.627900,8.767500000
2517,50.636467,8.386800000
2518,50.645443,8.611600000
2519,50.653889,8.176200000
2520,50.662534,8.547600000
2521,50.671067,8.262600000
2522,50.746964,10.677300000
2523,50.758599,10.960000000
2524,50.791573,12.160000000
2525,50.801373,9.415800000
2526,50.811213,9.669600000
2527,50.821593,10.140600000
2528,50.830846,9.050400000
2529,50.839703,8.650700000
2530,50.848290,8.388200000
2531,50.929336,10.518000000
2532,50.940560,10.797700000
2533,50.971977,11.069700000
2534,50.982417,10.122100000
2535,50.992079,9.457100000
2536,51.001573,9.278500000
2537,51.010329,8.511200000
2538,51.019854,9.286800000
2539,51.028727,8.650400000
2540,51.106881,11.662900000
2541,51.118700,11.470200000
2542,51.131948,12.097600000
2543,51.147119,14.828400000
2544,51.158412,11.026100000
2545,51.168394,9.727100000
2546,51.177890,9.282400000
2547,51.187186,9.095500000
2548,51.196601,9.188600000
2549,51.280017,14.586400000
2550,51.318162,12.846200000
2551,51.329043,10.516600000
2552,51.340305,10.913100000
2553,51.351107,10.563500000
2554,51.360952,9.596300000
2555,51.370073,8.822400000
2556,51.379317,8.999600000
2557,51.388634,9.075000000
2558,51.467069,12.280100000
2559,51.479514,12.046600000
2560,51.505663,10.585500000
2561,51.515989,10.049800000
2562,51.525653,9.438200000
2563,51.535633,9.751000000
2564,51.544756,8.910600000
2565,51.553745,8.804800000
2566,51.562641,8.677300000
2567,51.650925,11.376400000
2568,51.663409,12.152100000
2569,51.676917,13.191600000
2570,51.690028,11.243200000
2571,51.700492,10.171000000
2572,51.710244,9.549800000
2573,51.719352,8.995600000
2574,51.728459,8.829600000
2575,51.737649,9.031200000
2576,51.812395,11.144100000
2577,51.823512,10.700900000
2578,51.834661,10.672000000
2579,51.848092,12.680000000
2580,51.859573,11.216000000
2581,51.869842,10.074400000
2582,51.879309,9.251800000
2583,51.888393,8.851000000
2584,51.966431,11.347100000
2585,52.005454,11.074900000
2586,52.015930,10.142800000
2587,52.026480,10.250600000
2588,52.038013,11.239100000
2589,52.048372,10.149400000
2590,52.058226,9.559900000
2591,52.068106,9.632200000
2592,52.148155,11.412300000
2593,52.161154,12.562900000
2594,52.189694,10.970700000
2595,52.200438,10.385600000
2596,52.210791,10.033900000
2597,52.221335,10.187600000
2598,52.231777,10.176100000
2599,52.242192,10.198100000
2600,52.252500,10.099000000
2601,52.334823,11.830300000
2602,52.347152,11.942900000
2603,52.377479,13.625600000
2604,52.390358,12.508700000
2605,52.401695,11.043800000
2606,52.412857,10.969100000
2607,52.424055,10.905000000
2608,52.435274,10.934000000
2609,52.446474,10.849000000
2610,52.529938,13.192900000
2611,52.566590,10.384800000
2612,52.576119,9.219500000
2613,52.585782,9.370900000
2614,52.594586,8.592500000
2615,52.603540,8.672000000
2616,52.612599,8.890100000
2617,52.621223,8.390700000
2618,52.629980,8.542800000
2619,52.639079,8.925700000
2620,52.733418,10.358000000
2621,52.744226,10.434100000
2622,52.771274,9.738100000
2623,52.781983,10.400700000
2624,52.791774,9.531200000
2625,52.800756,8.868300000
2626,52.809705,8.650100000
2627,52.818694,8.812000000
2628,52.827558,8.673700000
2629,52.836496,8.703600000
2630,52.914008,11.096800000
2631,52.926677,12.269900000
2632,52.939084,12.092200000
2633,52.959855,15.465000000
2634,52.971276,11.162100000
2635,52.981397,9.930700000
2636,52.991697,10.041800000
2637,53.004748,12.845200000
2638,53.016347,11.318300000
2639,53.105838,11.366200000
2640,53.116654,10.395100000
2641,53.139960,9.895900000
2642,53.150030,9.800800000
2643,53.159207,8.986500000
2644,53.168728,9.384800000
2645,53.177761,8.877300000
2646,53.186265,8.415000000
2647,53.195406,8.927500000
2648,53.203934,8.255000000
2649,53.284410,11.321900000
2650,53.296110,11.355900000
2651,53.307060,10.557700000
2652,53.327708,13.610100000
2653,53.339091,11.121200000
2654,53.349137,9.864200000
2655,53.358797,9.407600000
2656,53.367581,8.607800000
2657,53.376511,8.734700000
2658,53.454721,10.710200000
2659,53.466526,11.457200000
2660,53.478940,12.069600000
2661,53.493824,11.877300000
2662,53.504719,10.639000000
2663,53.515636,10.651200000
2664,53.525654,9.877300000
2665,53.534780,9.028500000
2666,53.544814,9.792500000
2667,53.625269,11.073700000
2668,53.638194,12.521400000
2669,53.666340,15.515800000
2670,53.676565,9.954200000
2671,53.685968,9.219800000
2672,53.695146,8.967800000
2673,53.704698,9.337300000
2674,53.715026,10.159000000
2675,53.808403,14.601900000
2676,53.842863,15.352300000
2677,53.853223,9.999700000
2678,53.862806,9.347100000
2679,53.872012,9.052800000
2680,53.880879,8.619600000
2681,53.889868,8.776300000
2682,53.899155,9.149300000
2683,53.907547,8.197200000
2684,53.984092,11.949500000
2685,54.018356,10.265900000
2686,54.029316,10.578600000
2687,54.039158,9.518100000
2688,54.049362,10.001900000
2689,54.059135,9.586400000
2690,54.068561,9.224900000
2691,54.077225,8.519800000
2692,54.086249,8.811200000
2693,54.163164,10.610400000
2694,54.174380,10.802200000
2695,54.199187,12.314900000
2696,54.209480,9.959500000
2697,54.219218,9.548200000
2698,54.228502,9.031700000
2699,54.237949,9.172200000
2700,54.247057,8.814200000
2701,54.256408,9.097900000
2702,54.332539,10.844700000
2703,54.369094,11.661300000
2704,54.380137,10.781000000
2705,54.391225,10.770800000
2706,54.401346,9.848300000
2707,54.411508,9.918200000
2708,54.420788,9.084200000
2709,54.429749,8.752200000
2710,54.514715,15.332800000
2711,54.550696,13.552600000
2712,54.562293,11.197000000
2713,54.573105,10.484600000
2714,54.583386,10.000600000
2715,54.593473,9.892300000
2716,54.603394,9.721200000
2717,54.612734,9.043300000
2718,54.622067,9.057400000
2719,54.704549,11.501900000
2720,54.717439,12.460500000
2721,54.743365,11.781800000
2722,54.753852,10.224900000
2723,54.763951,9.797200000
2724,54.773363,9.180400000
2725,54.783082,9.468500000
2726,54.792241,9.035400000
2727,54.801359,8.849900000
2728,54.811017,9.557800000
2729,54.906470,13.205000000
2730,54.946197,15.862200000
2731,54.961003,14.443300000
2732,54.988331,26.997000000
2733,54.997698,8.911000000
2734,55.006893,8.978500000
2735,55.015893,8.805200000
2736,55.025017,8.929700000
2737,55.034192,8.991800000
2738,55.043347,8.985400000
2739,55.121260,11.384700000
2740,55.133277,11.580400000
2741,55.158904,13.611500000
2742,55.171060,11.783000000
2743,55.181641,10.347400000
2744,55.192402,10.518900000
2745,55.202466,9.819700000
2746,55.212563,9.831000000
2747,55.221936,9.173300000
2748,55.231545,9.400400000
2749,55.240380,8.626400000
2750,55.323130,13.111400000
2751,55.334751,11.240400000
2752,55.349433,14.358400000
2753,55.361300,11.474800000
2754,55.373190,11.531200000
2755,55.384369,10.979800000
2756,55.394399,9.649600000
2757,55.403601,9.099900000
2758,55.412820,9.132900000
2759,55.422174,9.094100000
2760,55.505885,11.268400000
2761,55.546983,10.773200000
2762,55.557398,10.095400000
2763,55.567120,9.517200000
2764,55.576400,9.022400000
2765,55.585300,8.700200000
2766,55.593807,8.281900000
2767,55.602607,8.581900000
2768,55.611119,8.291000000
2769,55.690675,11.732100000
2770,55.704649,13.448800000
2771,55.742480,16.203300000
2772,55.753253,10.443900000
2773,55.763757,10.266300000
2774,55.774337,10.279900000
2775,55.785516,10.889400000
2776,55.796458,10.634600000
2777,55.807291,10.490200000
2778,55.896777,11.552700000
2779,55.908445,11.159300000
2780,55.943748,16.429600000
2781,55.953895,9.803000000
2782,55.963966,9.874300000
2783,55.974667,10.507300000
2784,55.985450,10.627100000
2785,55.996562,10.823100000
2786,56.007699,10.963700000
2787,56.021115,13.209700000
2788,56.032102,10.690600000
2789,56.135818,14.585900000
2790,56.174053,10.360200000
2791,56.184631,10.264900000
2792,56.194941,10.045800000
2793,56.205467,10.219900000
2794,56.216108,10.446700000
2795,56.226843,10.622000000
2796,56.236517,9.294700000
2797,56.245126,8.501600000
2798,56.254386,9.008400000
2799,56.263034,8.462000000
2800,56.339563,11.830100000
2801,56.351292,11.345500000
2802,56.381853,10.492200000
2803,56.392976,10.855300000
2804,56.402922,9.782100000
2805,56.412255,9.075300000
2806,56.421862,9.469400000
2807,56.430962,8.869100000
2808,56.440054,8.899200000
2809,56.448758,8.343700000
2810,56.457941,8.906400000
2811,56.537301,11.774200000
2812,56.548298,10.653200000
2813,56.578958,10.780800000
2814,56.588837,9.593500000
2815,56.598539,9.370300000
2816,56.608221,9.477900000
2817,56.617389,8.958500000
2818,56.626418,8.820900000
2819,56.635403,8.785800000
2820,56.644865,9.247300000
2821,56.722581,10.615500000
2822,56.735328,12.350400000
2823,56.764309,10.387200000
2824,56.774367,9.763500000
2825,56.783766,9.224300000
2826,56.793375,9.381100000
2827,56.802538,8.929400000
2828,56.812057,9.296000000
2829,56.821072,8.794000000
2830,56.897478,10.872100000
2831,56.939926,12.164900000
2832,56.950008,9.770300000
2833,56.959572,9.356400000
2834,56.968908,9.130200000
2835,56.977841,8.723300000
2836,56.986598,8.544900000
2837,56.995899,9.101900000
2838,57.004983,8.815900000
2839,57.092630,10.427700000
2840,57.104411,11.447300000
2841,57.136025,11.796200000
2842,57.145906,9.633800000
2843,57.156001,9.911300000
2844,57.165213,9.043200000
2845,57.174000,8.607200000
2846,57.182805,8.473800000
2847,57.191531,8.565700000
2848,57.273796,16.385400000
2849,57.312588,12.188500000
2850,57.323319,10.435700000
2851,57.332969,9.454400000
2852,57.342992,9.774800000
2853,57.352198,8.910000000
2854,57.361076,8.660600000
2855,57.369751,8.461800000
2856,57.378776,8.810900000
2857,57.471212,13.708700000
2858,57.509074,12.389700000
2859,57.520486,11.061200000
2860,57.532253,11.434000000
2861,57.543100,10.486400000
2862,57.553968,10.513000000
2863,57.564597,10.329400000
2864,57.575448,10.515400000
2865,57.586111,10.401800000
2866,57.597360,10.948300000
2867,57.686199,10.461400000
2868,57.698312,11.722600000
2869,57.727223,10.746700000
2870,57.737310,9.743400000
2871,57.747474,9.961000000
2872,57.757947,10.175000000
2873,57.767520,9.336200000
2874,57.777165,9.221700000
2875,57.787203,9.836600000
2876,57.796267,8.747900000
2877,57.805525,9.091100000
2878,57.881470,10.161200000
2879,57.893443,11.626900000
2880,57.919208,10.661600000
2881,57.930999,11.441700000
2882,57.944139,12.817600000
2883,57.956148,11.663600000
2884,57.967277,10.814500000
2885,57.977958,10.379400000
2886,57.987759,9.542900000
2887,57.997603,9.579400000
2888,58.075735,10.691800000
2889,58.115453,11.361100000
2890,58.126663,10.869200000
2891,58.137671,10.720100000
2892,58.147495,9.589200000
2893,58.157371,9.640900000
2894,58.166619,9.047600000
2895,58.175250,8.410900000
2896,58.184284,8.824400000
2897,58.192750,8.264800000
2898,58.285343,10.819000000
2899,58.296629,10.921300000
2900,58.323707,11.306600000
2901,58.334191,10.179000000
2902,58.343932,9.445800000
2903,58.353044,8.922000000
2904,58.361959,8.676600000
2905,58.370332,8.194000000
2906,58.378434,7.831500000
2907,58.386979,8.407500000
2908,58.465417,11.528700000
2909,58.504133,13.059400000
2910,58.515405,10.826600000
2911,58.525265,9.587600000
2912,58.535002,9.498900000
2913,58.545095,9.784800000
2914,58.554682,9.359900000
2915,58.564301,9.384300000
2916,58.577597,12.979800000
2917,58.663830,12.558800000
2918,58.703178,12.007300000
2919,58.713083,9.642100000
2920,58.723337,10.058800000
2921,58.733098,9.434800000
2922,58.743650,10.420300000
2923,58.754898,10.967300000
2924,58.764370,9.230400000
2925,58.773061,8.462000000
2926,58.781460,8.186200000
2927,58.857725,10.447200000
2928,58.868416,10.266800000
2929,58.896199,10.062900000
2930,58.905877,9.415200000
2931,58.914992,8.939700000
2932,58.924598,9.362300000
2933,58.933739,8.916800000
2934,58.942761,8.828400000
2935,58.951968,9.026000000
2936,58.960181,8.019100000
2937,59.033603,9.479600000
2938,59.045142,10.916800000
2939,59.076180,11.146000000
2940,59.087505,10.981500000
2941,59.097729,9.871400000
2942,59.107338,9.306000000
2943,59.115915,8.371300000
2944,59.124252,8.177500000
2945,59.132433,7.988000000
2946,59.210036,10.962000000
2947,59.251383,11.785100000
2948,59.261894,10.206300000
2949,59.271472,9.279800000
2950,59.280389,8.718700000
2951,59.289715,9.142200000
2952,59.298625,8.718300000
2953,59.307520,8.729900000
2954,59.396723,10.704600000
2955,59.407983,10.879800000
2956,59.439607,11.739300000
2957,59.449414,9.481700000
2958,59.458820,9.227000000
2959,59.468083,9.055800000
2960,59.477859,9.547900000
2961,59.487074,8.994000000
2962,59.496401,9.122600000
2963,59.505732,9.105100000
2964,59.588195,10.739200000
2965,59.599341,10.819300000
2966,59.617548,10.318700000
2967,59.630349,12.504400000
2968,59.640042,9.448600000
2969,59.649244,8.918800000
2970,59.658997,9.561000000
2971,59.669877,10.701600000
2972,59.679540,9.349200000
2973,59.768140,10.306100000
2974,59.807306,9.693000000
2975,59.817141,9.541500000
2976,59.827328,9.914500000
2977,59.837844,10.317900000
2978,59.847264,9.202700000
2979,59.857325,9.817400000
2980,59.867956,10.348500000
2981,59.880027,11.724000000
2982,59.973338,13.040600000
2983,59.990361,16.472400000
2984,60.018729,15.012500000
2985,60.031124,11.965400000
2986,60.043641,12.190500000
2987,60.055953,12.022100000
2988,60.068285,12.079700000
2989,60.078927,10.326200000
2990,60.089795,10.557000000
2991,60.101362,11.313900000
2992,60.181146,11.266500000
2993,60.193531,11.998800000
2994,60.222708,9.955100000
2995,60.233264,10.270200000
2996,60.243914,10.463800000
2997,60.253436,9.372600000
2998,60.262347,8.815700000
2999,60.271133,8.543000000
3000,60.279770,8.416600000
3001,60.288678,8.786200000
3002,60.298352,9.518600000
3003,60.380443,13.363300000
3004,60.423858,10.676900000
3005,60.436821,12.692900000
3006,60.447007,9.961500000
3007,60.458271,11.119700000
3008,60.469123,10.755200000
3009,60.491583,22.130800000
3010,60.500033,7.985100000
3011,60.508602,8.388600000
3012,60.517267,8.461300000
3013,60.607586,11.470100000
3014,60.651017,12.081800000
3015,60.661644,10.359600000
3016,60.671261,9.382500000
3017,60.680249,8.824500000
3018,60.688649,8.183600000
3019,60.699380,10.559000000
3020,60.708519,8.848900000
3021,60.718442,9.683000000
3022,60.727897,9.199300000
3023,60.737404,9.255600000
3024,60.826318,11.338000000
3025,60.837437,10.662500000
3026,60.867381,10.624300000
3027,60.876594,8.927400000
3028,60.886140,9.405000000
3029,60.896438,10.057400000
3030,60.905710,9.017400000
3031,60.915220,9.327900000
3032,60.925363,9.936400000
3033,60.934388,8.849600000
3034,60.943086,8.541400000
3035,61.022042,11.301500000
3036,61.034148,11.598700000
3037,61.067844,11.269600000
3038,61.078446,10.383300000
3039,61.087990,9.327800000
3040,61.097895,9.605100000
3041,61.106826,8.731600000
3042,61.117051,10.037400000
3043,61.126412,9.110700000
3044,61.135841,9.149300000
3045,61.215073,11.478100000
3046,61.232480,16.840300000
3047,61.258634,11.169100000
3048,61.268636,9.625100000
3049,61.278514,9.717500000
3050,61.287850,9.059800000
3051,61.296336,8.292800000
3052,61.306372,9.903200000
3053,61.315348,8.717900000
3054,61.324901,9.276800000
3055,61.411700,13.266600000
3056,61.428355,16.064200000
3057,61.453570,13.482700000
3058,61.464200,10.232500000
3059,61.473801,9.387000000
3060,61.483572,9.488800000
3061,61.492707,8.979200000
3062,61.502000,9.129300000
3063,61.511216,9.047900000
3064,61.602540,10.477000000
3065,61.613888,11.022600000
3066,61.643517,10.767100000
3067,61.653494,9.676800000
3068,61.663212,9.517000000
3069,61.672922,9.556000000
3070,61.683165,9.992300000
3071,61.693655,10.286200000
3072,61.704262,10.334400000
3073,61.714776,10.217400000
3074,61.802532,12.097000000
3075,61.843033,10.206700000
3076,61.854150,10.868300000
3077,61.864626,10.226700000
3078,61.873868,9.127000000
3079,61.882584,8.409100000
3080,61.891260,8.360300000
3081,61.899968,8.527000000
3082,61.908283,8.119200000
3083,61.916250,7.800900000
3084,61.999663,13.429100000
3085,62.041185,10.326200000
3086,62.051682,10.293400000
3087,62.061342,9.458000000
3088,62.070958,9.392100000
3089,62.080905,9.794300000
3090,62.091487,10.352600000
3091,62.100513,8.851600000
3092,62.109135,8.459300000
3093,62.117137,7.790800000
3094,62.198464,13.319800000
3095,62.237985,11.074700000
3096,62.248387,10.112600000
3097,62.257243,8.608400000
3098,62.265827,8.489300000
3099,62.275068,8.967500000
3100,62.283901,8.595600000
3101,62.292663,8.563200000
3102,62.301502,8.664000000
3103,62.309781,8.060300000
3104,62.390580,11.057500000
3105,62.407476,16.362400000
3106,62.433799,10.370000000
3107,62.444285,10.227600000
3108,62.454856,10.371200000
3109,62.464358,9.307800000
3110,62.473344,8.652400000
3111,62.482501,8.951800000
3112,62.490951,8.218900000
3113,62.572678,13.904300000
3114,62.610194,11.295400000
3115,62.620264,9.716700000
3116,62.629437,9.000000000
3117,62.638051,8.516000000
3118,62.647253,8.888600000
3119,62.656063,8.629500000
3120,62.665140,8.870000000
3121,62.674392,8.982000000
3122,62.765292,10.594200000
3123,62.805385,11.162200000
3124,62.816622,10.903300000
3125,62.826576,9.676700000
3126,62.836551,9.669100000
3127,62.845694,8.951500000
3128,62.854423,8.620100000
3129,62.863554,8.941300000
3130,62.872452,8.696700000
3131,62.881312,8.648600000
3132,62.961559,13.426200000
3133,62.975105,13.034400000
3134,62.985938,10.546200000
3135,63.000406,10.715300000
3136,63.009824,9.144500000
3137,63.019423,9.404200000
3138,63.029521,9.848500000
3139,63.038589,8.872400000
3140,63.047420,8.631100000
3141,63.056513,8.878100000
3142,63.135690,11.096300000
3143,63.147252,11.139500000
3144,63.173741,10.147500000
3145,63.184557,10.440000000
3146,63.194965,10.239500000
3147,63.205979,10.737000000
3148,63.216867,10.538100000
3149,63.227611,10.483800000
3150,63.237099,9.232000000
3151,63.323733,13.789200000
3152,63.363743,10.609300000
3153,63.374034,9.933400000
3154,63.384151,9.767500000
3155,63.394349,10.055800000
3156,63.404256,9.778800000
3157,63.413387,8.867100000
3158,63.422744,9.182300000
3159,63.431859,8.872400000
3160,63.517484,14.839000000
3161,63.565159,16.173800000
3162,63.576229,10.657100000
3163,63.587254,10.692300000
3164,63.598368,10.746800000
3165,63.609329,10.562900000
3166,63.619996,10.368300000
3167,63.630669,10.403800000
3168,63.641120,10.204500000
3169,63.734640,14.174800000
3170,63.775591,13.073200000
3171,63.785895,10.004600000
3172,63.796307,10.117500000
3173,63.806908,10.281100000
3174,63.817890,10.735100000
3175,63.828044,9.892200000
3176,63.837897,9.560700000
3177,63.847242,9.105300000
3178,63.856473,9.011500000
3179,63.865817,9.143100000
3180,63.965465,12.438500000
3181,63.978291,12.452400000
3182,64.008223,11.288200000
3183,64.019953,11.430000000
3184,64.029912,9.693100000
3185,64.038970,8.946400000
3186,64.047723,8.518200000
3187,64.056835,8.900000000
3188,64.066568,9.528800000
3189,64.076522,9.806000000
3190,64.086697,9.930000000
3191,64.095747,8.806400000
3192,64.181485,11.170600000
3193,64.194267,12.435900000
3194,64.223753,11.832100000
3195,64.235372,11.294000000
3196,64.246306,10.598400000
3197,64.255728,9.213800000
3198,64.265773,9.781300000
3199,64.275660,9.671700000
3200,64.284953,9.057300000
3201,64.293473,8.262700000
3202,64.302018,8.371500000
3203,64.380302,11.047200000
3204,64.391588,10.921700000
3205,64.422617,9.979800000
3206,64.433114,10.179200000
3207,64.442600,9.302700000
3208,64.451973,9.181800000
3209,64.460555,8.358600000
3210,64.469328,8.606300000
3211,64.478393,8.894400000
3212,64.486996,8.431300000
3213,64.566914,10.772900000
3214,64.577803,10.502600000
3215,64.595801,9.925900000
3216,64.608802,12.684800000
3217,64.618471,9.411000000
3218,64.627933,9.185800000
3219,64.637418,9.206500000
3220,64.646202,8.560600000
3221,64.655472,9.051200000
3222,64.736772,11.210400000
3223,64.748061,10.907200000
3224,64.764121,14.411300000
3225,64.778925,12.145100000
3226,64.789027,9.840100000
3227,64.798397,9.138900000
3228,64.808067,9.409200000
3229,64.816895,8.658800000
3230,64.825634,8.443800000
3231,64.914984,10.742100000
3232,64.927802,12.357700000
3233,64.958493,11.180900000
3234,64.968903,10.113600000
3235,64.978430,9.355400000
3236,64.987496,8.926700000
3237,64.996981,9.231800000
3238,65.005807,8.607400000
3239,65.014766,8.777600000
3240,65.092374,10.420200000
3241,65.103539,10.771600000
3242,65.137764,11.597200000
3243,65.147883,9.868200000
3244,65.156719,8.603500000
3245,65.165490,8.628200000
3246,65.174522,8.798700000
3247,65.183665,8.967400000
3248,65.264537,11.383200000
3249,65.277552,12.679100000
3250,65.302562,12.019300000
3251,65.313159,10.337300000
3252,65.323822,10.461900000
3253,65.333484,9.444400000
3254,65.342760,9.055600000
3255,65.351984,9.050500000
3256,65.361772,9.547700000
3257,65.441799,9.845100000
3258,65.481776,10.609600000
3259,65.491457,9.378100000
3260,65.500486,8.843100000
3261,65.509190,8.599000000
3262,65.518076,8.791200000
3263,65.527034,8.653800000
3264,65.535488,8.259800000
3265,65.544396,8.717300000
3266,65.623100,10.566500000
3267,65.659912,10.067800000
3268,65.670547,10.300600000
3269,65.680182,9.337300000
3270,65.689413,9.027100000
3271,65.698768,9.175900000
3272,65.707895,8.984100000
3273,65.716930,8.723900000
3274,65.726776,9.638900000
3275,65.808827,10.957700000
3276,65.819765,10.558500000
3277,65.831376,11.280100000
3278,65.845965,14.283100000
3279,65.856805,10.556600000
3280,65.866850,9.799400000
3281,65.879164,12.006700000
3282,65.888440,9.070800000
3283,65.899434,10.699400000
3284,66.018782,33.261500000
3285,66.059306,12.098400000
3286,66.071478,11.882000000
3287,66.082288,10.467300000
3288,66.093220,10.562200000
3289,66.102797,9.352700000
3290,66.112776,9.770500000
3291,66.123012,10.092300000
3292,66.133563,10.334100000
3293,66.143193,9.394400000
3294,66.264056,10.428700000
3295,66.276313,11.888900000
3296,66.306135,11.272000000
3297,66.317368,10.986200000
3298,66.329740,12.049800000
3299,66.340786,10.722900000
3300,66.350571,9.603000000
3301,66.360427,9.530500000
3302,66.370678,9.992900000
3303,66.380695,9.794800000
3304,66.391086,10.095700000
3305,66.401593,10.222800000
3306,66.411247,9.426100000
3307,66.490136,10.277400000
3308,66.500536,10.083600000
3309,66.527991,12.818000000
3310,66.538281,9.974200000
3311,66.547373,8.939700000
3312,66.556515,8.932800000
3313,66.565886,9.086400000
3314,66.574830,8.727100000
3315,66.584363,9.310200000
3316,66.594443,9.857400000
3317,66.604111,9.439600000
3318,66.686255,11.178100000
3319,66.699099,12.476500000
3320,66.728774,11.607600000
3321,66.740200,11.087800000
3322,66.751206,10.735600000
3323,66.761920,10.453400000
3324,66.771407,9.340100000
3325,66.780459,8.951200000
3326,66.789874,9.162800000
3327,66.798937,8.820100000
3328,66.882600,12.719700000
3329,66.896441,13.461400000
3330,66.925200,11.576100000
3331,66.937153,11.597100000
3332,66.949348,11.767500000
3333,66.961499,11.834700000
3334,66.973305,11.428700000
3335,66.987396,13.710100000
3336,66.998354,10.664000000
3337,67.008957,10.283000000
3338,67.105567,11.216900000
3339,67.143423,9.342200000
3340,67.152668,8.958300000
3341,67.161507,8.616300000
3342,67.170453,8.759800000
3343,67.178897,8.229900000
3344,67.187396,8.328500000
3345,67.196318,8.786500000
3346,67.205099,8.504500000
3347,67.213649,8.344500000
3348,67.222647,8.802400000
3349,67.298080,9.702800000
3350,67.309824,11.397800000
3351,67.344958,10.619300000
3352,67.355849,10.563300000
3353,67.365561,9.516300000
3354,67.375374,9.600400000
3355,67.384316,8.825300000
3356,67.393314,8.689500000
3357,67.401666,8.142300000
3358,67.410679,8.814900000
3359,67.489928,10.621900000
3360,67.501545,11.167500000
3361,67.532452,10.584200000
3362,67.542773,9.314000000
3363,67.552062,8.993400000
3364,67.560721,8.493000000
3365,67.568907,8.027700000
3366,67.577486,8.424700000
3367,67.585605,7.920000000
3368,67.666037,10.528800000
3369,67.677770,11.408400000
3370,67.709442,9.655700000
3371,67.718609,8.896700000
3372,67.728104,9.302500000
3373,67.737994,9.649200000
3374,67.747009,8.651100000
3375,67.756372,9.220500000
3376,67.766061,9.454600000
3377,67.844971,11.011600000
3378,67.886086,9.572800000
3379,67.895226,8.811800000
3380,67.903868,8.471900000
3381,67.912149,8.097700000
3382,67.920780,8.453900000
3383,67.929035,8.048600000
3384,67.937609,8.367700000
3385,67.945609,7.800400000
3386,68.027059,10.267600000
3387,68.037504,10.128800000
3388,68.072188,12.089100000
3389,68.082198,9.795000000
3390,68.091168,8.779400000
3391,68.099691,8.261000000
3392,68.107771,7.927000000
3393,68.116279,8.306500000
3394,68.124751,8.257500000
3395,68.214429,11.039000000
3396,68.226553,11.631900000
3397,68.255322,9.964200000
3398,68.264908,9.310800000
3399,68.273803,8.699800000
3400,68.283047,9.100700000
3401,68.291500,8.315700000
3402,68.299948,8.245800000
3403,68.307948,7.832300000
3404,68.388359,10.648800000
3405,68.399844,11.079600000
3406,68.430805,10.213500000
3407,68.440235,9.153200000
3408,68.448957,8.605100000
3409,68.457978,8.764300000
3410,68.469093,10.820600000
3411,68.478475,9.110700000
3412,68.487767,9.072200000
3413,68.571349,10.699700000
3414,68.587534,15.703700000
3415,68.615087,15.819800000
3416,68.625862,10.426900000
3417,68.636714,10.598200000
3418,68.647586,10.622200000
3419,68.657423,9.643200000
3420,68.667260,9.566200000
3421,68.678480,10.887100000
3422,68.761871,10.227600000
3423,68.772594,10.253500000
3424,68.798947,9.623700000
3425,68.808293,9.076900000
3426,68.817970,9.499900000
3427,68.826945,8.723200000
3428,68.835910,8.760200000
3429,68.843895,7.893400000
3430,68.852197,8.085500000
3431,68.860721,8.281000000
3432,68.938468,10.327500000
3433,68.950755,11.958600000
3434,68.977710,10.035000000
3435,68.987211,9.225100000
3436,68.996122,8.671200000
3437,69.004867,8.520800000
3438,69.013238,8.149800000
3439,69.021976,8.565000000
3440,69.030739,8.602900000
3441,69.111995,11.485900000
3442,69.131134,18.667400000
3443,69.152209,11.625100000
3444,69.163264,10.618000000
3445,69.173156,9.646600000
3446,69.183193,9.825500000
3447,69.193504,10.176400000
3448,69.202394,8.773500000
3449,69.296171,10.175200000
3450,69.308452,11.837800000
3451,69.334800,10.288200000
3452,69.345568,10.411900000
3453,69.355919,10.098100000
3454,69.365275,9.161800000
3455,69.374279,8.783200000
3456,69.382731,8.351700000
3457,69.391339,8.419400000
3458,69.400024,8.357300000
3459,69.482702,10.142700000
3460,69.493261,10.192800000
3461,69.519974,11.205900000
3462,69.529738,9.421800000
3463,69.539284,9.331800000
3464,69.548172,8.697400000
3465,69.557160,8.856700000
3466,69.565909,8.507700000
3467,69.574430,8.334300000
3468,69.651933,10.672800000
3469,69.662878,10.569500000
3470,69.688232,9.841700000
3471,69.698271,9.780000000
3472,69.708167,9.639500000
3473,69.716927,8.644200000
3474,69.725962,8.865100000
3475,69.735439,9.180500000
3476,69.825665,11.010600000
3477,69.838240,12.168800000
3478,69.864459,9.720600000
3479,69.875247,10.400900000
3480,69.885934,10.456500000
3481,69.895219,9.072400000
3482,69.903924,8.551400000
3483,69.912401,8.186100000
3484,69.921218,8.607000000
3485,70.002077,9.729400000
3486,70.012658,10.224200000
3487,70.042216,12.008000000
3488,70.052806,10.285700000
3489,70.063488,10.407500000
3490,70.073068,9.312100000
3491,70.082746,9.536100000
3492,70.091539,8.476700000
3493,70.099971,8.235500000
3494,70.182563,11.216700000
3495,70.194031,11.099500000
3496,70.223058,13.815400000
3497,70.232454,9.026700000
3498,70.241484,8.822800000
3499,70.250712,9.011500000
3500,70.258886,7.975200000
3501,70.267220,8.129000000
3502,70.275090,7.611600000
3503,70.364024,9.835900000
3504,70.374322,9.924200000
3505,70.403129,10.066000000
3506,70.413797,10.353900000
3507,70.424647,10.621900000
3508,70.435473,10.513500000
3509,70.446015,10.320800000
3510,70.455585,9.318600000
3511,70.464189,8.393100000
3512,70.542593,9.792200000
3513,70.553587,10.670100000
3514,70.580084,10.180600000
3515,70.589800,9.388100000
3516,70.599383,9.299100000
3517,70.608062,8.462600000
3518,70.617080,8.786400000
3519,70.625903,8.584600000
3520,70.634887,8.759500000
3521,70.716552,11.027900000
3522,70.727835,10.846500000
3523,70.751241,10.133200000
3524,70.761090,9.441100000
3525,70.770536,9.216700000
3526,70.779997,9.279800000
3527,70.788838,8.626500000
3528,70.797464,8.417400000
3529,70.805482,7.847000000
3530,70.885195,10.057800000
3531,70.896659,11.151400000
3532,70.920364,10.094300000
3533,70.930723,9.999700000
3534,70.941362,10.356900000
3535,70.950768,9.164900000
3536,70.959859,8.860800000
3537,70.969160,9.072900000
3538,71.058166,14.160100000
3539,71.086038,9.930900000
3540,71.096030,9.605900000
3541,71.105543,9.266800000
3542,71.115155,9.437600000
3543,71.125385,9.967400000
3544,71.134575,8.946700000
3545,71.143368,8.546100000
3546,71.152410,8.829400000
3547,71.236090,12.057200000
3548,71.248332,11.814500000
3549,71.276407,11.261500000
3550,71.287176,10.456600000
3551,71.296634,9.240800000
3552,71.305390,8.555200000
3553,71.314551,8.950200000
3554,71.324351,9.655400000
3555,71.333479,8.919500000
3556,71.431902,10.585100000
3557,71.450370,17.987200000
3558,71.473953,14.296400000
3559,71.486995,12.798700000
3560,71.498298,11.085000000
3561,71.520096,21.529500000
3562,71.529346,8.916000000
3563,71.539107,9.512800000
3564,71.549008,9.723700000
3565,71.636935,11.074100000
3566,71.649076,11.732900000
3567,71.674445,10.283500000
3568,71.687060,12.238000000
3569,71.698379,11.041000000
3570,71.709119,10.597100000
3571,71.720262,11.004800000
3572,71.731418,11.031900000
3573,71.742569,10.812800000
3574,71.753474,10.627100000
3575,71.764041,10.273000000
3576,71.842323,10.347900000
3577,71.852862,10.165700000
3578,71.878633,13.648500000
3579,71.891085,12.203300000
3580,71.902263,10.896400000
3581,71.912018,9.473400000
3582,71.921996,9.804700000
3583,71.931885,9.624700000
3584,71.941374,9.225800000
3585,71.952770,11.095800000
3586,72.039309,11.447100000
3587,72.050901,11.144000000
3588,72.077319,10.977300000
3589,72.088914,11.292200000
3590,72.098971,9.866800000
3591,72.109208,9.985000000
3592,72.119998,10.551000000
3593,72.130476,10.239600000
3594,72.140968,10.307000000
3595,72.150445,9.182500000
3596,72.232178,10.317400000
3597,72.245043,11.507500000
3598,72.270972,11.108700000
3599,72.282476,11.185600000
3600,72.292638,9.929800000
3601,72.302159,9.319500000
3602,72.311354,9.012500000
3603,72.319856,8.414800000
3604,72.328531,8.589700000
3605,72.411060,10.373400000
3606,72.421459,10.084600000
3607,72.448404,11.545100000
3608,72.459134,10.371600000
3609,72.469585,10.194000000
3610,72.479346,9.530600000
3611,72.488912,9.326800000
3612,72.499173,9.991600000
3613,72.509546,10.177100000
3614,72.612592,15.343200000
3615,72.646400,10.379100000
3616,72.656466,9.718500000
3617,72.666790,10.131600000
3618,72.676863,9.781900000
3619,72.685975,8.915200000
3620,72.695429,9.266400000
3621,72.705481,9.815100000
3622,72.715579,9.893400000
3623,72.724587,8.775600000
3624,72.802714,11.376300000
3625,72.814455,11.369100000
3626,72.840867,10.916700000
3627,72.850961,9.798500000
3628,72.861366,10.155300000
3629,72.871691,10.133800000
3630,72.882356,10.405000000
3631,72.892919,10.291000000
3632,72.902282,9.089700000
3633,72.910970,8.478300000
3634,72.988636,10.178000000
3635,72.999466,10.504800000
3636,73.030324,10.758600000
3637,73.041026,10.412100000
3638,73.051087,9.744300000
3639,73.060975,9.732400000
3640,73.070018,8.917000000
3641,73.079109,8.861300000
3642,73.087465,8.262100000
3643,73.165635,10.267600000
3644,73.177113,11.041700000
3645,73.205505,11.544200000
3646,73.216291,10.530500000
3647,73.227139,10.624900000
3648,73.237103,9.732100000
3649,73.246601,9.277600000
3650,73.255330,8.631400000
3651,73.264529,8.866200000
3652,73.341444,11.043300000
3653,73.352507,10.732100000
3654,73.378470,10.400100000
3655,73.388646,9.883000000
3656,73.398313,9.442300000
3657,73.407494,9.042300000
3658,73.416223,8.623500000
3659,73.424764,8.319700000
3660,73.433566,8.575300000
3661,73.512505,11.236900000
3662,73.524795,11.891800000
3663,73.551637,11.236600000
3664,73.562730,10.783500000
3665,73.572715,9.727200000
3666,73.582112,9.089100000
3667,73.591201,8.883900000
3668,73.599867,8.454800000
3669,73.687810,10.471800000
3670,73.698508,10.373500000
3671,73.724519,10.343500000
3672,73.735049,10.227600000
3673,73.745473,10.167300000
3674,73.755066,9.364300000
3675,73.765028,9.697700000
3676,73.775287,10.036800000
3677,73.784636,9.095000000
3678,73.863343,10.547200000
3679,73.874408,10.699100000
3680,73.902746,11.154100000
3681,73.913516,10.483000000
3682,73.924397,10.616300000
3683,73.934352,9.704800000
3684,73.944175,9.633400000
3685,73.953033,8.612800000
3686,73.961925,8.676700000
3687,74.048282,11.915900000
3688,74.060523,11.837300000
3689,74.087529,11.732500000
3690,74.099383,11.389900000
3691,74.110992,11.270100000
3692,74.121786,10.400600000
3693,74.133018,10.970600000
3694,74.143961,10.607700000
3695,74.153775,9.547100000
3696,74.242303,12.709100000
3697,74.254356,11.672200000
3698,74.284560,11.249000000
3699,74.295227,10.359200000
3700,74.305966,10.506000000
3701,74.315868,9.559800000
3702,74.325852,9.847100000
3703,74.335983,9.909800000
3704,74.345502,9.237400000
3705,74.355159,9.364500000
3706,74.436395,10.980900000
3707,74.448488,11.762800000
3708,74.474147,10.881400000
3709,74.484228,9.820900000
3710,74.494700,10.231400000
3711,74.504117,9.222500000
3712,74.513012,8.707400000
3713,74.521558,8.447700000
3714,74.530333,8.551300000
3715,74.538801,8.280400000
3716,74.617536,11.408100000
3717,74.640665,11.198400000
3718,74.655926,14.944900000
3719,74.668617,12.312200000
3720,74.679449,10.524200000
3721,74.690001,10.246100000
3722,74.700615,10.311900000
3723,74.710175,9.242000000
3724,74.719473,9.074600000
3725,74.811926,10.200900000
3726,74.828196,15.882900000
3727,74.851728,10.473300000
3728,74.862702,10.675500000
3729,74.872636,9.732000000
3730,74.882795,9.933200000
3731,74.892107,9.073100000
3732,74.901640,9.338200000
3733,74.910742,8.823200000
3734,74.996547,12.631700000
3735,75.009948,13.022500000
3736,75.036182,10.828300000
3737,75.046879,10.415500000
3738,75.056993,9.834900000
3739,75.066974,9.797900000
3740,75.077425,10.244000000
3741,75.086914,9.238900000
3742,75.096349,9.187800000
3743,75.104914,8.328300000
3744,75.180226,9.883500000
3745,75.192846,12.228400000
3746,75.220401,10.111400000
3747,75.230333,9.640900000
3748,75.240388,9.841000000
3749,75.249628,9.054900000
3750,75.258547,8.630800000
3751,75.267291,8.480200000
3752,75.276448,9.027200000
3753,75.364733,13.065600000
3754,75.378384,13.084700000
3755,75.407215,14.435800000
3756,75.419121,11.532800000
3757,75.430078,10.638600000
3758,75.440473,10.158300000
3759,75.450120,9.382000000
3760,75.459109,8.788500000
3761,75.468149,8.882100000
3762,75.543655,10.390700000
3763,75.556150,12.185600000
3764,75.580782,13.031600000
3765,75.591563,10.466400000
3766,75.602191,10.279000000
3767,75.612907,10.387700000
3768,75.622627,9.434100000
3769,75.631466,8.606200000
3770,75.640000,8.286600000
3771,75.718357,11.830300000
3772,75.729937,11.222300000
3773,75.757835,12.210400000
3774,75.768039,9.914200000
3775,75.777627,9.351600000
3776,75.786751,8.938000000
3777,75.795552,8.612700000
3778,75.804617,8.825800000
3779,75.813562,8.746100000
3780,75.902569,10.396500000
3781,75.913332,10.437100000
3782,75.945237,13.542300000
3783,75.956275,10.676000000
3784,75.966129,9.598000000
3785,75.975342,9.100100000
3786,75.984500,8.890500000
3787,75.993625,8.903000000
3788,76.002123,8.298900000
3789,76.085452,12.332600000
3790,76.098354,12.458200000
3791,76.127371,11.816800000
3792,76.138834,11.096700000
3793,76.149199,10.085100000
3794,76.159271,9.842600000
3795,76.168469,9.033300000
3796,76.177451,8.743500000
3797,76.185871,8.269200000
3798,76.262611,11.107900000
3799,76.275420,12.397900000
3800,76.306395,15.308200000
3801,76.317590,10.862200000
3802,76.328091,10.222700000
3803,76.337754,9.415500000
3804,76.347115,9.144900000
3805,76.356046,8.751600000
3806,76.364593,8.359400000
3807,76.446086,13.011000000
3808,76.458600,12.118300000
3809,76.484656,12.054200000
3810,76.496144,11.080900000
3811,76.506798,10.360700000
3812,76.516760,9.710800000
3813,76.527295,10.229900000
3814,76.537959,10.312700000
3815,76.548560,10.314800000
3816,76.631697,11.256900000
3817,76.642929,10.849300000
3818,76.674533,12.822900000
3819,76.686354,11.516500000
3820,76.696944,10.314600000
3821,76.707145,9.996200000
3822,76.716494,9.128700000
3823,76.725880,9.150600000
3824,76.734548,8.443400000
3825,76.812801,11.093100000
3826,76.823957,10.627000000
3827,76.850367,10.497600000
3828,76.860417,9.733000000
3829,76.869818,9.232100000
3830,76.878865,8.864100000
3831,76.887893,8.667800000
3832,76.897145,9.010600000
3833,76.905311,7.995000000
3834,76.997342,11.435700000
3835,77.011354,13.612800000
3836,77.041278,15.374900000
3837,77.055529,13.930400000
3838,77.078938,23.070100000
3839,77.088587,9.334500000
3840,77.097140,8.331000000
3841,77.106476,9.114700000
3842,77.116655,9.955300000
3843,77.125498,8.628500000
3844,77.208782,14.235200000
3845,77.247658,11.124000000
3846,77.258689,10.690200000
3847,77.269034,10.052800000
3848,77.279094,9.906700000
3849,77.288902,9.597600000
3850,77.298781,9.602700000
3851,77.308383,9.276400000
3852,77.317381,8.780600000
3853,77.326813,9.225200000
3854,77.416850,11.437200000
3855,77.429109,11.870700000
3856,77.454887,11.853100000
3857,77.464931,9.661000000
3858,77.474559,9.411600000
3859,77.485129,10.313600000
3860,77.494702,9.300400000
3861,77.504335,9.373700000
3862,77.514117,9.567800000
3863,77.524210,9.879200000
3864,77.534179,9.768700000
3865,77.615893,10.652800000
3866,77.626901,10.710100000
3867,77.655421,11.947100000
3868,77.666357,10.638600000
3869,77.676185,9.685900000
3870,77.685645,9.188200000
3871,77.694618,8.797000000
3872,77.703996,9.244600000
3873,77.714311,10.061800000
3874,77.723589,9.067800000
3875,77.812314,14.458000000
3876,77.848377,11.574900000
3877,77.859949,11.236200000
3878,77.871252,11.037600000
3879,77.881342,9.820200000
3880,77.890928,9.354800000
3881,77.899719,8.553500000
3882,77.908330,8.400200000
3883,77.916635,8.019700000
3884,77.996029,11.535600000
3885,78.008408,11.973600000
3886,78.037118,10.472600000
3887,78.047257,9.827700000
3888,78.057411,9.949400000
3889,78.069172,11.486900000
3890,78.080561,11.030400000
3891,78.092429,11.625200000
3892,78.104430,11.724700000
3893,78.115970,11.272900000
3894,78.218981,11.438900000
3895,78.230389,10.899200000
3896,78.259408,10.385500000
3897,78.269324,9.601600000
3898,78.279307,9.734300000
3899,78.288438,8.939900000
3900,78.297800,9.139800000
3901,78.307360,9.274800000
3902,78.316702,9.182900000
3903,78.325878,8.897700000
3904,78.334916,8.740000000
3905,78.418183,10.503700000
3906,78.429096,10.497900000
3907,78.464085,14.460800000
3908,78.474266,9.850700000
3909,78.484551,10.067000000
3910,78.494840,10.140900000
3911,78.504348,9.192900000
3912,78.513376,8.735200000
3913,78.521831,8.233500000
3914,78.530510,8.468400000
3915,78.606555,10.360900000
3916,78.618220,11.279100000
3917,78.650884,10.679300000
3918,78.661240,10.065800000
3919,78.670580,9.111300000
3920,78.679390,8.609300000
3921,78.688001,8.399300000
3922,78.696368,8.166800000
3923,78.705662,9.135800000
3924,78.784958,10.410400000
3925,78.824476,11.160300000
3926,78.835689,10.943800000
3927,78.845824,9.918400000
3928,78.855226,9.297400000
3929,78.864868,9.359900000
3930,78.873787,8.716000000
3931,78.882386,8.411200000
3932,78.891622,9.009700000
3933,78.968555,10.207800000
3934,78.979183,10.199600000
3935,79.006814,10.285800000
3936,79.017091,10.032100000
3937,79.027383,10.021500000
3938,79.036734,9.166100000
3939,79.045606,8.707400000
3940,79.054012,8.249300000
3941,79.062456,8.286200000
3942,79.140519,10.628300000
3943,79.152138,11.190700000
3944,79.178735,11.191100000
3945,79.190248,11.255500000
3946,79.200232,9.741100000
3947,79.210340,9.822000000
3948,79.219722,9.199400000
3949,79.229174,9.242700000
3950,79.238502,9.104000000
3951,79.328402,12.122200000
3952,79.340154,11.272300000
3953,79.364393,11.925600000
3954,79.374628,9.980500000
3955,79.384294,9.368200000
3956,79.393385,8.878100000
3957,79.402574,8.974900000
3958,79.411422,8.635400000
3959,79.419842,8.224000000
3960,79.502602,12.326800000
3961,79.513569,10.628200000
3962,79.537954,10.447200000
3963,79.549986,11.696500000
3964,79.561661,11.395000000
3965,79.571846,9.950200000
3966,79.581308,9.207900000
3967,79.591266,9.724300000
3968,79.601315,9.912500000
3969,79.681630,10.547500000
3970,79.696419,14.281900000
3971,79.721048,11.380000000
3972,79.731614,10.282200000
3973,79.741661,9.757800000
3974,79.750910,9.091400000
3975,79.760623,9.469200000
3976,79.769757,8.918200000
3977,79.778291,8.336600000
3978,79.856277,11.197200000
3979,79.868673,12.005500000
3980,79.893302,10.836100000
3981,79.904718,11.089400000
3982,79.916014,11.025900000
3983,79.926038,9.734700000
3984,79.935224,9.014900000
3985,79.943684,8.233500000
3986,79.951865,8.002400000
3987,80.042874,12.820500000
3988,80.055691,12.363700000
3989,80.079411,11.929200000
3990,80.090977,11.190700000
3991,80.102097,10.811500000
3992,80.112914,10.523100000
3993,80.122821,9.608200000
3994,80.133178,10.083300000
3995,80.143266,9.823100000
3996,80.232061,11.827500000
3997,80.246213,13.792000000
3998,80.268311,10.117300000
3999,80.278105,9.517400000
4000,80.287281,8.923500000
4001,80.296356,8.893600000
4002,80.305910,9.258600000
4003,80.316102,9.904900000
4004,80.326920,10.568000000
4005,80.431810,10.726900000
4006,80.443594,11.333900000
4007,80.471200,12.081800000
4008,80.481670,10.198700000
4009,80.491453,9.570300000
4010,80.501368,9.705300000
4011,80.510860,9.268500000
4012,80.519860,8.820100000
4013,80.528210,8.149000000
4014,80.536700,8.300700000
4015,80.617976,11.130900000
4016,80.629421,11.018700000
4017,80.641315,11.552900000
4018,80.655246,13.496500000
4019,80.665910,10.367700000
4020,80.675714,9.598300000
4021,80.685057,9.108100000
4022,80.694849,9.497900000
4023,80.705041,9.890000000
4024,80.714325,9.063800000
4025,80.793270,11.858500000
4026,80.804714,11.117600000
4027,80.833277,11.578500000
4028,80.845430,11.852300000
4029,80.856971,11.317100000
4030,80.867573,10.332000000
4031,80.876917,9.101200000
4032,80.885930,8.784400000
4033,80.970515,11.881900000
4034,81.017925,17.602300000
4035,81.029485,11.191300000
4036,81.044866,15.086500000
4037,81.055830,10.701000000
4038,81.065381,9.221800000
4039,81.074968,9.337300000
4040,81.084053,8.791600000
4041,81.092428,8.190300000
4042,81.169466,10.803700000
4043,81.207999,11.907200000
4044,81.218206,9.780600000
4045,81.228567,10.140900000
4046,81.238037,9.238200000
4047,81.246967,8.700300000
4048,81.255684,8.523700000
4049,81.264695,8.809000000
4050,81.272935,8.049500000
4051,81.281176,8.023300000
4052,81.359652,10.686900000
4053,81.371731,11.721000000
4054,81.398357,11.010100000
4055,81.409853,11.055600000
4056,81.420278,10.090700000
4057,81.429612,9.102600000
4058,81.438704,8.859100000
4059,81.447928,8.944200000
4060,81.456813,8.616700000
4061,81.465633,8.608600000
4062,81.558164,10.434300000
4063,81.568940,10.383400000
4064,81.579760,10.496400000
4065,81.593467,13.382200000
4066,81.603968,10.230300000
4067,81.613956,9.705700000
4068,81.623560,9.374400000
4069,81.632631,8.871000000
4070,81.641348,8.521600000
4071,81.650197,8.642200000
4072,81.732212,10.643600000
4073,81.744017,11.466100000
4074,81.770230,10.615400000
4075,81.780649,10.068200000
4076,81.790326,9.447700000
4077,81.799691,9.121300000
4078,81.808238,8.347700000
4079,81.816408,7.989500000
4080,81.897739,12.286800000
4081,81.910822,12.700100000
4082,81.937808,11.609600000
4083,81.949782,11.622700000
4084,81.959753,9.779800000
4085,81.969851,9.862600000
4086,81.978996,9.036400000
4087,81.988350,9.262700000
4088,81.997534,9.094500000
4089,82.077287,11.409900000
4090,82.089956,12.320200000
4091,82.119222,11.415400000
4092,82.130898,11.425500000
4093,82.142159,10.996500000
4094,82.152099,9.700300000
4095,82.161274,8.947300000
4096,82.169768,8.309700000
4097,82.178065,8.124500000
4098,82.253833,10.721900000
4099,82.266335,12.105900000
4100,82.295487,10.751000000
4101,82.305881,10.143100000
4102,82.315552,9.458600000
4103,82.324555,8.897600000
4104,82.333413,8.551500000
4105,82.341986,8.376500000
4106,82.427192,10.923700000
4107,82.440857,13.200500000
4108,82.468588,12.910900000
4109,82.482465,13.461600000
4110,82.493229,10.431400000
4111,82.503937,10.413000000
4112,82.514533,10.343500000
4113,82.524886,10.180800000
4114,82.538712,13.680900000
4115,82.647250,17.943700000
4116,82.663005,15.348000000
4117,82.696878,33.510600000
4118,82.707331,10.085500000
4119,82.716893,9.271500000
4120,82.726714,9.575900000
4121,82.736985,10.020600000
4122,82.746114,9.010500000
4123,82.755629,9.318100000
4124,82.765547,9.673500000
4125,82.774353,8.585300000
4126,82.854321,11.310600000
4127,82.866638,11.989800000
4128,82.893694,11.599800000
4129,82.904936,10.855400000
4130,82.915796,10.549400000
4131,82.926451,10.493200000
4132,82.935884,9.314300000
4133,82.945635,9.502200000
4134,82.954537,8.692200000
4135,82.963785,9.103200000
4136,83.043962,12.159500000
4137,83.055921,11.547400000
4138,83.082676,13.081800000
4139,83.094706,11.719700000
4140,83.105204,10.059200000
4141,83.115636,10.130700000
4142,83.126149,10.232900000
4143,83.137026,10.633700000
4144,83.150401,13.126500000
4145,83.160954,10.166100000
4146,83.242784,11.774300000
4147,83.285803,15.368100000
4148,83.296081,9.935000000
4149,83.305523,9.218500000
4150,83.314561,8.937500000
4151,83.323441,8.707800000
4152,83.331978,8.354300000
4153,83.340805,8.619400000
4154,83.349552,8.539900000
4155,83.357997,8.253500000
4156,83.444450,10.872200000
4157,83.456615,11.818300000
4158,83.491262,16.233500000
4159,83.502082,10.551600000
4160,83.513194,10.894400000
4161,83.522862,9.478000000
4162,83.532163,9.095500000
4163,83.541541,9.169100000
4164,83.551426,9.670200000
4165,83.561658,10.040200000
4166,83.652537,10.986900000
4167,83.664395,11.507600000
4168,83.692539,10.723200000
4169,83.704093,11.298500000
4170,83.714054,9.695800000
4171,83.723814,9.522400000
4172,83.733781,9.689100000
4173,83.743933,9.894000000
4174,83.753354,9.203500000
4175,83.763261,9.673100000
4176,83.848781,10.933500000
4177,83.860104,10.952600000
4178,83.892967,11.331800000
4179,83.903201,9.945900000
4180,83.912521,9.162500000
4181,83.921737,9.033200000
4182,83.930644,8.778800000
4183,83.939238,8.341700000
4184,83.947869,8.398600000
4185,83.956877,8.823500000
4186,84.036273,10.313000000
4187,84.047306,10.700300000
4188,84.081875,11.029400000
4189,84.091707,9.449700000
4190,84.101659,9.770300000
4191,84.111130,9.274400000
4192,84.120274,8.924700000
4193,84.129648,9.133700000
4194,84.138429,8.550200000
4195,84.147756,9.118800000
4196,84.226776,11.808800000
4197,84.238734,11.569600000
4198,84.251285,12.229500000
4199,84.266713,11.037300000
4200,84.277331,10.323600000
4201,84.287272,9.631700000
4202,84.296418,8.937700000
4203,84.306485,9.887300000
4204,84.315656,8.956400000
4205,84.395057,10.891700000
4206,84.436487,13.215900000
4207,84.447668,10.758000000
4208,84.457771,9.861400000
4209,84.468528,10.466000000
4210,84.478983,10.233100000
4211,84.488504,9.200500000
4212,84.497283,8.576100000
4213,84.506014,8.542100000
4214,84.589650,10.778600000
4215,84.601331,11.338900000
4216,84.627785,12.422500000
4217,84.638151,10.083000000
4218,84.647862,9.499400000
4219,84.657307,9.205400000
4220,84.666525,9.019700000
4221,84.675956,9.240900000
4222,84.684595,8.435000000
4223,84.775932,10.995500000
4224,84.787280,11.012500000
4225,84.815128,11.476300000
4226,84.826743,11.372200000
4227,84.837287,10.295300000
4228,84.846907,9.423500000
4229,84.856818,9.640200000
4230,84.865719,8.727100000
4231,84.875169,9.200900000
4232,84.885111,9.744800000
4233,84.963918,10.302300000
4234,84.976538,12.267500000
4235,85.006584,10.830500000
4236,85.017156,10.268300000
4237,85.026975,9.622500000
4238,85.036186,8.983800000
4239,85.045300,8.924500000
4240,85.053774,8.273400000
4241,85.062928,8.818200000
4242,85.145391,11.744400000
4243,85.183792,11.337400000
4244,85.195557,11.421500000
4245,85.205882,10.107300000
4246,85.215268,9.151400000
4247,85.223956,8.488900000
4248,85.232735,8.587700000
4249,85.241898,8.972300000
4250,85.251143,9.054100000
4251,85.330602,10.884300000
4252,85.342453,11.465300000
4253,85.369355,10.796800000
4254,85.380968,11.329400000
4255,85.391794,10.554400000
4256,85.402592,10.537800000
4257,85.413437,10.520700000
4258,85.423259,9.589200000
4259,85.432483,9.035400000
4260,85.513931,11.433200000
4261,85.525974,11.689600000
4262,85.554008,12.170300000
4263,85.564239,9.933300000
4264,85.574762,10.249900000
4265,85.584263,9.252100000
4266,85.593509,9.047900000
4267,85.602908,9.194100000
4268,85.612346,9.246000000
4269,85.697595,13.125100000
4270,85.742312,13.086500000
4271,85.754312,11.591400000
4272,85.766064,11.467000000
4273,85.777989,11.577900000
4274,85.789834,11.585400000
4275,85.801245,11.088000000
4276,85.811923,10.409200000
4277,85.821526,9.453600000
4278,85.831221,9.487200000
4279,85.929542,12.877700000
4280,85.942025,12.078100000
4281,85.964651,12.619300000
4282,85.975996,11.015500000
4283,85.987127,10.823100000
4284,85.997858,10.443900000
4285,86.010025,11.774200000
4286,86.022186,11.709600000
4287,86.032455,9.938600000
4288,86.041843,9.100800000
4289,86.050920,8.856500000
4290,86.131134,10.667500000
4291,86.142472,10.983800000
4292,86.171257,13.307500000
4293,86.181889,10.328500000
4294,86.192699,10.573200000
4295,86.203090,10.170800000
4296,86.213377,10.063200000
4297,86.223712,10.090600000
4298,86.233793,9.809200000
4299,86.244023,9.982000000
4300,86.329741,11.465400000
4301,86.341423,11.292100000
4302,86.370476,11.820800000
4303,86.381392,10.603200000
4304,86.392314,10.554900000
4305,86.402182,9.604100000
4306,86.412445,10.058600000
4307,86.421854,9.153300000
4308,86.430738,8.666300000
4309,86.439924,8.923600000
4310,86.526454,12.095200000
4311,86.539154,12.377200000
4312,86.569131,16.264900000
4313,86.581536,12.107600000
4314,86.594194,12.277700000
4315,86.606648,12.255900000
4316,86.618813,11.817000000
4317,86.630834,11.873800000
4318,86.643041,11.814400000
4319,86.655337,12.017500000
4320,86.750457,10.329400000
4321,86.762848,12.009000000
4322,86.793258,11.314900000
4323,86.803271,9.780700000
4324,86.812812,9.390100000
4325,86.821893,8.833200000
4326,86.830973,8.987700000
4327,86.840428,8.961500000
4328,86.850060,9.423400000
4329,86.859204,9.020700000
4330,86.868946,9.490400000
4331,86.961231,12.688100000
4332,86.976368,14.697000000
4333,87.004529,12.732200000
4334,87.017369,12.476000000
4335,87.029452,11.854500000
4336,87.040607,10.680000000
4337,87.050307,9.579900000
4338,87.060369,9.820200000
4339,87.069333,8.791200000
4340,87.078256,8.829200000
4341,87.087635,9.168500000
4342,87.169926,11.940900000
4343,87.182154,11.765300000
4344,87.208342,11.156300000
4345,87.219148,10.486100000
4346,87.229091,9.706900000
4347,87.239253,9.905400000
4348,87.249818,10.304500000
4349,87.259401,9.326000000
4350,87.268532,8.943200000
4351,87.277902,9.185500000
4352,87.361508,13.915400000
4353,87.396298,10.824800000
4354,87.406946,10.328200000
4355,87.417215,9.968900000
4356,87.427462,10.007500000
4357,87.438178,10.487100000
4358,87.449003,10.540300000
4359,87.458787,9.506200000
4360,87.468137,9.149200000
4361,87.477191,8.800800000
4362,87.562925,13.421100000
4363,87.602145,12.275800000
4364,87.613316,10.783300000
4365,87.623477,9.951300000
4366,87.633718,10.004600000
4367,87.643188,9.265900000
4368,87.652796,9.411400000
4369,87.661604,8.610700000
4370,87.671598,9.800600000
4371,87.681677,9.850900000
4372,87.764147,13.634300000
4373,87.804228,12.274900000
4374,87.815451,10.804100000
4375,87.825473,9.757600000
4376,87.834621,8.935400000
4377,87.843690,8.872100000
4378,87.853187,9.075200000
4379,87.861801,8.389300000
4380,87.870879,8.875100000
4381,87.879442,8.375400000
4382,87.973843,12.655300000
4383,88.014867,11.376200000
4384,88.026367,11.189200000
4385,88.036992,10.372900000
4386,88.046617,9.385400000
4387,88.056037,9.194600000
4388,88.065043,8.850200000
4389,88.073657,8.401800000
4390,88.082870,9.046400000
4391,88.091526,8.416300000
4392,88.184608,18.894600000
4393,88.225561,17.442900000
4394,88.239155,13.223100000
4395,88.253858,14.471200000
4396,88.279747,25.658100000
4397,88.289955,9.983200000
4398,88.300229,10.085600000
4399,88.310070,9.614000000
4400,88.319914,9.613000000
4401,88.329763,9.669600000
4402,88.339540,9.536100000
4403,88.424747,13.948700000
4404,88.466868,14.466700000
4405,88.477150,9.972900000
4406,88.486970,9.545000000
4407,88.496470,9.319300000
4408,88.506233,9.491700000
4409,88.515133,8.743200000
4410,88.524037,8.753800000
4411,88.533370,9.080500000
4412,88.542317,8.754300000
4413,88.551496,8.990700000
4414,88.560949,9.249500000
4415,88.648121,14.036500000
4416,88.692753,15.122800000
4417,88.703216,10.118900000
4418,88.712834,9.401100000
4419,88.722690,9.625700000
4420,88.734040,11.097600000
4421,88.746038,11.664800000
4422,88.757060,10.746900000
4423,88.768086,10.722100000
4424,88.779508,11.140000000
4425,88.791224,11.487500000
4426,88.875771,11.439600000
4427,88.888642,12.450700000
4428,88.919798,11.185000000
4429,88.929771,9.671000000
4430,88.939982,9.953900000
4431,88.950568,10.332800000
4432,88.960065,9.199300000
4433,88.969559,9.251700000
4434,88.979108,9.333200000
4435,88.988327,8.985400000
4436,88.997200,8.679700000
4437,89.009634,12.210400000
4438,89.106637,11.112200000
4439,89.118021,10.932500000
4440,89.150255,13.983000000
4441,89.161265,10.743500000
4442,89.171179,9.672200000
4443,89.180577,9.143400000
4444,89.189757,8.941500000
4445,89.198595,8.621900000
4446,89.206994,8.164000000
4447,89.215696,8.448800000
4448,89.224764,8.813800000
4449,89.310656,14.789400000
4450,89.323341,12.328400000
4451,89.355313,15.798000000
4452,89.368088,12.425300000
4453,89.378910,10.659100000
4454,89.389215,10.164300000
4455,89.400093,10.637700000
4456,89.410600,10.174300000
4457,89.421328,10.429500000
4458,89.432173,10.546500000
4459,89.522709,14.484800000
4460,89.535375,12.284600000
4461,89.564166,12.327800000
4462,89.574367,9.891700000
4463,89.584106,9.432200000
4464,89.594175,9.788100000
4465,89.603372,8.961600000
4466,89.612418,8.830800000
4467,89.621642,9.003800000
4468,89.630785,8.938800000
4469,89.640040,9.056300000
4470,89.723154,11.406900000
4471,89.734591,10.977000000
4472,89.765881,10.655600000
4473,89.776872,10.768600000
4474,89.786770,9.743900000
4475,89.796615,9.619500000
4476,89.806045,9.291200000
4477,89.815524,9.329000000
4478,89.824260,8.491700000
4479,89.833620,9.131600000
4480,89.915601,12.125600000
4481,89.927760,11.803100000
4482,89.942347,11.055700000
4483,89.956302,13.646500000
4484,89.966825,10.203200000
4485,89.978470,11.455500000
4486,89.989636,10.814300000
4487,90.001028,11.058100000
4488,90.012304,11.006900000
4489,90.022944,10.343200000
4490,90.119411,11.667500000
4491,90.162599,13.173800000
4492,90.174216,11.355800000
4493,90.184471,9.963900000
4494,90.194323,9.664600000
4495,90.203447,8.898600000
4496,90.213008,9.364500000
4497,90.222179,8.987000000
4498,90.231290,8.884500000
4499,90.240760,9.229200000
4500,90.322138,11.954400000
4501,90.339418,16.812400000
4502,90.364090,11.123500000
4503,90.375656,11.251700000
4504,90.387095,11.128200000
4505,90.397282,9.905100000
4506,90.407484,9.963300000
4507,90.417344,9.611800000
4508,90.427177,9.578700000
4509,90.437387,9.967100000
4510,90.527365,16.141300000
4511,90.563919,11.531300000
4512,90.574702,10.489500000
4513,90.585515,10.602200000
4514,90.596377,10.653400000
4515,90.605991,9.499000000
4516,90.615086,8.853200000
4517,90.624538,9.228000000
4518,90.633510,8.739200000
4519,90.642266,8.546100000
4520,90.725677,11.825800000
4521,90.739508,13.451500000
4522,90.768902,11.855600000
4523,90.779029,9.887300000
4524,90.788749,9.425000000
4525,90.798182,9.195800000
4526,90.807664,9.265200000
4527,90.816620,8.720500000
4528,90.825655,8.847400000
4529,90.834752,8.884700000
4530,90.913050,10.881100000
4531,90.925527,12.131100000
4532,90.954728,12.041400000
4533,90.966702,11.683500000
4534,90.977260,10.339400000
4535,90.986730,9.358800000
4536,90.996113,9.099200000
4537,91.004872,8.577200000
4538,91.014090,8.986900000
4539,91.094594,11.427200000
4540,91.107025,12.094600000
4541,91.135426,10.903200000
4542,91.147355,11.629500000
4543,91.160231,12.526600000
4544,91.172156,11.554700000
4545,91.183671,11.218900000
4546,91.193918,9.955800000
4547,91.203774,9.703400000
4548,91.304952,12.535300000
4549,91.317251,11.941000000
4550,91.350585,14.720500000
4551,91.362325,11.355700000
4552,91.374237,11.627800000
4553,91.384267,9.895200000
4554,91.393809,9.320100000
4555,91.402893,8.871800000
4556,91.411758,8.675000000
4557,91.420939,8.939300000
4558,91.429840,8.712300000
4559,91.513241,12.356600000
4560,91.565162,13.346800000
4561,91.576929,11.514700000
4562,91.589046,11.848600000
4563,91.602529,13.112000000
4564,91.613963,11.136600000
4565,91.624185,9.988100000
4566,91.634084,9.640600000
4567,91.643951,9.594600000
4568,91.652943,8.770100000
4569,91.734756,12.147800000
4570,91.746767,11.560000000
4571,91.776750,11.196900000
4572,91.787974,10.997300000
4573,91.799255,11.008600000
4574,91.809776,10.414000000
4575,91.819327,9.335800000
4576,91.829235,9.657300000
4577,91.840921,11.337400000
4578,91.849668,8.516000000
4579,91.858997,9.107300000
4580,91.937843,11.248500000
4581,91.979771,11.457100000
4582,91.990213,10.159300000
4583,92.000320,9.731200000
4584,92.010199,9.648600000
4585,92.019103,8.709100000
4586,92.027635,8.304200000
4587,92.036134,8.309300000
4588,92.045027,8.614000000
4589,92.054225,8.967900000
4590,92.063247,8.778000000
4591,92.149673,13.500400000
4592,92.194607,14.178300000
4593,92.206783,11.831900000
4594,92.218758,11.610800000
4595,92.233051,14.031800000
4596,92.245172,11.796900000
4597,92.256780,11.407800000
4598,92.268167,11.241900000
4599,92.278740,10.262600000
4600,92.288618,9.591900000
4601,92.379130,10.161400000
4602,92.391153,11.608600000
4603,92.424059,11.545700000
4604,92.435457,11.051800000
4605,92.445672,10.009700000
4606,92.454997,9.157800000
4607,92.464391,9.080700000
4608,92.473082,8.515300000
4609,92.481743,8.406900000
4610,92.490469,8.517600000
4611,92.499213,8.501700000
4612,92.508445,8.904700000
4613,92.591526,10.941500000
4614,92.633670,10.373900000
4615,92.644611,10.695000000
4616,92.654683,9.833000000
4617,92.664911,9.953400000
4618,92.674293,9.140900000
4619,92.683542,9.013300000
4620,92.692185,8.407500000
4621,92.701585,9.167800000
4622,92.711588,9.783600000
4623,92.796411,11.925200000
4624,92.810815,14.045600000
4625,92.841660,13.417300000
4626,92.851827,9.863100000
4627,92.861922,9.822500000
4628,92.871436,9.299100000
4629,92.881302,9.715500000
4630,92.890341,8.816200000
4631,92.899511,8.920600000
4632,92.908621,8.874500000
4633,92.917324,8.505700000
4634,92.998447,11.485800000
4635,93.040972,10.755600000
4636,93.051885,10.661400000
4637,93.063023,10.896600000
4638,93.073469,10.177200000
4639,93.082681,8.985400000
4640,93.092157,9.242200000
4641,93.101525,9.143100000
4642,93.110285,8.549500000
4643,93.119082,8.435300000
4644,93.206640,11.874400000
4645,93.218518,11.444400000
4646,93.250863,11.356500000
4647,93.261403,10.248700000
4648,93.271142,9.533900000
4649,93.280919,9.576700000
4650,93.291409,10.306300000
4651,93.300484,8.852200000
4652,93.310114,9.413100000
4653,93.319529,9.185000000
4654,93.413792,11.294500000
4655,93.427867,13.680600000
4656,93.458477,12.175900000
4657,93.469691,10.785100000
4658,93.480919,10.927200000
4659,93.491617,10.396400000
4660,93.502004,10.061600000
4661,93.512605,10.305800000
4662,93.523177,10.146300000
4663,93.533602,10.045400000
4664,93.621164,11.574900000
4665,93.633570,11.977600000
4666,93.666446,11.971800000
4667,93.677223,10.461600000
4668,93.687321,9.846700000
4669,93.699968,12.378300000
4670,93.709782,9.579000000
4671,93.721014,10.995800000
4672,93.734368,13.198300000
4673,93.748014,13.334400000
4674,93.773220,24.843900000
4675,93.864285,14.405600000
4676,93.909198,12.705800000
4677,93.921289,11.612700000
4678,93.931789,10.206900000
4679,93.942661,10.643100000
4680,93.955321,12.349900000
4681,93.968584,13.015500000
4682,93.980856,11.992900000
4683,93.991304,10.150300000
4684,94.001676,9.984400000
4685,94.011598,9.706400000
4686,94.021871,10.045900000
4687,94.102738,11.926600000
4688,94.114577,11.461200000
4689,94.149396,10.715500000
4690,94.159330,9.622000000
4691,94.169314,9.783000000
4692,94.178918,9.394400000
4693,94.188074,8.911000000
4694,94.196921,8.632500000
4695,94.205783,8.714300000
4696,94.214952,8.870600000
4697,94.224122,8.932600000
4698,94.232831,8.510000000
4699,94.316186,11.465700000
4700,94.330580,13.947400000
4701,94.369299,14.855400000
4702,94.380536,11.008100000
4703,94.391136,10.360500000
4704,94.401733,10.297500000
4705,94.412905,10.943300000
4706,94.424578,11.354800000
4707,94.435808,10.941500000
4708,94.446888,10.800600000
4709,94.456492,9.372800000
4710,94.549193,12.828500000
4711,94.563186,13.585400000
4712,94.594967,12.525800000
4713,94.606029,10.692000000
4714,94.617385,11.038400000
4715,94.628110,10.475300000
4716,94.638648,10.236800000
4717,94.648716,9.834100000
4718,94.658317,9.371900000
4719,94.667615,9.081300000
4720,94.677751,9.968100000
4721,94.761885,12.102100000
4722,94.774344,12.127400000
4723,94.808226,11.626400000
4724,94.820075,11.536200000
4725,94.831677,11.364800000
4726,94.842017,10.127100000
4727,94.851662,9.444100000
4728,94.861063,9.197700000
4729,94.870797,9.530200000
4730,94.880085,9.054300000
4731,94.889608,9.319500000
4732,94.985999,13.297100000
4733,95.002073,15.338600000
4734,95.039544,17.864200000
4735,95.053855,13.963100000
4736,95.067062,12.981300000
4737,95.078604,11.412000000
4738,95.089513,10.678300000
4739,95.100427,10.693500000
4740,95.110733,9.963700000
4741,95.120455,9.474700000
4742,95.130771,10.108200000
4743,95.214788,12.304200000
4744,95.256940,11.774000000
4745,95.268281,10.987900000
4746,95.278762,10.265700000
4747,95.288578,9.615100000
4748,95.298892,10.119000000
4749,95.308657,9.549800000
4750,95.318435,9.570100000
4751,95.328327,9.690800000
4752,95.337818,9.257800000
4753,95.347271,9.191100000
4754,95.429109,12.773600000
4755,95.442926,13.448600000
4756,95.477593,14.428700000
4757,95.490712,12.868500000
4758,95.502034,11.079000000
4759,95.513360,11.051600000
4760,95.523489,9.873800000
4761,95.533195,9.482300000
4762,95.542875,9.457200000
4763,95.552375,9.279300000
4764,95.561944,9.345700000
4765,95.653715,11.362900000
4766,95.666064,12.005600000
4767,95.697175,11.943600000
4768,95.707868,10.441700000
4769,95.718065,10.013000000
4770,95.727546,9.254600000
4771,95.736801,9.047000000
4772,95.745936,8.778100000
4773,95.755051,8.890400000
4774,95.764137,8.887400000
4775,95.773636,9.220600000
4776,95.852901,11.690600000
4777,95.864648,11.349400000
4778,95.896399,11.417500000
4779,95.908249,11.599100000
4780,95.919927,11.466000000
4781,95.930601,10.417700000
4782,95.940556,9.814800000
4783,95.949821,9.047100000
4784,95.959021,8.995800000
4785,95.968211,8.981900000
4786,96.051220,11.715200000
4787,96.063729,12.158200000
4788,96.093425,11.946000000
4789,96.105609,11.856900000
4790,96.117415,11.528800000
4791,96.127826,10.182100000
4792,96.138629,10.559400000
4793,96.149818,10.907400000
4794,96.159511,9.474100000
4795,96.168701,8.975000000
4796,96.249234,12.296000000
4797,96.291952,12.842800000
4798,96.302599,10.312800000
4799,96.313213,10.389700000
4800,96.322858,9.438300000
4801,96.332142,9.076200000
4802,96.341250,8.890800000
4803,96.350826,9.350700000
4804,96.360443,9.376700000
4805,96.369295,8.643300000
4806,96.460469,15.778900000
4807,96.474231,13.343200000
4808,96.507450,16.323300000
4809,96.520790,12.937000000
4810,96.533167,12.019800000
4811,96.544821,11.278900000
4812,96.556870,11.697500000
4813,96.569596,12.387200000
4814,96.581398,11.602300000
4815,96.593148,11.488100000
4816,96.604459,10.944000000
4817,96.704224,13.754800000
4818,96.715945,11.395800000
4819,96.748043,11.524800000
4820,96.758881,10.553200000
4821,96.768556,9.459800000
4822,96.777680,8.904900000
4823,96.787307,9.400000000
4824,96.796397,8.877200000
4825,96.805221,8.423100000
4826,96.814192,8.763200000
4827,96.823364,8.933700000
4828,96.832673,9.106400000
4829,96.914188,12.005100000
4830,96.926321,11.740500000
4831,96.962288,13.368800000
4832,96.973331,10.699700000
4833,96.983916,10.358900000
4834,96.994451,10.321600000
4835,97.003880,9.218100000
4836,97.013556,9.462300000
4837,97.023853,10.090500000
4838,97.034399,10.304700000
4839,97.126194,12.128200000
4840,97.139856,13.212600000
4841,97.180248,16.361200000
4842,97.194302,13.584800000
4843,97.207028,12.503700000
4844,97.219525,12.198600000
4845,97.231761,11.970600000
4846,97.242692,10.759900000
4847,97.253324,10.252300000
4848,97.264116,10.410500000
4849,97.275036,10.582600000
4850,97.356608,11.064400000
4851,97.400907,12.383900000
4852,97.413863,12.620100000
4853,97.423744,9.538700000
4854,97.433681,9.753000000
4855,97.444675,10.727900000
4856,97.456731,11.829700000
4857,97.466665,9.701600000
4858,97.475953,9.067600000
4859,97.485083,8.838000000
4860,97.494267,8.856300000
4861,97.503166,8.651300000
4862,97.590248,15.672200000
4863,97.603899,13.265200000
4864,97.632104,12.461900000
4865,97.642804,10.362300000
4866,97.652858,9.804600000
4867,97.663145,10.073700000
4868,97.672787,9.409400000
4869,97.682833,9.812900000
4870,97.692068,9.008600000
4871,97.701599,9.306900000
4872,97.713234,9.577300000
4873,97.823666,14.618100000
4874,97.837075,13.024100000
4875,97.872950,13.868400000
4876,97.885521,12.249300000
4877,97.896176,10.402500000
4878,97.905962,9.559600000
4879,97.915622,9.475300000
4880,97.925054,9.246500000
4881,97.934669,9.414100000
4882,97.943947,8.964400000
4883,97.953535,9.315600000
4884,97.963463,9.679700000
4885,98.044005,11.681900000
4886,98.056678,12.323100000
4887,98.091477,10.801900000
4888,98.101778,10.046300000
4889,98.111577,9.511700000
4890,98.121142,9.302600000
4891,98.130819,9.395800000
4892,98.140457,9.365800000
4893,98.149743,9.103300000
4894,98.159023,8.993400000
4895,98.168436,9.163000000
4896,98.252485,11.220300000
4897,98.264419,11.557600000
4898,98.296959,11.777900000
4899,98.308941,11.765800000
4900,98.320643,11.560500000
4901,98.331642,10.739000000
4902,98.342524,10.590300000
4903,98.352651,9.899900000
4904,98.362478,9.585900000
4905,98.371870,9.143600000
4906,98.455627,15.056300000
4907,98.497829,12.063000000
4908,98.508906,10.741700000
4909,98.519345,10.276900000
4910,98.528890,9.347700000
4911,98.538836,9.706000000
4912,98.548266,9.243200000
4913,98.557407,8.878200000
4914,98.566927,9.312800000
4915,98.576166,9.026200000
4916,98.658202,11.938500000
4917,98.711504,11.059700000
4918,98.723037,11.240200000
4919,98.734466,11.138900000
4920,98.744932,10.297900000
4921,98.755003,9.966800000
4922,98.765405,10.098500000
4923,98.775105,9.456600000
4924,98.784359,9.036200000
4925,98.793628,9.061900000
4926,98.802784,8.881300000
