Sample,Elapsed_s,Computation_ms
1,0.297732,20.752300000
2,0.310882,12.772100000
3,0.323016,11.825700000
4,0.335177,11.876500000
5,0.347412,11.973400000
6,0.358651,10.810400000
7,0.369246,10.371100000
8,0.379533,10.079400000
9,0.390973,11.243500000
10,0.548213,12.087400000
11,0.560626,11.994100000
12,0.591135,14.388700000
13,0.603448,11.993700000
14,0.614542,10.878400000
15,0.624961,10.244900000
16,0.635596,10.359800000
17,0.646538,10.672400000
18,0.656743,9.955700000
19,0.666156,9.223600000
20,0.676051,9.684700000
21,0.685315,9.082000000
22,0.695093,9.607300000
23,0.776952,14.765500000
24,0.789714,12.407000000
25,0.805793,15.749900000
26,0.828079,21.858800000
27,0.841091,12.578700000
28,0.852759,11.429500000
29,0.864669,11.519000000
30,0.875661,10.724100000
31,0.886211,10.414100000
32,0.896652,10.218400000
33,0.907524,10.657000000
34,0.917626,9.908300000
35,1.000603,12.054800000
36,1.014117,13.173500000
37,1.045504,12.951400000
38,1.058426,12.569100000
39,1.070834,12.150700000
40,1.082438,11.409400000
41,1.094631,11.930100000
42,1.106236,11.271900000
43,1.118106,11.562300000
44,1.130057,11.758600000
45,1.143165,12.820000000
46,1.233051,12.406200000
47,1.246648,13.206500000
48,1.261624,14.654900000
49,1.275155,13.149800000
50,1.287647,12.228800000
51,1.298733,10.851300000
52,1.309678,10.803700000
53,1.320421,10.567800000
54,1.331639,10.820800000
55,1.341683,9.938900000
56,1.352714,10.932300000
57,1.439600,15.839200000
58,1.470798,11.493800000
59,1.482267,11.130400000
60,1.493763,11.299400000
61,1.504322,10.340600000
62,1.514265,9.719200000
63,1.524145,9.701200000
64,1.534117,9.757400000
65,1.543804,9.489100000
66,1.553215,9.318700000
67,1.562710,9.198900000
68,1.655483,14.536800000
69,1.697746,16.775500000
70,1.711485,13.285600000
71,1.723504,11.700700000
72,1.734512,10.751600000
73,1.746830,12.059000000
74,1.757494,10.377600000
75,1.768718,10.867900000
76,1.780182,11.137100000
77,1.790933,10.530300000
78,1.801529,10.362300000
79,1.878545,11.964400000
80,1.890583,11.686000000
81,1.915114,11.571800000
82,1.926683,11.281900000
83,1.937291,10.321700000
84,1.947205,9.684100000
85,1.956738,9.356600000
86,1.966254,9.316600000
87,1.975624,9.194600000
88,1.984839,8.969900000
89,1.994724,9.691800000
90,2.069870,11.277200000
91,2.082838,12.528100000
92,2.095459,12.264500000
93,2.110182,14.375400000
94,2.121717,11.327100000
95,2.132346,10.382400000
96,2.142184,9.626700000
97,2.151550,9.163100000
98,2.160898,9.228100000
99,2.235887,11.587100000
100,2.247857,11.687900000
101,2.261198,11.278900000
102,2.276070,14.578200000
103,2.287621,11.287400000
104,2.298143,10.236200000
105,2.308391,9.993700000
106,2.318738,10.158000000
107,2.328194,9.213500000
108,2.411763,12.452100000
109,2.424670,12.563500000
110,2.439976,14.975100000
111,2.452114,11.826000000
112,2.464286,11.807000000
113,2.476140,11.595300000
114,2.486845,10.535200000
115,2.496990,9.937800000
116,2.576933,12.561300000
117,2.593544,11.732400000
118,2.608574,14.694800000
119,2.620416,11.541700000
120,2.631645,10.979800000
121,2.642165,10.213900000
122,2.652269,9.871000000
123,2.661949,9.497900000
124,2.671781,9.672100000
125,2.762925,12.577700000
126,2.775440,12.143600000
127,2.800188,11.752800000
128,2.811792,11.246900000
129,2.823529,11.473900000
130,2.834050,10.270200000
131,2.844174,9.830400000
132,2.853609,9.199900000
133,2.862822,9.024300000
134,2.940341,11.702500000
135,2.953060,12.409600000
136,2.969385,16.004400000
137,2.982394,11.451600000
138,2.993723,11.048900000
139,3.004670,10.678500000
140,3.014652,9.715300000
141,3.024130,9.290700000
142,3.033985,9.633700000
143,3.112863,11.538800000
144,3.129802,11.703600000
145,3.151204,20.947900000
146,3.163621,12.014200000
147,3.175480,11.591100000
148,3.186561,10.838500000
149,3.196748,9.980300000
150,3.206655,9.691300000
151,3.216576,9.737600000
152,3.298954,16.702000000
153,3.319239,19.737500000
154,3.334690,12.798600000
155,3.347631,12.553700000
156,3.359889,11.933200000
157,3.371311,11.158300000
158,3.382558,11.068100000
159,3.393895,11.069200000
160,3.404484,10.324700000
161,3.490168,12.036000000
162,3.504462,13.889200000
163,3.533811,13.571300000
164,3.546117,11.950500000
165,3.557169,10.614900000
166,3.567104,9.703200000
167,3.576358,9.047200000
168,3.585439,8.900800000
169,3.594488,8.857700000
170,3.672269,12.902400000
171,3.685068,12.424000000
172,3.702273,16.887700000
173,3.715567,12.875600000
174,3.728365,12.482700000
175,3.739920,11.335900000
176,3.751155,10.992800000
177,3.761241,9.822400000
178,3.770869,9.410100000
179,3.873165,13.823400000
180,3.893815,14.697600000
181,3.915222,13.466600000
182,3.928611,12.995900000
183,3.940746,11.736200000
184,3.955738,14.532900000
185,3.967478,11.319800000
186,3.979297,11.480300000
187,3.989733,10.120900000
188,4.002534,12.518000000
189,4.084426,13.867700000
190,4.098176,13.389800000
191,4.116425,17.890700000
192,4.134979,18.157200000
193,4.150386,15.066400000
194,4.165312,14.668800000
195,4.194526,28.952100000
196,4.205763,10.884400000
197,4.216487,10.427700000
198,4.227081,10.304700000
199,4.238027,10.664500000
200,4.329041,16.508900000
201,4.345849,13.362400000
202,4.372336,16.411900000
203,4.383149,10.474000000
204,4.393958,10.611600000
205,4.404605,10.426500000
206,4.414310,9.475000000
207,4.424698,10.134500000
208,4.435171,10.193400000
209,4.446631,11.152500000
210,4.460676,13.778400000
211,4.472284,11.357400000
212,4.562182,11.834100000
213,4.579757,17.147700000
214,4.602730,12.024800000
215,4.613726,10.667700000
216,4.624702,10.635400000
217,4.635923,10.951100000
218,4.647063,10.841300000
219,4.658197,10.918400000
220,4.668205,9.694300000
221,4.678568,10.085100000
222,4.688013,9.244500000
223,4.697103,8.886700000
224,4.772436,11.031600000
225,4.784277,11.590400000
226,4.797184,11.517700000
227,4.811567,14.106200000
228,4.823307,11.343600000
229,4.834127,10.601900000
230,4.844829,10.512900000
231,4.854951,9.810900000
232,4.864514,9.357100000
233,4.873762,8.986700000
234,4.883577,9.575400000
235,4.972022,12.320000000
236,4.984023,11.725500000
237,5.015949,11.395300000
238,5.027419,11.093300000
239,5.037763,10.078300000
240,5.047634,9.608000000
241,5.057303,9.474100000
242,5.067023,9.531100000
243,5.076029,8.775500000
244,5.153343,11.758200000
245,5.165335,11.679900000
246,5.196297,11.837500000
247,5.208281,11.759100000
248,5.219024,10.510700000
249,5.229288,10.030200000
250,5.239052,9.569500000
251,5.248829,9.589500000
252,5.258967,9.959900000
253,5.268031,8.818500000
254,5.345982,13.534600000
255,5.358419,12.103800000
256,5.369876,11.127200000
257,5.386416,11.251800000
258,5.398397,11.707900000
259,5.409456,10.807200000
260,5.419829,10.081800000
261,5.430452,10.387100000
262,5.440265,9.575500000
263,5.520262,12.346800000
264,5.532136,11.559300000
265,5.544074,11.605300000
266,5.559656,15.229700000
267,5.571154,11.154800000
268,5.581718,10.292500000
269,5.592416,10.455900000
270,5.602294,9.581700000
271,5.611656,9.149400000
272,5.688208,12.316200000
273,5.701025,12.473100000
274,5.713835,12.479800000
275,5.730492,12.461900000
276,5.743073,12.278400000
277,5.753954,10.632400000
278,5.764465,10.235200000
279,5.774298,9.582100000
280,5.856103,14.638100000
281,5.868959,12.503800000
282,5.883469,14.202500000
283,5.897506,13.635200000
284,5.909239,11.500300000
285,5.921090,11.649700000
286,5.932976,11.543400000
287,5.943742,10.486800000
288,5.953406,9.471800000
289,6.040928,11.919600000
290,6.053111,11.853100000
291,6.068776,15.404200000
292,6.081740,12.617200000
293,6.093506,11.426200000
294,6.104969,11.237700000
295,6.115638,10.422300000
296,6.125606,9.653100000
297,6.135358,9.516900000
298,6.213244,13.082000000
299,6.226323,12.724900000
300,6.241996,15.276300000
301,6.255609,13.263500000
302,6.269251,13.299500000
303,6.281534,12.012700000
304,6.293674,12.026400000
305,6.305875,12.083100000
306,6.388140,12.654200000
307,6.401142,12.625600000
308,6.416204,14.729200000
309,6.434389,17.674800000
310,6.447435,12.824100000
311,6.459766,12.068400000
312,6.470729,10.729700000
313,6.481276,10.385100000
314,6.491692,10.160300000
315,6.571590,12.974800000
316,6.610707,13.082500000
317,6.623778,12.757100000
318,6.636751,12.641900000
319,6.649220,12.149000000
320,6.661117,11.607200000
321,6.672782,11.392400000
322,6.683945,10.885700000
323,6.694283,10.119600000
324,6.778707,16.558400000
325,6.792236,13.212900000
326,6.807821,15.310000000
327,6.820806,12.645500000
328,6.832976,11.886100000
329,6.844126,10.939600000
330,6.855924,11.483600000
331,6.866620,10.434300000
332,6.877676,10.742000000
333,6.888991,11.013000000
334,6.899704,10.468600000
335,6.976735,12.343100000
336,6.989721,12.659000000
337,7.005664,15.667700000
338,7.018595,12.435600000
339,7.030767,11.932000000
340,7.042895,11.891900000
341,7.053928,10.891900000
342,7.064426,10.175900000
343,7.075027,10.355100000
344,7.085004,9.752300000
345,7.172180,13.974600000
346,7.191717,19.146500000
347,7.211118,14.992600000
348,7.224057,12.631300000
349,7.236969,12.670500000
350,7.249312,12.082900000
351,7.262239,12.703600000
352,7.277384,14.867200000
353,7.289847,12.156400000
354,7.370690,13.185100000
355,7.383709,12.647500000
356,7.400330,16.297400000
357,7.414375,13.673800000
358,7.426545,11.971200000
359,7.438063,11.283000000
360,7.449601,11.290200000
361,7.460832,10.969700000
362,7.472459,11.365900000
363,7.484201,11.497100000
364,7.560790,12.395600000
365,7.573401,12.128800000
366,7.588693,15.019300000
367,7.601545,12.502600000
368,7.613294,11.487100000
369,7.624223,10.734400000
370,7.634705,10.265900000
371,7.644825,9.854000000
372,7.655178,10.089400000
373,7.664665,9.329400000
374,7.745539,12.095800000
375,7.757927,12.059400000
376,7.770458,12.202200000
377,7.787463,13.145500000
378,7.799420,11.680100000
379,7.810492,10.846000000
380,7.820723,10.079600000
381,7.830405,9.476200000
382,7.840337,9.711900000
383,7.920225,11.381500000
384,7.931873,11.312400000
385,7.943845,11.538700000
386,7.961932,13.492700000
387,7.973390,11.168600000
388,7.984247,10.632600000
389,7.994237,9.877600000
390,8.004091,9.753100000
391,8.014011,9.830100000
392,8.096103,11.028300000
393,8.107790,11.345300000
394,8.119769,11.651700000
395,8.135496,15.427800000
396,8.146716,10.968800000
397,8.158003,10.946600000
398,8.168444,10.216800000
399,8.178368,9.684500000
400,8.188037,9.471500000
401,8.276562,12.576100000
402,8.290067,12.969200000
403,8.304142,13.614900000
404,8.320204,12.127900000
405,8.332577,11.909900000
406,8.343619,10.707900000
407,8.354357,10.456800000
408,8.365132,10.451500000
409,8.375307,9.887600000
410,8.461643,13.022800000
411,8.473726,11.695400000
412,8.485346,11.303300000
413,8.499750,14.052100000
414,8.511758,11.671500000
415,8.523424,11.396500000
416,8.534487,10.737600000
417,8.545603,10.846900000
418,8.555758,9.917700000
419,8.643292,12.276500000
420,8.655810,12.132200000
421,8.690603,17.415400000
422,8.701906,10.991800000
423,8.712586,10.439700000
424,8.722560,9.815500000
425,8.732492,9.519500000
426,8.742527,9.792300000
427,8.752450,9.626100000
428,8.834716,11.689600000
429,8.849130,14.019300000
430,8.863334,13.873600000
431,8.879115,14.741700000
432,8.890223,10.833800000
433,8.900671,10.145000000
434,8.910557,9.570700000
435,8.919782,9.022800000
436,8.929446,9.448700000
437,8.938946,9.282200000
438,9.028758,14.564800000
439,9.044805,12.750300000
440,9.060619,15.351600000
441,9.073846,12.873900000
442,9.086375,12.216100000
443,9.097447,10.864900000
444,9.107975,10.147700000
445,9.118354,10.162700000
446,9.128313,9.860500000
447,9.217286,13.964400000
448,9.235812,17.506000000
449,9.249722,13.552800000
450,9.261188,11.242800000
451,9.271963,10.559400000
452,9.282040,9.942900000
453,9.292154,9.966300000
454,9.302431,10.101400000
455,9.313616,10.894400000
456,9.324880,11.008700000
457,9.419793,12.215800000
458,9.432948,12.771000000
459,9.444927,11.633700000
460,9.459790,14.545700000
461,9.470914,10.872100000
462,9.482164,11.052400000
463,9.493242,10.874600000
464,9.504642,11.131900000
465,9.515785,10.851900000
466,9.527024,10.930000000
467,9.611040,12.643100000
468,9.623908,12.417200000
469,9.652739,25.691000000
470,9.665935,12.787200000
471,9.680217,14.016900000
472,9.694813,14.343500000
473,9.708553,13.519400000
474,9.730406,21.504500000
475,9.739459,8.704100000
476,9.818521,11.400200000
477,9.831301,12.301600000
478,9.843395,11.734000000
479,9.858217,14.534200000
480,9.869715,11.251200000
481,9.880980,11.047500000
482,9.891450,10.300300000
483,9.901865,10.224100000
484,9.911803,9.190100000
485,9.922465,10.337400000
486,9.933703,10.869000000
487,10.030914,18.146300000
488,10.047431,14.100700000
489,10.061745,13.892300000
490,10.074219,12.171100000
491,10.085183,10.687800000
492,10.095225,9.897000000
493,10.105035,9.645900000
494,10.114403,9.117900000
495,10.123682,9.085900000
496,10.133079,9.188800000
497,10.210842,12.249400000
498,10.223151,11.945200000
499,10.234753,11.270900000
500,10.250508,15.387300000
501,10.262533,11.737400000
502,10.274718,11.851400000
503,10.285321,10.479500000
504,10.295210,9.569200000
505,10.304628,9.330000000
506,10.384530,11.286300000
507,10.402602,12.539000000
508,10.415755,12.811300000
509,10.429783,11.270000000
510,10.440882,10.833000000
511,10.451137,10.041700000
512,10.461708,10.344300000
513,10.471428,9.433100000
514,10.480610,8.983400000
515,10.574036,12.821100000
516,10.590562,13.001300000
517,10.605253,14.417700000
518,10.619373,11.759000000
519,10.631560,11.947200000
520,10.642330,10.595300000
521,10.652544,9.964100000
522,10.663666,10.994500000
523,10.674748,10.871200000
524,10.684649,9.780400000
525,10.767774,11.320100000
526,10.779827,11.689700000
527,10.794362,14.202300000
528,10.811654,12.777300000
529,10.822983,11.033300000
530,10.834508,11.254300000
531,10.844928,10.232900000
532,10.855954,10.756500000
533,10.867599,11.207700000
534,10.952742,11.493300000
535,10.970183,17.055400000
536,10.984531,14.036900000
537,10.997303,11.962800000
538,11.008398,10.826700000
539,11.018414,9.857000000
540,11.028746,10.124100000
541,11.038205,9.271900000
542,11.046996,8.602500000
543,11.055939,8.668000000
544,11.133771,10.819700000
545,11.145574,11.436700000
546,11.158356,11.414200000
547,11.171874,13.189900000
548,11.183657,11.480700000
549,11.194496,10.552500000
550,11.204451,9.688500000
551,11.214479,9.814000000
552,11.223968,9.251600000
553,11.303037,11.194200000
554,11.317351,11.771600000
555,11.328676,10.939400000
556,11.342946,13.809600000
557,11.353788,10.626800000
558,11.364606,10.586500000
559,11.375262,10.395400000
560,11.385866,10.251300000
561,11.478084,12.430800000
562,11.490326,11.836600000
563,11.501879,11.201200000
564,11.521850,14.621400000
565,11.533770,11.517200000
566,11.545125,11.162200000
567,11.556006,10.751400000
568,11.567329,11.046200000
569,11.578866,11.291200000
570,11.686663,11.876700000
571,11.698213,11.131300000
572,11.710161,11.582900000
573,11.726210,10.898200000
574,11.736820,10.274300000
575,11.746359,9.361600000
576,11.755615,9.121300000
577,11.764785,9.066600000
578,11.774059,9.069700000
579,11.782585,8.332100000
580,11.860438,10.107200000
581,11.873232,10.437600000
582,11.884383,10.836300000
583,11.901320,11.369300000
584,11.912337,10.799300000
585,11.922379,9.780100000
586,11.933260,10.677400000
587,11.943590,10.080000000
588,11.953980,10.164200000
589,12.035927,10.474100000
590,12.048665,12.379100000
591,12.059814,10.743800000
592,12.073701,13.609600000
593,12.084786,10.701000000
594,12.094913,9.817300000
595,12.105442,10.082200000
596,12.116134,10.384600000
597,12.126685,10.277900000
598,12.212693,11.730300000
599,12.224261,11.181700000
600,12.250434,11.354700000
601,12.262414,11.597000000
602,12.272896,10.252000000
603,12.282541,9.444900000
604,12.291353,8.697700000
605,12.300063,8.359400000
606,12.308690,8.439000000
607,12.392730,11.106500000
608,12.404183,11.084400000
609,12.419113,14.605700000
610,12.434435,14.953200000
611,12.446446,11.669900000
612,12.456498,9.859600000
613,12.465752,9.106000000
614,12.474588,8.672000000
615,12.483452,8.605200000
616,12.569381,16.537600000
617,12.603644,13.800200000
618,12.614098,10.093300000
619,12.624472,10.182700000
620,12.635010,10.308100000
621,12.644530,9.378000000
622,12.653743,9.011500000
623,12.663315,9.338200000
624,12.766101,12.579800000
625,12.780260,13.674000000
626,12.805657,14.502400000
627,12.818029,12.025900000
628,12.828590,10.349100000
629,12.838758,10.036300000
630,12.849675,10.812100000
631,12.859521,9.667300000
632,12.868757,8.966800000
633,12.877758,8.892100000
634,12.961075,11.502500000
635,12.983428,11.539700000
636,12.998221,14.443600000
637,13.010948,12.305700000
638,13.021328,10.188600000
639,13.032148,10.565700000
640,13.041597,9.231300000
641,13.050784,9.020400000
642,13.059211,8.260300000
643,13.067534,8.124200000
644,13.145342,10.521100000
645,13.156350,10.644100000
646,13.167595,10.110800000
647,13.181754,13.859700000
648,13.192925,10.748300000
649,13.203149,10.011100000
650,13.212628,9.300300000
651,13.222343,9.528600000
652,13.231505,8.953500000
653,13.315482,11.520700000
654,13.352389,10.744900000
655,13.362773,10.059700000
656,13.372807,9.753900000
657,13.382653,9.612300000
658,13.391848,8.928800000
659,13.401377,9.277800000
660,13.411385,9.810100000
661,13.421217,9.543800000
662,13.506035,10.922500000
663,13.518214,11.852100000
664,13.548985,12.771600000
665,13.560209,10.884600000
666,13.570587,10.126800000
667,13.580366,9.619700000
668,13.590364,9.767900000
669,13.599697,9.162900000
670,13.608721,8.866000000
671,13.688942,10.620100000
672,13.702452,12.723800000
673,13.733688,11.611500000
674,13.744291,10.370600000
675,13.755157,10.630700000
676,13.764952,9.519200000
677,13.774939,9.783000000
678,13.784146,8.998200000
679,13.792932,8.541300000
680,13.883905,10.679500000
681,13.895640,11.390100000
682,13.909532,13.573400000
683,13.925952,13.290100000
684,13.937822,11.556100000
685,13.948402,10.191200000
686,13.957733,9.216900000
687,13.967300,9.341300000
688,13.976107,8.581300000
689,13.985480,9.162600000
690,14.066407,10.390100000
691,14.079059,12.289800000
692,14.104643,11.273500000
693,14.116451,11.448000000
694,14.126851,10.154300000
695,14.137239,10.104300000
696,14.146577,9.093800000
697,14.155460,8.648400000
698,14.163893,8.225500000
699,14.243310,10.858000000
700,14.254598,10.909300000
701,14.265756,10.810800000
702,14.281702,10.891300000
703,14.292133,10.191300000
704,14.301991,9.605800000
705,14.311314,9.091700000
706,14.320199,8.674700000
707,14.328652,8.234400000
708,14.409184,10.157300000
709,14.430492,10.239900000
710,14.449345,18.565800000
711,14.459961,10.265300000
712,14.470296,10.004100000
713,14.480685,10.155600000
714,14.490879,9.957800000
715,14.500900,9.745100000
716,14.588415,10.448800000
717,14.599487,10.782700000
718,14.611583,10.967000000
719,14.626391,10.868700000
720,14.637692,10.863400000
721,14.648506,10.537300000
722,14.659596,10.831400000
723,14.670948,11.094400000
724,14.682454,11.269200000
725,14.770831,11.775800000
726,14.782241,10.950000000
727,14.799001,16.462000000
728,14.811924,12.547600000
729,14.823665,11.424100000
730,14.834103,10.023200000
731,14.843690,9.269200000
732,14.853347,9.465200000
733,14.863415,9.724200000
734,14.964462,11.471200000
735,14.976372,11.587100000
736,14.988804,12.068900000
737,15.004584,15.347200000
738,15.018239,13.324100000
739,15.028753,10.248800000
740,15.038451,9.294900000
741,15.047503,8.742800000
742,15.056184,8.549700000
743,15.065163,8.815900000
744,15.148399,11.063600000
745,15.159370,10.644200000
746,15.171353,11.601600000
747,15.184444,10.198000000
748,15.199187,14.438700000
749,15.210558,11.082700000
750,15.224242,13.389100000
751,15.237172,12.616300000
752,15.249858,12.445200000
753,15.350125,29.515800000
754,15.365514,15.021200000
755,15.378177,12.227600000
756,15.389722,11.186800000
757,15.400414,10.372000000
758,15.410020,9.379500000
759,15.419000,8.875300000
760,15.428054,8.960200000
761,15.437163,8.882600000
762,15.524532,12.300100000
763,15.536539,11.549100000
764,15.548426,11.485300000
765,15.566452,11.426500000
766,15.578619,11.813600000
767,15.589158,10.272800000
768,15.599793,10.377600000
769,15.610473,10.531700000
770,15.620771,10.033000000
771,15.630583,9.671200000
772,15.712364,10.084800000
773,15.723475,10.701900000
774,15.752596,10.758400000
775,15.762881,10.039300000
776,15.772668,9.550700000
777,15.782131,9.167800000
778,15.791313,8.927700000
779,15.800828,9.288500000
780,15.810053,8.967500000
781,15.818615,8.362400000
782,15.900691,10.652900000
783,15.911404,10.399600000
784,15.929360,15.629200000
785,15.942987,12.200700000
786,15.953219,9.917900000
787,15.962836,9.426800000
788,15.972053,8.948500000
789,15.981366,9.082900000
790,15.989930,8.378400000
791,16.081177,10.960900000
792,16.093189,11.656800000
793,16.104658,10.926300000
794,16.119389,14.310800000
795,16.130048,10.351700000
796,16.140129,9.853900000
797,16.149468,9.105100000
798,16.159018,9.341500000
799,16.168722,9.506200000
800,16.251341,11.085700000
801,16.262855,11.230600000
802,16.275767,12.499400000
803,16.290678,14.567200000
804,16.301383,10.470700000
805,16.311548,9.920400000
806,16.320976,9.160500000
807,16.329883,8.719900000
808,16.410708,10.997600000
809,16.422545,11.474900000
810,16.454075,10.208500000
811,16.463993,9.632300000
812,16.474069,9.866800000
813,16.483224,9.028600000
814,16.492124,8.666100000
815,16.501254,8.901100000
816,16.587157,15.536300000
817,16.625410,14.173000000
818,16.636009,10.322300000
819,16.646555,10.330200000
820,16.657174,10.329500000
821,16.666749,9.273600000
822,16.675805,8.849400000
823,16.684483,8.435900000
824,16.692911,8.244100000
825,16.775555,11.214900000
826,16.786719,10.839100000
827,16.812237,10.307900000
828,16.823692,11.144800000
829,16.834264,10.210600000
830,16.843525,9.150200000
831,16.853270,9.397000000
832,16.862192,8.713100000
833,16.870913,8.438800000
834,16.879864,8.740200000
835,16.967726,12.463900000
836,16.981901,13.805700000
837,17.009844,15.500400000
838,17.021458,11.292000000
839,17.032027,10.301600000
840,17.042098,9.843200000
841,17.051952,9.722000000
842,17.061735,9.555400000
843,17.071551,9.496700000
844,17.166310,10.258300000
845,17.178000,11.379000000
846,17.205513,10.867000000
847,17.216645,10.792600000
848,17.226815,9.939900000
849,17.236470,9.372100000
850,17.245281,8.706500000
851,17.254093,8.719100000
852,17.263050,8.866200000
853,17.272171,8.935100000
854,17.351505,10.067900000
855,17.362818,11.061300000
856,17.376537,11.155900000
857,17.392714,10.845300000
858,17.403153,10.112900000
859,17.413030,9.603000000
860,17.422411,9.142900000
861,17.431943,9.295800000
862,17.440843,8.665400000
863,17.449478,8.425800000
864,17.526939,10.176100000
865,17.537812,10.473300000
866,17.549153,11.024000000
867,17.565506,10.505000000
868,17.576461,10.643300000
869,17.586853,10.066900000
870,17.596595,9.510600000
871,17.605683,8.853100000
872,17.688876,11.946100000
873,17.701307,12.082100000
874,17.729139,14.702500000
875,17.742421,12.877100000
876,17.753696,10.916200000
877,17.763564,9.719400000
878,17.773455,9.643300000
879,17.783317,9.644800000
880,17.866278,11.115400000
881,17.878472,11.804600000
882,17.906689,10.268500000
883,17.917776,10.775900000
884,17.928069,9.945500000
885,17.937452,9.150000000
886,17.946407,8.751900000
887,17.955031,8.432500000
888,17.963956,8.736700000
889,18.050812,10.653400000
890,18.067080,15.820800000
891,18.086355,10.804100000
892,18.097007,10.423600000
893,18.107869,10.591700000
894,18.118599,10.590600000
895,18.129387,10.585800000
896,18.139582,9.933500000
897,18.148609,8.812800000
898,18.240317,11.267700000
899,18.251416,10.767000000
900,18.265023,13.241200000
901,18.281943,16.552200000
902,18.291929,9.721800000
903,18.301565,9.448100000
904,18.311396,9.587100000
905,18.320770,9.128400000
906,18.330398,9.381300000
907,18.340812,10.198900000
908,18.436229,12.207000000
909,18.476681,12.566500000
910,18.487755,10.686400000
911,18.498239,10.191000000
912,18.507755,9.242500000
913,18.517546,9.574500000
914,18.527745,9.953000000
915,18.536852,8.948700000
916,18.545803,8.643600000
917,18.553939,7.940700000
918,18.634335,10.994300000
919,18.646396,11.715800000
920,18.672405,11.606900000
921,18.684008,11.187400000
922,18.694139,9.785700000
923,18.704200,9.848800000
924,18.713239,8.916900000
925,18.722877,9.330900000
926,18.732857,9.757600000
927,18.741890,8.779100000
928,18.823127,11.355100000
929,18.864134,16.068000000
930,18.875121,10.588000000
931,18.885184,9.789300000
932,18.895164,9.820000000
933,18.904525,9.148300000
934,18.914224,9.475800000
935,18.923174,8.747200000
936,18.931650,8.365600000
937,19.015865,15.181900000
938,19.048252,11.113600000
939,19.059959,11.458100000
940,19.071152,10.954600000
941,19.081266,9.882900000
942,19.090726,9.253900000
943,19.099476,8.633200000
944,19.108143,8.392700000
945,19.117090,8.670800000
946,19.125555,8.281500000
947,19.209426,11.334300000
948,19.220834,11.090400000
949,19.237399,16.207900000
950,19.254996,17.184400000
951,19.265180,9.932500000
952,19.274739,9.322000000
953,19.284424,9.501800000
954,19.294363,9.701500000
955,19.303453,8.877000000
956,19.393708,11.881600000
957,19.406419,12.294800000
958,19.432984,10.703700000
959,19.443590,10.323700000
960,19.454460,10.608500000
961,19.464218,9.454000000
962,19.473335,8.890400000
963,19.482028,8.496000000
964,19.490993,8.757700000
965,19.500964,9.758100000
966,19.583813,10.792300000
967,19.595500,11.348100000
968,19.607146,11.339100000
969,19.625965,15.277800000
970,19.636702,10.429200000
971,19.646525,9.478700000
972,19.655569,8.838400000
973,19.664042,8.282700000
974,19.672380,8.150400000
975,19.753954,12.822400000
976,19.794135,10.846800000
977,19.804421,9.959800000
978,19.814998,10.286400000
979,19.826161,10.832600000
980,19.836009,9.520300000
981,19.845173,8.948800000
982,19.853975,8.615100000
983,19.862277,8.088400000
984,19.945897,10.553800000
985,19.957819,11.596900000
986,19.971230,13.062100000
987,19.986139,11.968400000
988,19.996845,10.477900000
989,20.006779,9.616200000
990,20.016342,9.290100000
991,20.025491,8.952000000
992,20.035323,9.605900000
993,20.127063,11.970200000
994,20.148612,11.361000000
995,20.162633,13.700100000
996,20.173619,10.640900000
997,20.184202,10.307500000
998,20.194792,10.324500000
999,20.205534,10.594900000
1000,20.216395,10.533000000
1001,20.227567,10.836800000
1002,20.318149,10.481900000
1003,20.328918,10.436300000
1004,20.355807,10.614300000
1005,20.367406,11.248400000
1006,20.377288,9.591200000
1007,20.386679,9.183500000
1008,20.395334,8.341100000
1009,20.404314,8.822100000
1010,20.412864,8.303100000
1011,20.421596,8.517700000
1012,20.520053,11.569600000
1013,20.538971,18.349700000
1014,20.561153,12.303500000
1015,20.573448,12.008300000
1016,20.584099,10.394500000
1017,20.593870,9.444200000
1018,20.603530,9.499800000
1019,20.612615,8.845900000
1020,20.621554,8.736900000
1021,20.629972,8.226800000
1022,20.709965,11.357600000
1023,20.723617,13.304800000
1024,20.751290,11.986800000
1025,20.762629,10.975100000
1026,20.772954,10.103000000
1027,20.783076,9.944300000
1028,20.795603,12.379600000
1029,20.805855,9.974300000
1030,20.815940,9.866000000
1031,20.907778,16.350600000
1032,20.949926,36.372700000
1033,20.960426,10.107300000
1034,20.971009,10.391100000
1035,20.980671,9.548700000
1036,20.989877,8.869200000
1037,20.999222,9.148100000
1038,21.008315,8.851200000
1039,21.016837,8.329400000
1040,21.025880,8.844700000
1041,21.120795,12.388500000
1042,21.134283,13.056700000
1043,21.161707,11.849100000
1044,21.175296,13.159600000
1045,21.185806,10.256200000
1046,21.196177,10.169400000
1047,21.205412,8.974500000
1048,21.214687,9.139300000
1049,21.223464,8.555200000
1050,21.232197,8.591600000
1051,21.240796,8.444900000
1052,21.321140,13.144900000
1053,21.332815,11.336300000
1054,21.359600,10.245500000
1055,21.370056,10.154400000
1056,21.379765,9.538800000
1057,21.388795,8.931400000
1058,21.397971,9.065900000
1059,21.406759,8.543600000
1060,21.415428,8.380200000
1061,21.423437,7.824200000
1062,21.520780,15.408700000
1063,21.557245,10.439200000
1064,21.567362,9.782700000
1065,21.577616,10.013100000
1066,21.587290,9.447400000
1067,21.596434,8.880900000
1068,21.605116,8.469900000
1069,21.613912,8.590100000
1070,21.622355,8.252000000
1071,21.631299,8.761800000
1072,21.711018,10.674600000
1073,21.723798,12.408400000
1074,21.736614,11.321600000
1075,21.750337,13.332700000
1076,21.760777,10.174500000
1077,21.770609,9.583500000
1078,21.780570,9.693600000
1079,21.789766,8.997500000
1080,21.799376,9.405400000
1081,21.882477,11.491800000
1082,21.893505,10.647800000
1083,21.906673,12.389000000
1084,21.920524,13.512000000
1085,21.932141,11.168300000
1086,21.942289,9.798300000
1087,21.952042,9.418100000
1088,21.961514,9.266100000
1089,21.970502,8.784900000
1090,22.049777,10.765400000
1091,22.061768,11.638600000
1092,22.073460,11.343400000
1093,22.087333,13.593800000
1094,22.098560,10.881600000
1095,22.109752,10.864600000
1096,22.119833,9.762000000
1097,22.129735,9.642700000
1098,22.173422,10.425100000
1099,22.184483,10.745400000
1100,22.198108,13.370400000
1101,22.210760,12.300000000
1102,22.222620,11.576000000
1103,22.234235,11.297900000
1104,22.250874,11.204800000
1105,22.324958,14.899200000
1106,22.336768,11.438200000
1107,22.348759,11.646900000
1108,22.359840,10.740800000
1109,22.370077,9.919600000
1110,22.380197,9.894400000
1111,22.390723,10.329000000
1112,22.552899,11.202500000
1113,22.565064,11.884100000
1114,22.577076,11.659300000
1115,22.587856,10.503700000
1116,22.598054,9.962600000
1117,22.607816,9.570900000
1118,22.617371,9.284900000
1119,22.626762,9.189900000
1120,22.636523,9.543300000
1121,22.646664,9.887800000
1122,22.660281,13.474700000
1123,22.684146,12.788400000
1124,22.748278,18.915200000
1125,22.762568,13.714700000
1126,22.773702,10.765000000
1127,22.784693,10.695500000
1128,22.795564,10.592000000
1129,22.805927,10.157000000
1130,22.816121,9.965200000
1131,22.826825,10.471100000
1132,22.836868,9.775600000
1133,22.945724,19.595900000
1134,22.960884,14.750900000
1135,22.973896,12.682700000
1136,22.985913,11.690000000
1137,22.999016,12.747300000
1138,23.012381,13.097000000
1139,23.023708,11.057400000
1140,23.034546,10.586700000
1141,23.045005,10.209600000
1142,23.062445,17.224500000
1143,23.191605,10.856900000
1144,23.202929,11.006300000
1145,23.235766,12.009700000
1146,23.246657,10.625100000
1147,23.258414,11.494800000
1148,23.268401,9.700300000
1149,23.278512,9.965700000
1150,23.288504,9.792100000
1151,23.298687,9.893400000
1152,23.308820,9.857800000
1153,23.319147,10.027800000
1154,23.329096,9.748600000
1155,23.338060,8.714500000
1156,23.418942,12.162400000
1157,23.431401,12.109200000
1158,23.459438,11.790400000
1159,23.471700,11.966500000
1160,23.482423,10.531500000
1161,23.492902,10.277400000
1162,23.503359,10.266300000
1163,23.512971,9.359200000
1164,23.521847,8.685700000
1165,23.531063,9.110400000
1166,23.539988,8.571500000
1167,23.631687,10.792000000
1168,23.642983,10.950500000
1169,23.671898,11.035900000
1170,23.682747,10.606700000
1171,23.693493,10.471700000
1172,23.703236,9.491400000
1173,23.712881,9.399000000
1174,23.722370,9.310400000
1175,23.731670,9.055100000
1176,23.740315,8.406900000
1177,23.748725,8.215700000
1178,23.830296,12.057700000
1179,23.843676,12.977800000
1180,23.873426,12.748000000
1181,23.886744,12.909000000
1182,23.897904,10.749200000
1183,23.909111,10.810700000
1184,23.919820,10.403000000
1185,23.930822,10.774500000
1186,23.941807,10.732000000
1187,24.028276,11.314100000
1188,24.039823,11.212500000
1189,24.065175,13.232400000
1190,24.075632,10.100300000
1191,24.085384,9.485800000
1192,24.094642,9.088400000
1193,24.103583,8.761600000
1194,24.112889,9.102400000
1195,24.121503,8.432300000
1196,24.130199,8.511000000
1197,24.210517,10.483700000
1198,24.222575,11.549900000
1199,24.254507,13.124600000
1200,24.266140,11.334600000
1201,24.276514,10.104600000
1202,24.286648,9.868900000
1203,24.296049,9.118200000
1204,24.305825,9.590000000
1205,24.314843,8.739300000
1206,24.396435,12.543500000
1207,24.408486,11.601600000
1208,24.440562,15.283900000
1209,24.451778,10.936800000
1210,24.462089,9.994200000
1211,24.471552,9.224300000
1212,24.480430,8.658500000
1213,24.489590,8.948300000
1214,24.498214,8.409100000
1215,24.506482,8.045100000
1216,24.585693,11.596500000
1217,24.598248,12.181400000
1218,24.612075,11.327000000
1219,24.626342,13.983000000
1220,24.637069,10.449300000
1221,24.646962,9.687500000
1222,24.657082,9.889400000
1223,24.666431,9.177900000
1224,24.675207,8.546200000
1225,24.766452,11.048300000
1226,24.779505,12.721600000
1227,24.809354,11.665900000
1228,24.820106,10.507700000
1229,24.831134,10.739600000
1230,24.841141,9.734400000
1231,24.850549,9.197800000
1232,24.859613,8.873800000
1233,24.868826,9.026900000
1234,24.952126,10.909500000
1235,24.964878,12.384200000
1236,24.977508,12.057900000
1237,24.994675,13.058400000
1238,25.005180,10.240900000
1239,25.015161,9.769900000
1240,25.025362,9.920600000
1241,25.035672,10.071000000
1242,25.046609,10.644100000
1243,25.057460,10.574400000
1244,25.139428,11.438900000
1245,25.151255,11.503300000
1246,25.178170,11.503800000
1247,25.189421,10.856400000
1248,25.199459,9.755000000
1249,25.208855,9.052400000
1250,25.217670,8.613100000
1251,25.226617,8.730900000
1252,25.235867,9.043300000
1253,25.338141,12.337900000
1254,25.350055,11.395300000
1255,25.381029,16.680500000
1256,25.391101,9.766200000
1257,25.400922,9.601400000
1258,25.410534,9.419600000
1259,25.420323,9.562000000
1260,25.430428,9.882700000
1261,25.440313,9.609400000
1262,25.451906,11.397900000
1263,25.530576,11.736700000
1264,25.542750,11.787200000
1265,25.570263,11.517800000
1266,25.580818,10.215100000
1267,25.590931,9.875300000
1268,25.600898,9.748200000
1269,25.610281,9.124900000
1270,25.619935,9.427500000
1271,25.630045,9.865400000
1272,25.713421,11.715600000
1273,25.726390,12.582700000
1274,25.752886,11.497400000
1275,25.765084,11.806500000
1276,25.775693,10.320900000
1277,25.785647,9.645500000
1278,25.795782,9.771500000
1279,25.806723,10.658600000
1280,25.816401,9.360500000
1281,25.826068,9.393400000
1282,25.919214,13.306800000
1283,25.931683,11.611100000
1284,25.942920,10.918100000
1285,25.977739,13.233700000
1286,25.987809,9.799900000
1287,25.998036,10.020000000
1288,26.007846,9.580200000
1289,26.016972,8.968100000
1290,26.025680,8.446600000
1291,26.035565,9.573400000
1292,26.122543,11.177200000
1293,26.134223,11.311200000
1294,26.166281,10.429800000
1295,26.176190,9.692300000
1296,26.185841,9.412400000
1297,26.195087,9.042300000
1298,26.204456,9.148200000
1299,26.213355,8.656600000
1300,26.222655,9.137100000
1301,26.231653,8.687700000
1302,26.314401,12.446300000
1303,26.326673,11.857300000
1304,26.356938,10.390000000
1305,26.367369,10.011400000
1306,26.377289,9.676500000
1307,26.386672,9.190100000
1308,26.401745,14.890000000
1309,26.411753,9.733800000
1310,26.423253,11.240900000
1311,26.435330,11.763200000
1312,26.522479,17.950000000
1313,26.575712,28.014500000
1314,26.585605,9.575900000
1315,26.594669,8.834500000
1316,26.604703,9.787000000
1317,26.613562,8.646900000
1318,26.622034,8.264800000
1319,26.630306,8.045900000
1320,26.639090,8.555800000
1321,26.650149,10.846300000
1322,26.737899,11.716700000
1323,26.777532,13.575900000
1324,26.788146,10.284200000
1325,26.798190,9.680500000
1326,26.807657,9.234500000
1327,26.817375,9.440100000
1328,26.826444,8.779300000
1329,26.835941,9.275000000
1330,26.844734,8.558900000
1331,26.854177,9.207100000
1332,26.863128,8.724100000
1333,26.956146,11.397700000
1334,26.968471,11.944500000
1335,27.004356,15.190300000
1336,27.014459,9.768800000
1337,27.024493,9.756400000
1338,27.034816,10.072300000
1339,27.044220,9.192000000
1340,27.052944,8.565200000
1341,27.061540,8.391800000
1342,27.070134,8.333300000
1343,27.078611,8.228900000
1344,27.158594,10.477600000
1345,27.169569,10.640100000
1346,27.205188,13.671500000
1347,27.215209,9.729800000
1348,27.224707,9.257900000
1349,27.233672,8.734200000
1350,27.242714,8.825500000
1351,27.251743,8.786400000
1352,27.260864,8.908800000
1353,27.269733,8.626800000
1354,27.350752,11.108200000
1355,27.381332,11.744000000
1356,27.396485,13.107400000
1357,27.406359,9.589800000
1358,27.415547,9.046000000
1359,27.424739,9.005200000
1360,27.433319,8.344200000
1361,27.442234,8.696200000
1362,27.450550,8.122000000
1363,27.529949,11.693200000
1364,27.542549,12.277500000
1365,27.557164,11.033200000
1366,27.571077,13.553500000
1367,27.581703,10.313600000
1368,27.591415,9.475100000
1369,27.600747,9.086400000
1370,27.609485,8.511400000
1371,27.618295,8.573500000
1372,27.699588,11.174900000
1373,27.711262,11.316900000
1374,27.741987,11.549800000
1375,27.752503,10.235600000
1376,27.762285,9.518500000
1377,27.771496,8.974800000
1378,27.780278,8.590400000
1379,27.788950,8.448700000
1380,27.797869,8.758900000
1381,27.877116,11.027100000
1382,27.888351,10.856400000
1383,27.901709,13.001100000
1384,27.921600,11.314500000
1385,27.932321,10.400600000
1386,27.942328,9.753500000
1387,27.952416,9.867400000
1388,27.961437,8.799500000
1389,27.970449,8.771500000
1390,28.060314,10.419400000
1391,28.071931,11.201300000
1392,28.086527,10.910900000
1393,28.103349,16.555200000
1394,28.113633,10.073100000
1395,28.124072,10.220700000
1396,28.133746,9.371000000
1397,28.143193,9.226000000
1398,28.152036,8.581100000
1399,28.232402,10.840100000
1400,28.243551,10.862200000
1401,28.260626,14.474600000
1402,28.274624,13.651400000
1403,28.285892,11.019000000
1404,28.296365,10.204600000
1405,28.305965,9.361100000
1406,28.315054,8.882100000
1407,28.323857,8.631600000
1408,28.402838,10.164300000
1409,28.415286,12.104900000
1410,28.445365,10.711900000
1411,28.455839,10.190700000
1412,28.466175,10.093000000
1413,28.477481,11.043600000
1414,28.487015,9.306600000
1415,28.496232,9.020400000
1416,28.578290,11.192900000
1417,28.590856,12.175400000
1418,28.603639,10.992400000
1419,28.617702,13.727000000
1420,28.628737,10.664300000
1421,28.639225,10.162900000
1422,28.649075,9.552700000
1423,28.659107,9.741100000
1424,28.670369,10.918500000
1425,28.758259,10.512600000
1426,28.771012,12.413600000
1427,28.801701,13.980200000
1428,28.813843,11.823600000
1429,28.824595,10.520900000
1430,28.834986,10.131500000
1431,28.845501,10.307900000
1432,28.855708,9.899400000
1433,28.866268,10.306300000
1434,28.949467,10.786800000
1435,28.991989,14.756600000
1436,29.002599,10.380100000
1437,29.012474,9.578600000
1438,29.022336,9.642500000
1439,29.031797,9.238100000
1440,29.040605,8.559400000
1441,29.049356,8.579700000
1442,29.058249,8.741300000
1443,29.158958,12.729300000
1444,29.170745,11.425200000
1445,29.194852,11.216400000
1446,29.206481,11.302900000
1447,29.217607,10.878000000
1448,29.227499,9.637800000
1449,29.237002,9.260100000
1450,29.245771,8.660700000
1451,29.254795,8.755400000
1452,29.263912,8.914100000
1453,29.273226,9.107800000
1454,29.354585,10.532700000
1455,29.365734,10.801000000
1456,29.397458,14.954700000
1457,29.407933,10.168600000
1458,29.418022,9.849600000
1459,29.427785,9.502400000
1460,29.438037,9.940500000
1461,29.448405,10.151900000
1462,29.458108,9.469300000
1463,29.468620,10.203500000
1464,29.563057,10.412300000
1465,29.574252,10.906000000
1466,29.600459,12.399900000
1467,29.610837,10.103500000
1468,29.621187,10.131400000
1469,29.630578,9.280800000
1470,29.639743,8.979000000
1471,29.648405,8.408500000
1472,29.657439,8.820400000
1473,29.665739,8.122000000
1474,29.745632,10.889600000
1475,29.758382,12.329100000
1476,29.783574,10.851100000
1477,29.794206,10.344900000
1478,29.804243,9.719300000
1479,29.814344,9.881400000
1480,29.823769,9.144400000
1481,29.832816,8.842100000
1482,29.841516,8.463600000
1483,29.924409,12.225000000
1484,29.935917,11.091000000
1485,29.959696,10.677200000
1486,29.970827,10.862000000
1487,29.980927,9.856400000
1488,29.990482,9.345600000
1489,29.999674,8.962800000
1490,30.008652,8.798100000
1491,30.017567,8.694900000
1492,30.095874,11.120200000
1493,30.117136,10.699500000
1494,30.139650,15.197300000
1495,30.150258,10.331800000
1496,30.160709,10.254300000
1497,30.170294,9.471500000
1498,30.180234,9.734400000
1499,30.189378,9.032300000
1500,30.199321,9.704500000
1501,30.296626,13.549100000
1502,30.308095,11.089400000
1503,30.332039,12.577900000
1504,30.342539,10.196300000
1505,30.352534,9.764600000
1506,30.362077,9.299400000
1507,30.371913,9.681100000
1508,30.380367,8.290600000
1509,30.389285,8.775000000
1510,30.398333,8.876000000
1511,30.478640,10.657500000
1512,30.489194,10.235600000
1513,30.519170,11.572200000
1514,30.530215,10.638500000
1515,30.540562,10.031000000
1516,30.550251,9.471600000
1517,30.559737,9.373600000
1518,30.568853,8.860800000
1519,30.577364,8.297400000
1520,30.658576,11.332500000
1521,30.670632,11.633300000
1522,30.686737,10.829800000
1523,30.700549,13.536300000
1524,30.712273,11.410400000
1525,30.723895,11.345200000
1526,30.734177,9.925500000
1527,30.744082,9.691200000
1528,30.754242,9.920300000
1529,30.836586,11.193400000
1530,30.848013,11.067800000
1531,30.875140,10.407800000
1532,30.886039,10.555700000
1533,30.896064,9.755100000
1534,30.905990,9.647700000
1535,30.915275,9.120400000
1536,30.924985,9.431500000
1537,30.933961,8.831600000
1538,31.014865,10.649100000
1539,31.056950,10.863300000
1540,31.067309,10.084800000
1541,31.078239,10.641400000
1542,31.089426,10.822700000
1543,31.099329,9.714500000
1544,31.108569,9.005200000
1545,31.118131,9.293400000
1546,31.127911,9.514000000
1547,31.212979,10.446000000
1548,31.225191,11.922600000
1549,31.255256,10.497700000
1550,31.266521,10.956400000
1551,31.276919,10.181200000
1552,31.287402,10.193800000
1553,31.296689,9.123900000
1554,31.305721,8.780800000
1555,31.314497,8.564000000
1556,31.323781,9.087500000
1557,31.416173,11.781400000
1558,31.429011,12.483600000
1559,31.456099,12.400500000
1560,31.466894,10.464100000
1561,31.476761,9.637700000
1562,31.486797,9.810900000
1563,31.495972,8.976100000
1564,31.505042,8.816500000
1565,31.514494,9.283900000
1566,31.523559,8.814200000
1567,31.610140,11.921400000
1568,31.623185,12.635800000
1569,31.658205,12.537600000
1570,31.668935,10.333900000
1571,31.680108,10.896800000
1572,31.691454,11.106800000
1573,31.702907,11.219200000
1574,31.713801,10.688000000
1575,31.723606,9.535600000
1576,31.806711,11.652000000
1577,31.818748,11.664900000
1578,31.845246,11.127700000
1579,31.856185,10.595300000
1580,31.866990,10.544700000
1581,31.876834,9.565000000
1582,31.886296,9.245300000
1583,31.895849,9.352700000
1584,31.905041,8.966100000
1585,31.913952,8.694500000
1586,31.996979,10.934000000
1587,32.037631,12.375700000
1588,32.052173,14.193800000
1589,32.064007,11.582200000
1590,32.076724,12.395800000
1591,32.088734,11.886200000
1592,32.112835,23.833400000
1593,32.121779,8.596300000
1594,32.130225,8.219600000
1595,32.139177,8.741600000
1596,32.224924,10.885700000
1597,32.237281,12.011300000
1598,32.250188,12.578100000
1599,32.265070,12.371600000
1600,32.276655,11.277700000
1601,32.288516,11.544300000
1602,32.300305,11.599000000
1603,32.311773,11.128200000
1604,32.323066,10.975600000
1605,32.335125,11.758300000
1606,32.348294,12.946900000
1607,32.454754,11.517100000
1608,32.466262,11.041300000
1609,32.477739,11.175400000
1610,32.492940,11.141800000
1611,32.502861,9.716300000
1612,32.512091,8.991300000
1613,32.521422,9.116900000
1614,32.530853,9.211300000
1615,32.539620,8.525500000
1616,32.548498,8.668200000
1617,32.556952,8.188200000
1618,32.565504,8.293800000
1619,32.646721,13.293500000
1620,32.657795,10.728600000
1621,32.684293,11.612100000
1622,32.695839,11.257700000
1623,32.707142,11.018700000
1624,32.717183,9.823200000
1625,32.726830,9.346700000
1626,32.735474,8.534900000
1627,32.743914,8.181800000
1628,32.825622,11.231800000
1629,32.836691,10.744600000
1630,32.848915,11.905300000
1631,32.868729,15.098700000
1632,32.880751,11.748500000
1633,32.892557,11.481700000
1634,32.903314,10.628900000
1635,32.913907,10.466900000
1636,32.924833,10.536000000
1637,33.012497,12.125200000
1638,33.052651,13.155000000
1639,33.064450,11.455900000
1640,33.075406,10.783700000
1641,33.086710,10.995500000
1642,33.097496,10.486600000
1643,33.108250,10.478300000
1644,33.118653,10.161800000
1645,33.129106,10.204000000
1646,33.212173,11.023200000
1647,33.223382,10.849100000
1648,33.235825,12.127400000
1649,33.249820,10.639600000
1650,33.260015,9.856900000
1651,33.269355,9.099900000
1652,33.279059,9.541700000
1653,33.288050,8.793100000
1654,33.296557,8.317500000
1655,33.304920,8.154200000
1656,33.313712,8.594500000
1657,33.397036,10.955000000
1658,33.409280,11.846100000
1659,33.438116,11.278000000
1660,33.448891,10.461800000
1661,33.458876,9.623000000
1662,33.468229,9.132300000
1663,33.477087,8.630100000
1664,33.485697,8.399500000
1665,33.494686,8.773300000
1666,33.583278,10.399100000
1667,33.594264,10.660000000
1668,33.608476,10.749300000
1669,33.622654,13.716500000
1670,33.633448,10.423500000
1671,33.643411,9.777500000
1672,33.653722,10.090700000
1673,33.663688,9.650500000
1674,33.673949,9.969700000
1675,33.756641,11.215800000
1676,33.769299,12.322600000
1677,33.804127,13.683300000
1678,33.814805,10.344600000
1679,33.824379,9.431200000
1680,33.833475,8.901800000
1681,33.842636,8.993200000
1682,33.851149,8.405700000
1683,33.860188,8.725100000
1684,33.969803,19.901400000
1685,34.026935,24.507200000
1686,34.040745,13.174000000
1687,34.056268,15.107100000
1688,34.070215,13.574700000
1689,34.084218,13.671700000
1690,34.098585,13.884600000
1691,34.111381,12.436900000
1692,34.123558,11.868800000
1693,34.135271,11.445300000
1694,34.233463,14.741800000
1695,34.246663,12.788600000
1696,34.262930,15.868900000
1697,34.277029,13.649900000
1698,34.289196,11.831300000
1699,34.300334,10.885700000
1700,34.311523,10.926200000
1701,34.321246,9.574500000
1702,34.330795,9.286700000
1703,34.340277,9.248100000
1704,34.348884,8.369200000
1705,34.357237,8.272500000
1706,34.366455,8.893400000
1707,34.455933,11.851700000
1708,34.468078,11.735000000
1709,34.486169,11.369500000
1710,34.504376,11.463200000
1711,34.514992,10.314000000
1712,34.524711,9.483600000
1713,34.534097,9.061300000
1714,34.542790,8.517400000
1715,34.551835,8.867500000
1716,34.561550,9.567200000
1717,34.570447,8.704400000
1718,34.579075,8.425000000
1719,34.671533,11.874700000
1720,34.683033,11.118900000
1721,34.715917,11.970300000
1722,34.726589,10.315000000
1723,34.738158,11.274100000
1724,34.747619,9.246100000
1725,34.756712,8.864500000
1726,34.765592,8.641500000
1727,34.774056,8.255600000
1728,34.782739,8.461500000
1729,34.865704,13.284300000
1730,34.877399,11.277400000
1731,34.907421,11.827800000
1732,34.917484,9.759000000
1733,34.927331,9.599100000
1734,34.937580,9.975600000
1735,34.948059,10.159200000
1736,34.958472,10.103700000
1737,34.968890,10.124000000
1738,34.979201,10.028100000
1739,35.068056,12.331200000
1740,35.080436,11.954900000
1741,35.114979,14.101200000
1742,35.125927,10.477800000
1743,35.136480,10.320800000
1744,35.146375,9.542900000
1745,35.156054,9.396900000
1746,35.165527,9.159700000
1747,35.174742,8.987000000
1748,35.183078,8.230500000
1749,35.262596,9.981200000
1750,35.273849,10.930700000
1751,35.289502,11.166800000
1752,35.303818,14.029200000
1753,35.314161,10.032500000
1754,35.323707,9.279700000
1755,35.332784,8.882800000
1756,35.341149,8.267000000
1757,35.349759,8.353900000
1758,35.357956,8.107500000
1759,35.434856,10.135400000
1760,35.445838,10.617500000
1761,35.478961,10.893300000
1762,35.489895,10.636800000
1763,35.500811,10.641800000
1764,35.510451,9.511800000
1765,35.520374,9.665900000
1766,35.529523,8.866500000
1767,35.538192,8.448100000
1768,35.621909,11.408700000
1769,35.634346,12.001600000
1770,35.661666,11.157400000
1771,35.672075,10.045000000
1772,35.681448,9.167000000
1773,35.691103,9.458300000
1774,35.700198,8.902300000
1775,35.709352,9.045000000
1776,35.718452,8.862200000
1777,35.812004,12.467300000
1778,35.824560,10.134400000
1779,35.839008,14.085900000
1780,35.849100,9.765000000
1781,35.859544,10.220500000
1782,35.869227,9.516500000
1783,35.878497,9.030300000
1784,35.887796,9.169200000
1785,35.896770,8.705200000
1786,35.977271,9.909200000
1787,35.988065,10.391200000
1788,36.004072,15.298100000
1789,36.015942,10.662100000
1790,36.026902,10.601800000
1791,36.036913,9.795500000
1792,36.046181,9.115100000
1793,36.055131,8.718500000
1794,36.064232,8.926600000
1795,36.144540,10.156700000
1796,36.161715,10.929200000
1797,36.177729,15.650500000
1798,36.189848,11.643000000
1799,36.200634,10.487800000
1800,36.210849,9.832400000
1801,36.220336,9.272100000
1802,36.229980,9.431700000
1803,36.316461,13.330500000
1804,36.330525,10.576900000
1805,36.343366,12.448300000
1806,36.357014,12.791900000
1807,36.366990,9.767700000
1808,36.377249,10.012500000
1809,36.386466,9.035800000
1810,36.395419,8.713600000
1811,36.404557,8.946900000
1812,36.490894,12.755100000
1813,36.507963,10.857300000
1814,36.521812,13.491600000
1815,36.532436,10.308700000
1816,36.542255,9.580300000
1817,36.551381,8.919700000
1818,36.560897,9.323100000
1819,36.570771,9.640400000
1820,36.652795,10.883800000
1821,36.664096,10.940500000
1822,36.691671,10.437500000
1823,36.701959,9.955200000
1824,36.711394,9.194500000
1825,36.720496,8.905700000
1826,36.729329,8.666200000
1827,36.738350,8.874100000
1828,36.746524,8.076400000
1829,36.844194,10.987800000
1830,36.856166,11.586200000
1831,36.868615,12.073600000
1832,36.886370,11.798300000
1833,36.897726,10.978600000
1834,36.907955,9.886300000
1835,36.918018,9.801600000
1836,36.927679,9.261900000
1837,36.937554,9.569100000
1838,37.023878,11.808100000
1839,37.034373,10.147900000
1840,37.065897,14.356500000
1841,37.075415,9.258900000
1842,37.084202,8.576200000
1843,37.092777,8.420900000
1844,37.101450,8.432100000
1845,37.110109,8.503900000
1846,37.118952,8.689900000
1847,37.203043,15.647600000
1848,37.244276,11.402700000
1849,37.256810,12.181900000
1850,37.268824,11.660700000
1851,37.279132,10.057600000
1852,37.289478,10.170100000
1853,37.299924,10.198500000
1854,37.310036,9.854000000
1855,37.319250,9.021900000
1856,37.401877,12.599900000
1857,37.413779,11.446900000
1858,37.440598,10.926100000
1859,37.450407,9.550300000
1860,37.460297,9.724100000
1861,37.470488,9.984100000
1862,37.479518,8.838700000
1863,37.490153,10.477100000
1864,37.498674,8.305000000
1865,37.507890,8.964700000
1866,37.598975,11.623800000
1867,37.614599,15.228100000
1868,37.633366,18.433200000
1869,37.644930,11.269400000
1870,37.657081,11.901000000
1871,37.669065,11.812300000
1872,37.680466,11.201600000
1873,37.700924,20.252300000
1874,37.708849,7.473400000
1875,37.716728,7.733200000
1876,37.798309,10.866200000
1877,37.815438,16.439000000
1878,37.829250,13.508900000
1879,37.844158,14.469300000
1880,37.855270,10.783100000
1881,37.865712,10.228100000
1882,37.875687,9.801900000
1883,37.886096,10.172300000
1884,37.897021,10.529800000
1885,37.907665,10.343500000
1886,38.003905,10.142100000
1887,38.019724,15.357800000
1888,38.045383,13.072200000
1889,38.055642,9.894200000
1890,38.065680,9.838500000
1891,38.074925,9.013400000
1892,38.084453,9.328700000
1893,38.093153,8.598200000
1894,38.101628,8.190000000
1895,38.109493,7.685400000
1896,38.189269,10.565800000
1897,38.200791,11.200700000
1898,38.232392,11.757500000
1899,38.244096,11.445600000
1900,38.254248,9.914300000
1901,38.264192,9.653200000
1902,38.274389,9.989800000
1903,38.284034,9.469400000
1904,38.292918,8.692600000
1905,38.371079,9.873900000
1906,38.382238,10.893000000
1907,38.394464,10.523300000
1908,38.407725,12.984300000
1909,38.418357,10.301500000
1910,38.428956,10.392000000
1911,38.439578,10.347300000
1912,38.449108,9.410600000
1913,38.457915,8.583400000
1914,38.467040,8.886800000
1915,38.551380,11.073500000
1916,38.573725,10.999700000
1917,38.587883,13.812600000
1918,38.598124,9.955600000
1919,38.607543,9.235800000
1920,38.616571,8.819200000
1921,38.624991,8.234700000
1922,38.633186,8.096500000
1923,38.712996,10.122900000
1924,38.740416,10.338300000
1925,38.753312,12.503700000
1926,38.763417,9.828600000
1927,38.772760,9.172500000
1928,38.782487,9.477300000
1929,38.791658,8.918800000
1930,38.801222,9.450600000
1931,38.810219,8.780200000
1932,38.891789,10.659100000
1933,38.904621,12.384800000
1934,38.917982,12.924000000
1935,38.931494,10.595200000
1936,38.942456,10.508000000
1937,38.952091,9.399300000
1938,38.961239,8.975100000
1939,38.969848,8.500400000
1940,38.979443,9.318900000
1941,39.073091,13.003200000
1942,39.110171,11.254900000
1943,39.120847,10.357800000
1944,39.130689,9.527000000
1945,39.140581,9.666900000
1946,39.149649,8.960800000
1947,39.158807,8.989900000
1948,39.167205,8.117800000
1949,39.253333,15.031000000
1950,39.272667,11.586400000
1951,39.287443,14.437600000
1952,39.299760,11.969700000
1953,39.310939,10.891900000
1954,39.321826,10.657800000
1955,39.332201,10.145600000
1956,39.342586,10.109000000
1957,39.353093,10.208700000
1958,39.435524,10.496200000
1959,39.447825,11.950900000
1960,39.459733,11.573900000
1961,39.474419,10.939200000
1962,39.485243,10.490400000
1963,39.495202,9.709400000
1964,39.504401,9.079400000
1965,39.513227,8.581700000
1966,39.521388,7.978400000
1967,39.529868,8.327600000
1968,39.619409,14.778900000
1969,39.639113,11.418600000
1970,39.652845,13.426700000
1971,39.664719,11.454700000
1972,39.675633,10.702600000
1973,39.685504,9.741500000
1974,39.695086,9.110900000
1975,39.703752,8.464500000
1976,39.712830,8.843000000
1977,39.793601,11.803200000
1978,39.805630,11.662400000
1979,39.834055,12.774500000
1980,39.843894,9.542500000
1981,39.854142,10.100500000
1982,39.864315,9.930500000
1983,39.873488,8.950400000
1984,39.882159,8.501700000
1985,39.891277,8.937600000
1986,39.973518,11.642700000
1987,39.985589,11.377400000
1988,40.016926,11.408200000
1989,40.028481,11.290000000
1990,40.039805,11.142200000
1991,40.051004,10.983800000
1992,40.062178,10.876700000
1993,40.073260,10.810900000
1994,40.083977,10.421200000
1995,40.171953,10.919900000
1996,40.183003,10.700500000
1997,40.193554,10.115000000
1998,40.206566,12.742600000
1999,40.216608,9.761900000
2000,40.226181,9.355200000
2001,40.235268,8.892800000
2002,40.244560,9.150700000
2003,40.253436,8.661000000
2004,40.261751,8.218700000
2005,40.352225,13.528400000
2006,40.368809,10.525600000
2007,40.382129,13.016100000
2008,40.392480,10.032600000
2009,40.402983,10.209000000
2010,40.412753,9.554700000
2011,40.422684,9.724800000
2012,40.431704,8.789100000
2013,40.511496,9.884100000
2014,40.527446,11.029800000
2015,40.538654,10.849300000
2016,40.553104,10.756600000
2017,40.563469,10.055900000
2018,40.572975,9.345700000
2019,40.582269,9.061300000
2020,40.591613,9.157300000
2021,40.601280,9.437900000
2022,40.693111,11.674300000
2023,40.705782,12.279700000
2024,40.738356,12.845900000
2025,40.749433,10.660800000
2026,40.759376,9.694500000
2027,40.768430,8.849800000
2028,40.777011,8.400100000
2029,40.785220,8.112600000
2030,40.793849,8.533700000
2031,40.871429,10.968000000
2032,40.882915,11.070100000
2033,40.896485,10.608700000
2034,40.910646,13.867100000
2035,40.921180,10.168800000
2036,40.931908,10.444900000
2037,40.942673,10.503200000
2038,40.953414,10.432500000
2039,41.037258,10.426800000
2040,41.048099,10.493300000
2041,41.074818,10.106900000
2042,41.085671,10.627000000
2043,41.095415,9.572900000
2044,41.104658,9.038900000
2045,41.113548,8.708400000
2046,41.122480,8.810600000
2047,41.131444,8.737300000
2048,41.224099,10.902400000
2049,41.235299,10.847700000
2050,41.259676,10.525600000
2051,41.270724,10.758800000
2052,41.280738,9.746200000
2053,41.289864,9.005600000
2054,41.298803,8.702900000
2055,41.307097,8.076300000
2056,41.315122,7.852400000
2057,41.393832,10.527000000
2058,41.431667,10.245200000
2059,41.442961,10.948500000
2060,41.453276,10.056000000
2061,41.463305,9.785300000
2062,41.473459,10.003200000
2063,41.482595,9.017000000
2064,41.491647,8.751500000
2065,41.500281,8.432800000
2066,41.580286,11.435500000
2067,41.591491,10.849600000
2068,41.601938,10.148000000
2069,41.619100,11.879300000
2070,41.630003,10.609200000
2071,41.639833,9.615000000
2072,41.649078,9.078100000
2073,41.658542,9.354000000
2074,41.667477,8.683600000
2075,41.750626,10.510700000
2076,41.762124,11.161300000
2077,41.789140,10.460600000
2078,41.800153,10.589300000
2079,41.810245,9.813800000
2080,41.819573,9.111500000
2081,41.828489,8.712300000
2082,41.837788,9.032300000
2083,41.918410,10.633900000
2084,41.930003,11.330100000
2085,41.941277,10.492100000
2086,41.958924,11.991200000
2087,41.969098,9.873500000
2088,41.979281,10.021400000
2089,41.989514,9.977900000
2090,41.998974,9.257100000
2091,42.007956,8.693800000
2092,42.087336,10.155100000
2093,42.103309,15.622200000
2094,42.115006,11.387100000
2095,42.127212,10.147400000
2096,42.137321,9.864200000
2097,42.146343,8.875800000
2098,42.157454,10.875600000
2099,42.165771,8.150700000
2100,42.252664,9.863000000
2101,42.263633,10.612100000
2102,42.289010,12.990100000
2103,42.299094,9.724100000
2104,42.309224,9.976600000
2105,42.318831,9.360900000
2106,42.328474,9.411300000
2107,42.337468,8.887600000
2108,42.346945,9.271800000
2109,42.426299,10.686500000
2110,42.438637,11.983600000
2111,42.466091,11.419600000
2112,42.478092,11.640300000
2113,42.490686,12.163800000
2114,42.502374,11.235600000
2115,42.514922,12.242700000
2116,42.524813,9.633400000
2117,42.611119,12.803900000
2118,42.622472,10.897400000
2119,42.634258,11.450400000
2120,42.649349,14.768400000
2121,42.659982,10.248000000
2122,42.670150,9.879600000
2123,42.679522,9.230700000
2124,42.688624,8.864100000
2125,42.697845,9.072300000
2126,42.779494,12.171600000
2127,42.792910,12.986700000
2128,42.825941,12.893300000
2129,42.837488,11.177900000
2130,42.847946,10.163400000
2131,42.858196,10.022800000
2132,42.868661,10.228900000
2133,42.879412,10.513800000
2134,42.889726,10.039800000
2135,42.968993,11.736400000
2136,42.985098,10.193600000
2137,42.997776,12.446300000
2138,43.008076,9.936400000
2139,43.018974,10.639000000
2140,43.028744,9.539300000
2141,43.038728,9.768300000
2142,43.049138,10.130500000
2143,43.059885,10.511000000
2144,43.149851,12.474300000
2145,43.161215,10.941100000
2146,43.187532,11.333800000
2147,43.201249,13.318200000
2148,43.211188,9.712000000
2149,43.221707,10.319400000
2150,43.232745,10.832100000
2151,43.244341,11.385400000
2152,43.266389,21.824200000
2153,43.361112,12.658200000
2154,43.373679,12.186300000
2155,43.401765,13.734100000
2156,43.413970,11.853100000
2157,43.425278,10.994900000
2158,43.436092,10.548300000
2159,43.446978,10.687000000
2160,43.457765,10.544900000
2161,43.470523,12.525700000
2162,43.481148,10.477500000
2163,43.491675,10.305600000
2164,43.574444,11.025300000
2165,43.586015,11.169600000
2166,43.618048,11.174400000
2167,43.628425,10.063900000
2168,43.638948,10.204100000
2169,43.649694,10.416000000
2170,43.659438,9.406800000
2171,43.668699,9.040500000
2172,43.678345,9.369600000
2173,43.687298,8.612800000
2174,43.695868,8.344800000
2175,43.776289,11.171400000
2176,43.787773,11.097200000
2177,43.801448,11.406100000
2178,43.816371,14.582900000
2179,43.827903,11.172600000
2180,43.838429,10.281800000
2181,43.848227,9.561600000
2182,43.857395,8.888700000
2183,43.866701,9.144100000
2184,43.875518,8.505000000
2185,43.962084,12.457800000
2186,43.984698,10.671200000
2187,43.998166,13.160100000
2188,44.008387,9.834800000
2189,44.018591,10.016800000
2190,44.028024,9.130600000
2191,44.037193,8.898900000
2192,44.045586,8.168000000
2193,44.053647,7.966300000
2194,44.130833,9.681300000
2195,44.140971,9.749300000
2196,44.151820,10.519500000
2197,44.165702,13.586900000
2198,44.178211,12.130200000
2199,44.188238,9.727600000
2200,44.197461,9.104000000
2201,44.207077,9.341400000
2202,44.216965,9.729700000
2203,44.300181,13.063800000
2204,44.312352,11.173500000
2205,44.335648,10.064900000
2206,44.345840,9.849200000
2207,44.355151,9.034500000
2208,44.364881,9.455100000
2209,44.373870,8.680900000
2210,44.382549,8.421100000
2211,44.467829,10.049700000
2212,44.479303,11.126200000
2213,44.505033,13.251200000
2214,44.515639,10.280900000
2215,44.525601,9.625100000
2216,44.534857,9.061000000
2217,44.543735,8.699100000
2218,44.552838,8.890300000
2219,44.629918,10.326400000
2220,44.641141,10.767000000
2221,44.653660,10.159500000
2222,44.667081,13.150900000
2223,44.677176,9.836600000
2224,44.687466,10.057900000
2225,44.696869,9.201200000
2226,44.706177,9.003400000
2227,44.786715,10.751600000
2228,44.828056,14.227300000
2229,44.837919,9.582300000
2230,44.847921,9.775400000
2231,44.857023,8.908300000
2232,44.865990,8.669800000
2233,44.874953,8.846000000
2234,44.883481,8.300800000
2235,44.961407,10.106400000
2236,44.972209,10.415900000
2237,45.001803,12.128200000
2238,45.011800,9.683800000
2239,45.021545,9.493800000
2240,45.031009,9.278500000
2241,45.040586,9.328000000
2242,45.051366,10.538400000
2243,45.061428,9.801300000
2244,45.150225,15.126600000
2245,45.188777,11.686200000
2246,45.199292,10.190500000
2247,45.208952,9.382800000
2248,45.218631,9.416700000
2249,45.229749,10.804600000
2250,45.240913,10.894600000
2251,45.250761,9.483800000
2252,45.260224,9.210900000
2253,45.340220,10.434600000
2254,45.350952,10.416000000
2255,45.365941,14.692600000
2256,45.376516,10.198300000
2257,45.386202,9.414000000
2258,45.395540,9.098000000
2259,45.404292,8.578000000
2260,45.413451,9.049700000
2261,45.423444,9.742000000
2262,45.432370,8.679200000
2263,45.524465,13.101600000
2264,45.559435,10.985600000
2265,45.572321,12.609700000
2266,45.582829,10.148000000
2267,45.593095,9.939200000
2268,45.602940,9.472100000
2269,45.612878,9.734900000
2270,45.622241,9.141600000
2271,45.632045,9.573400000
2272,45.711864,10.816300000
2273,45.723221,10.886900000
2274,45.734337,10.008300000
2275,45.748307,13.377400000
2276,45.759782,11.106500000
2277,45.769976,9.928700000
2278,45.780337,10.056000000
2279,45.789539,9.049200000
2280,45.799203,9.428400000
2281,45.807989,8.519200000
2282,45.891652,10.318000000
2283,45.903382,11.264700000
2284,45.928863,10.511900000
2285,45.938919,9.748000000
2286,45.948302,9.161500000
2287,45.957136,8.724400000
2288,45.965889,8.525100000
2289,45.974600,8.548900000
2290,45.982904,8.207200000
2291,46.062776,10.971100000
2292,46.073599,10.513100000
2293,46.106039,15.821400000
2294,46.116573,10.282500000
2295,46.128134,11.297500000
2296,46.138739,10.335400000
2297,46.148327,9.323700000
2298,46.157761,9.191100000
2299,46.241168,12.348400000
2300,46.254738,12.985000000
2301,46.279083,11.707600000
2302,46.291030,11.613900000
2303,46.301430,10.093000000
2304,46.310806,9.150400000
2305,46.319576,8.511300000
2306,46.328570,8.757700000
2307,46.338246,9.440700000
2308,46.414516,10.766000000
2309,46.427056,12.179200000
2310,46.451746,10.049700000
2311,46.461909,9.891400000
2312,46.471329,9.256900000
2313,46.480925,9.403500000
2314,46.489808,8.628000000
2315,46.498633,8.598100000
2316,46.507709,8.831900000
2317,46.595916,11.605000000
2318,46.618061,10.418600000
2319,46.631263,12.934600000
2320,46.642307,10.652000000
2321,46.653354,10.812000000
2322,46.663181,9.538700000
2323,46.672101,8.704900000
2324,46.680653,8.341700000
2325,46.689293,8.431800000
2326,46.767747,11.704500000
2327,46.778695,10.572100000
2328,46.804141,10.543600000
2329,46.814061,9.620200000
2330,46.824209,9.887100000
2331,46.834583,10.108400000
2332,46.843995,9.189200000
2333,46.852865,8.610100000
2334,46.930040,10.626900000
2335,46.941720,11.346600000
2336,46.969158,11.654400000
2337,46.979855,10.366000000
2338,46.989695,9.561000000
2339,46.999016,9.033400000
2340,47.008062,8.845900000
2341,47.017063,8.815100000
2342,47.094309,11.407000000
2343,47.105543,10.867200000
2344,47.137511,9.952300000
2345,47.148324,10.544800000
2346,47.158098,9.558400000
2347,47.167204,8.898400000
2348,47.176052,8.604100000
2349,47.184401,8.122900000
2350,47.192997,8.388500000
2351,47.268589,11.233600000
2352,47.280849,11.795700000
2353,47.306445,12.234500000
2354,47.316685,9.939900000
2355,47.326443,9.404400000
2356,47.335538,8.812600000
2357,47.343918,8.172000000
2358,47.352541,8.398700000
2359,47.427347,10.034500000
2360,47.440613,12.900000000
2361,47.465430,10.818500000
2362,47.475592,9.910700000
2363,47.484803,9.009800000
2364,47.493661,8.673500000
2365,47.502471,8.610100000
2366,47.510747,8.073800000
2367,47.603810,14.544800000
2368,47.633363,10.784000000
2369,47.643882,10.210400000
2370,47.653621,9.503600000
2371,47.663570,9.654600000
2372,47.673762,9.956300000
2373,47.682809,8.938400000
2374,47.691990,8.887800000
2375,47.701142,8.910800000
2376,47.779674,10.245300000
2377,47.790648,10.570900000
2378,47.817772,11.064700000
2379,47.828088,10.030200000
2380,47.837611,9.278400000
2381,47.846723,8.928500000
2382,47.856013,9.099800000
2383,47.864794,8.581300000
2384,47.873899,8.868900000
2385,47.950751,10.210300000
2386,47.962221,11.148700000
2387,47.977319,14.786200000
2388,47.991570,13.869600000
2389,48.004338,12.344500000
2390,48.015533,10.852800000
2391,48.026580,10.720400000
2392,48.037599,10.685200000
2393,48.132086,10.965800000
2394,48.143468,10.975500000
2395,48.168195,11.160500000
2396,48.179429,10.902400000
2397,48.189381,9.712600000
2398,48.199014,9.388300000
2399,48.209193,9.940000000
2400,48.219948,10.484000000
2401,48.229683,9.607200000
2402,48.239191,9.186100000
2403,48.314152,10.532100000
2404,48.325261,10.774700000
2405,48.360840,20.407100000
2406,48.372200,11.013800000
2407,48.382993,10.534500000
2408,48.393767,10.507400000
2409,48.404328,10.239800000
2410,48.414589,9.946100000
2411,48.425537,10.669200000
2412,48.504563,10.239200000
2413,48.515146,10.133400000
2414,48.544293,12.367500000
2415,48.555196,10.672400000
2416,48.565078,9.688000000
2417,48.574129,8.941000000
2418,48.583027,8.616600000
2419,48.591390,8.161100000
2420,48.599735,8.164200000
2421,48.694469,13.717500000
2422,48.705889,11.071700000
2423,48.733296,15.132300000
2424,48.743245,9.658500000
2425,48.756070,12.618800000
2426,48.767257,10.931300000
2427,48.778685,11.173500000
2428,48.791932,13.044200000
2429,48.804352,12.203200000
2430,48.827993,23.353300000
2431,48.908007,13.821600000
2432,48.920178,11.672400000
2433,48.943124,14.699500000
2434,48.955273,11.789400000
2435,48.966977,11.428400000
2436,48.977524,10.290300000
2437,48.988135,10.442500000
2438,48.998471,10.206000000
2439,49.008381,9.576700000
2440,49.017959,9.453400000
2441,49.097598,10.036000000
2442,49.108475,10.533200000
2443,49.121639,9.983900000
2444,49.135392,13.476500000
2445,49.146144,10.291900000
2446,49.156613,10.253900000
2447,49.166146,9.326300000
2448,49.175248,8.842400000
2449,49.184175,8.690000000
2450,49.193112,8.810700000
2451,49.275924,14.774700000
2452,49.292381,10.164700000
2453,49.306389,13.655400000
2454,49.316359,9.702700000
2455,49.325836,9.243900000
2456,49.334787,8.705900000
2457,49.344151,9.174100000
2458,49.354153,9.781600000
2459,49.363053,8.786700000
2460,49.438338,10.343100000
2461,49.450405,11.826300000
2462,49.461859,11.111800000
2463,49.477784,11.282600000
2464,49.488325,10.279300000
2465,49.498788,10.264300000
2466,49.509551,10.530900000
2467,49.520335,10.456400000
2468,49.600413,11.614500000
2469,49.615768,15.016400000
2470,49.630287,14.217300000
2471,49.641857,11.178400000
2472,49.653181,11.059000000
2473,49.663043,9.673400000
2474,49.672337,9.012800000
2475,49.682012,9.489500000
2476,49.769726,10.797000000
2477,49.781093,11.022300000
2478,49.808963,15.418000000
2479,49.819258,10.023300000
2480,49.829092,9.508700000
2481,49.839146,9.812100000
2482,49.848461,9.070300000
2483,49.857614,8.906600000
2484,49.936335,11.309800000
2485,49.976249,11.796100000
2486,49.988117,11.520700000
2487,49.998794,10.357500000
2488,50.008571,9.477700000
2489,50.017628,8.848600000
2490,50.026533,8.697700000
2491,50.035041,8.271700000
2492,50.043872,8.632700000
2493,50.126776,14.410200000
2494,50.138554,11.422900000
2495,50.152711,13.851000000
2496,50.164546,11.371500000
2497,50.175066,10.228100000
2498,50.185044,9.716200000
2499,50.194436,9.160800000
2500,50.203616,8.967900000
2501,50.212278,8.450200000
2502,50.290011,11.480300000
2503,50.302164,11.785900000
2504,50.317734,15.260300000
2505,50.330231,11.991900000
2506,50.341134,10.615500000
2507,50.351897,10.530600000
2508,50.361969,9.794300000
2509,50.371207,9.002400000
2510,50.453328,14.747500000
2511,50.477174,12.172500000
2512,50.491451,10.409800000
2513,50.501550,9.814900000
2514,50.511351,9.583700000
2515,50.520959,9.304900000
2516,50.530330,9.077200000
2517,50.539718,9.106200000
2518,50.617912,10.558600000
2519,50.629103,10.867000000
2520,50.658439,11.855000000
2521,50.669618,10.924600000
2522,50.679855,10.003500000
2523,50.689263,9.288400000
2524,50.698567,9.110200000
2525,50.707622,8.870800000
2526,50.716489,8.724000000
2527,50.803380,10.910200000
2528,50.814958,11.240100000
2529,50.826627,10.703700000
2530,50.840678,13.761000000
2531,50.851468,10.422500000
2532,50.861997,10.254000000
2533,50.872387,10.120500000
2534,50.881818,9.213700000
2535,50.892624,10.503200000
2536,50.987122,14.515700000
2537,51.000073,12.578000000
2538,51.014867,14.471300000
2539,51.026750,11.523800000
2540,51.038018,10.937900000
2541,51.048320,10.058400000
2542,51.058082,9.510000000
2543,51.067588,9.277800000
2544,51.077481,9.718800000
2545,51.168063,12.278000000
2546,51.180594,12.117700000
2547,51.194623,13.674300000
2548,51.206555,10.943100000
2549,51.218529,11.662100000
2550,51.229338,10.557900000
2551,51.239869,10.283300000
2552,51.249942,9.884900000
2553,51.260170,9.989500000
2554,51.338781,11.892600000
2555,51.351356,12.241600000
2556,51.366008,14.295700000
2557,51.378750,12.440100000
2558,51.391485,12.320900000
2559,51.402951,11.173400000
2560,51.415362,12.134000000
2561,51.425002,9.442600000
2562,51.434133,9.030400000
2563,51.510397,11.384100000
2564,51.522047,11.319100000
2565,51.536097,13.761600000
2566,51.548614,11.952200000
2567,51.560128,11.214400000
2568,51.570269,9.940800000
2569,51.579673,9.162200000
2570,51.589001,9.117500000
2571,51.665296,10.859300000
2572,51.676559,10.848300000
2573,51.689998,13.117700000
2574,51.704882,14.237100000
2575,51.716006,10.820200000
2576,51.727083,10.795600000
2577,51.738384,11.063700000
2578,51.749932,11.209800000
2579,51.849321,12.473200000
2580,51.862774,13.094700000
2581,51.889117,11.754100000
2582,51.899840,10.444500000
2583,51.910397,10.288000000
2584,51.919947,9.429600000
2585,51.929988,9.763300000
2586,51.939516,9.262800000
2587,51.949249,9.571600000
2588,52.028817,10.732700000
2589,52.039747,10.544100000
2590,52.052455,12.401400000
2591,52.064968,11.378900000
2592,52.076616,11.293900000
2593,52.086723,9.903300000
2594,52.096173,9.295700000
2595,52.105980,9.621300000
2596,52.114983,8.776200000
2597,52.191394,10.433800000
2598,52.201846,10.141800000
2599,52.215701,13.564200000
2600,52.228208,11.894700000
2601,52.239630,11.149700000
2602,52.250175,10.297000000
2603,52.259792,9.425900000
2604,52.268918,8.911500000
2605,52.277953,8.884600000
2606,52.355460,10.798200000
2607,52.366612,10.747300000
2608,52.381265,14.353100000
2609,52.394115,12.375100000
2610,52.405558,11.104300000
2611,52.415992,10.123200000
2612,52.426103,9.880900000
2613,52.436322,10.006400000
2614,52.520987,10.559400000
2615,52.532351,11.115100000
2616,52.544987,12.386200000
2617,52.558971,10.576300000
2618,52.570325,11.002400000
2619,52.580591,10.011900000
2620,52.591089,10.271200000
2621,52.601232,9.896000000
2622,52.681049,10.548800000
2623,52.692710,11.299200000
2624,52.704433,11.423400000
2625,52.717431,10.398400000
2626,52.727200,9.570200000
2627,52.736428,9.074600000
2628,52.746136,9.513600000
2629,52.755339,8.942600000
2630,52.845175,10.634000000
2631,52.857179,11.656500000
2632,52.881712,11.597300000
2633,52.892799,10.737200000
2634,52.903121,10.074300000
2635,52.912633,9.250400000
2636,52.922181,9.338100000
2637,52.931125,8.744800000
2638,53.013290,11.483600000
2639,53.024811,11.143300000
2640,53.039229,14.106700000
2641,53.051911,11.323700000
2642,53.062483,10.250700000
2643,53.072329,9.607100000
2644,53.081632,9.125600000
2645,53.090497,8.571700000
2646,53.099131,8.375000000
2647,53.179327,13.298100000
2648,53.213665,11.519600000
2649,53.225873,11.782400000
2650,53.236587,10.425000000
2651,53.246579,9.763000000
2652,53.256668,9.887400000
2653,53.267071,10.127000000
2654,53.276981,9.701900000
2655,53.370301,19.359500000
2656,53.407251,13.426800000
2657,53.420259,12.586200000
2658,53.432299,11.611100000
2659,53.443614,10.924100000
2660,53.454639,10.735900000
2661,53.464560,9.722800000
2662,53.474607,9.826800000
2663,53.484083,9.139500000
2664,53.567158,11.952900000
2665,53.580554,13.028800000
2666,53.595441,14.493400000
2667,53.607394,11.552400000
2668,53.618303,10.638600000
2669,53.628430,9.898900000
2670,53.638007,9.357500000
2671,53.647311,9.110000000
2672,53.657010,9.546900000
2673,53.667312,10.045100000
2674,53.752940,11.666600000
2675,53.765305,12.007900000
2676,53.777088,11.373500000
2677,53.791656,14.054600000
2678,53.804307,12.321900000
2679,53.815370,10.756300000
2680,53.825883,10.191700000
2681,53.835747,9.583900000
2682,53.845809,9.849400000
2683,53.856268,10.220300000
2684,53.964531,13.460700000
2685,53.978750,13.754900000
2686,53.994654,15.532300000
2687,54.008408,13.293000000
2688,54.020513,11.707500000
2689,54.032170,11.368300000
2690,54.042837,10.360100000
2691,54.052954,9.878400000
2692,54.062986,9.865300000
2693,54.073305,10.076600000
2694,54.161486,12.362800000
2695,54.173595,11.743400000
2696,54.190329,16.396200000
2697,54.202833,12.119300000
2698,54.214248,11.116500000
2699,54.225596,10.914800000
2700,54.236112,10.248200000
2701,54.247225,10.879200000
2702,54.259107,11.628200000
2703,54.270512,11.197100000
2704,54.367497,18.222200000
2705,54.380201,12.243900000
2706,54.404835,17.703200000
2707,54.417668,12.509000000
2708,54.430717,12.702700000
2709,54.444573,13.542700000
2710,54.457496,12.651200000
2711,54.484057,26.266400000
2712,54.493600,9.373600000
2713,54.503132,9.238500000
2714,54.594161,11.939200000
2715,54.607880,13.247000000
2716,54.636754,11.764000000
2717,54.648917,11.635400000
2718,54.659361,10.129700000
2719,54.669298,9.682700000
2720,54.678838,9.282300000
2721,54.688507,9.437000000
2722,54.698614,9.759800000
2723,54.708326,9.470900000
2724,54.717949,9.389200000
2725,54.727406,9.199600000
2726,54.802471,11.721900000
2727,54.815820,12.977100000
2728,54.845182,10.810800000
2729,54.855888,10.458600000
2730,54.866095,9.897000000
2731,54.875503,9.208900000
2732,54.885307,9.524600000
2733,54.894411,8.887400000
2734,54.904016,9.411600000
2735,54.913153,8.916800000
2736,55.007128,15.403900000
2737,55.027737,10.766700000
2738,55.040685,12.650200000
2739,55.052192,11.227300000
2740,55.063514,11.110100000
2741,55.073950,10.248500000
2742,55.084392,10.117300000
2743,55.093851,9.241800000
2744,55.103357,9.230900000
2745,55.112726,9.169300000
2746,55.191264,11.881800000
2747,55.203000,11.325800000
2748,55.222729,15.681900000
2749,55.233644,10.661100000
2750,55.244770,10.896700000
2751,55.254876,9.941800000
2752,55.264609,9.531000000
2753,55.273764,8.933500000
2754,55.282412,8.467200000
2755,55.363229,12.089000000
2756,55.384289,10.828800000
2757,55.400944,16.355600000
2758,55.411613,10.397000000
2759,55.422324,10.524600000
2760,55.433382,10.747100000
2761,55.443313,9.723000000
2762,55.452362,8.798800000
2763,55.461402,8.845800000
2764,55.540825,11.796300000
2765,55.557322,15.880200000
2766,55.571069,13.356900000
2767,55.582873,11.444200000
2768,55.593593,10.441600000
2769,55.604323,10.511400000
2770,55.614200,9.640000000
2771,55.623522,9.127500000
2772,55.632951,9.251500000
2773,55.715460,11.286900000
2774,55.733301,17.433700000
2775,55.747362,13.742400000
2776,55.759057,11.275100000
2777,55.769424,10.110300000
2778,55.780605,10.968600000
2779,55.790286,9.474300000
2780,55.799768,9.242100000
2781,55.809430,9.500100000
2782,55.889079,10.973300000
2783,55.900979,11.464400000
2784,55.928870,11.527700000
2785,55.939792,10.595500000
2786,55.950814,10.812900000
2787,55.960614,9.675000000
2788,55.970077,9.261900000
2789,55.979014,8.669100000
2790,56.069536,10.826600000
2791,56.080801,10.898400000
2792,56.097283,11.316200000
2793,56.111899,14.292900000
2794,56.122475,10.312100000
2795,56.132243,9.603300000
2796,56.142456,9.951600000
2797,56.152088,9.381600000
2798,56.161046,8.771900000
2799,56.240702,11.878800000
2800,56.259665,18.534700000
2801,56.279343,11.875800000
2802,56.291497,11.841200000
2803,56.302420,10.687300000
2804,56.312333,9.680500000
2805,56.321470,9.034000000
2806,56.330880,9.077000000
2807,56.339417,8.377900000
2808,56.419963,12.066000000
2809,56.431888,11.577000000
2810,56.444083,11.104100000
2811,56.458892,14.506600000
2812,56.470501,11.299100000
2813,56.482202,11.414000000
2814,56.493738,11.175200000
2815,56.504161,10.064500000
2816,56.513633,9.224400000
2817,56.601901,12.608100000
2818,56.614304,11.987400000
2819,56.628072,13.349100000
2820,56.642881,11.920400000
2821,56.654927,11.725100000
2822,56.667070,11.801000000
2823,56.678366,10.931800000
2824,56.690751,12.062000000
2825,56.703111,11.999600000
2826,56.791112,13.952500000
2827,56.803507,11.928100000
2828,56.829767,12.361800000
2829,56.840422,10.352300000
2830,56.851185,10.549800000
2831,56.860689,9.390700000
2832,56.871129,10.183800000
2833,56.880418,9.142800000
2834,56.889008,8.412600000
2835,56.967631,11.925600000
2836,56.979131,11.099000000
2837,56.990099,10.418000000
2838,57.005546,14.680800000
2839,57.016298,10.505100000
2840,57.026403,9.778000000
2841,57.035991,9.320500000
2842,57.045933,9.649200000
2843,57.055030,8.919800000
2844,57.146239,11.124300000
2845,57.157665,10.978600000
2846,57.169952,10.550100000
2847,57.187056,10.626900000
2848,57.197862,10.409600000
2849,57.208556,10.452100000
2850,57.218244,9.573100000
2851,57.228270,9.721300000
2852,57.237407,8.966400000
2853,57.322056,12.119300000
2854,57.335156,12.700800000
2855,57.362909,13.308600000
2856,57.374606,11.339600000
2857,57.385470,10.572300000
2858,57.396279,10.667600000
2859,57.406918,10.522500000
2860,57.417526,10.275900000
2861,57.426679,8.899600000
2862,57.506086,13.430500000
2863,57.517209,10.747000000
2864,57.531905,14.277500000
2865,57.543117,10.902600000
2866,57.553534,10.151000000
2867,57.563319,9.468500000
2868,57.572798,9.279600000
2869,57.582276,9.284200000
2870,57.592144,9.702500000
2871,57.672784,13.941700000
2872,57.708492,14.225100000
2873,57.719789,10.992100000
2874,57.730741,10.758400000
2875,57.742115,11.061900000
2876,57.752147,9.833800000
2877,57.761343,9.087700000
2878,57.770281,8.683100000
2879,57.849802,10.704400000
2880,57.860941,10.757600000
2881,57.885554,10.957400000
2882,57.895862,10.014600000
2883,57.905485,9.450200000
2884,57.915514,9.746400000
2885,57.925605,9.876000000
2886,57.935115,9.200800000
2887,57.944486,9.154600000
2888,58.026618,14.442300000
2889,58.040780,10.499700000
2890,58.057302,11.504500000
2891,58.069250,11.615700000
2892,58.079909,10.479100000
2893,58.090502,10.266500000
2894,58.100259,9.493900000
2895,58.110053,9.645300000
2896,58.119120,8.851200000
2897,58.207235,11.217000000
2898,58.218356,10.722400000
2899,58.230478,11.820100000
2900,58.244981,11.236400000
2901,58.255918,10.666700000
2902,58.266035,9.824800000
2903,58.275577,9.339200000
2904,58.284849,9.111000000
2905,58.294059,9.021800000
2906,58.370507,10.591600000
2907,58.381565,10.713700000
2908,58.412577,17.112700000
2909,58.422865,10.003300000
2910,58.433052,9.925300000
2911,58.443509,10.308900000
2912,58.454124,10.365500000
2913,58.463618,9.266000000
2914,58.541695,10.644600000
2915,58.553202,11.071600000
2916,58.582914,11.333500000
2917,58.593785,10.564800000
2918,58.603656,9.687400000
2919,58.613836,9.932900000
2920,58.624038,9.968700000
2921,58.634355,10.105700000
2922,58.643909,9.290100000
2923,58.729681,12.675000000
2924,58.740839,10.783600000
2925,58.767127,11.505800000
2926,58.778834,11.470200000
2927,58.789483,10.388200000
2928,58.799083,9.479100000
2929,58.808411,9.143400000
2930,58.817843,9.193100000
2931,58.827772,9.640100000
2932,58.918710,15.367900000
2933,58.932313,13.244700000
2934,58.946466,13.838200000
2935,58.960082,12.088600000
2936,58.972352,11.998400000
2937,58.985460,12.882800000
2938,58.997588,11.770900000
2939,59.007954,10.242300000
2940,59.018110,9.883200000
2941,59.027399,9.015700000
2942,59.114765,12.514800000
2943,59.128125,12.957500000
2944,59.154932,12.409400000
2945,59.164995,9.616500000
2946,59.175245,10.034000000
2947,59.185583,10.105000000
2948,59.195174,9.386900000
2949,59.203893,8.481500000
2950,59.213034,9.007000000
2951,59.221873,8.689300000
2952,59.308065,10.450500000
2953,59.331474,11.390200000
2954,59.347848,16.010700000
2955,59.358924,10.763900000
2956,59.369803,10.621400000
2957,59.379722,9.633800000
2958,59.388875,8.939100000
2959,59.398029,8.910400000
2960,59.407219,8.992500000
2961,59.486333,11.909600000
2962,59.498983,12.037900000
2963,59.533498,16.280900000
2964,59.544993,11.164700000
2965,59.554664,9.542100000
2966,59.568177,13.226700000
2967,59.577597,9.065300000
2968,59.586657,8.927200000
2969,59.595160,8.307700000
2970,59.672991,10.563600000
2971,59.684420,11.069800000
2972,59.715590,10.138700000
2973,59.725582,9.716100000
2974,59.735237,9.449900000
2975,59.744318,8.863100000
2976,59.754067,8.883700000
2977,59.763612,9.250400000
2978,59.772793,8.905500000
2979,59.781551,8.534500000
2980,59.861624,11.371700000
2981,59.873005,11.026700000
2982,59.885803,12.209500000
2983,59.901520,15.427900000
2984,59.912866,11.121100000
2985,59.924358,11.163000000
2986,59.938836,14.145600000
2987,59.949572,10.597100000
2988,59.960291,10.474300000
2989,60.044252,16.264800000
2990,60.060083,15.370600000
2991,60.098158,37.706600000
2992,60.109219,10.760700000
2993,60.120274,10.851000000
2994,60.130987,10.461100000
2995,60.141382,10.189700000
2996,60.151939,10.314600000
2997,60.162187,10.005900000
2998,60.244509,11.388900000
2999,60.256129,11.220800000
3000,60.267616,10.568700000
3001,60.281513,13.558200000
3002,60.292658,10.841400000
3003,60.303726,10.831400000
3004,60.314168,10.272100000
3005,60.324720,10.321900000
3006,60.335360,10.275900000
3007,60.346074,10.362700000
3008,60.437039,11.080500000
3009,60.449049,11.692800000
3010,60.461080,11.626400000
3011,60.474802,13.448000000
3012,60.485407,10.304800000
3013,60.495182,9.490000000
3014,60.505033,9.652200000
3015,60.514230,8.991600000
3016,60.523731,9.293700000
3017,60.532630,8.649400000
3018,60.609978,10.237900000
3019,60.620596,10.290300000
3020,60.635574,10.994900000
3021,60.651118,15.256700000
3022,60.661613,10.243500000
3023,60.671442,9.600200000
3024,60.680858,9.217200000
3025,60.690007,8.942700000
3026,60.771982,10.823600000
3027,60.783118,10.776700000
3028,60.798195,11.132700000
3029,60.813050,11.794700000
3030,60.824487,11.150500000
3031,60.834885,10.209200000
3032,60.844568,9.415300000
3033,60.853913,9.104300000
3034,60.862876,8.769500000
3035,60.944688,13.942200000
3036,60.959368,11.246600000
3037,60.976181,16.475500000
3038,60.986716,10.236800000
3039,60.997403,10.436300000
3040,61.008327,10.644800000
3041,61.018310,9.727000000
3042,61.027575,9.088500000
3043,61.108918,11.544900000
3044,61.120436,11.195400000
3045,61.134583,13.815100000
3046,61.152534,16.916600000
3047,61.162983,10.246300000
3048,61.172567,9.445000000
3049,61.181489,8.748500000
3050,61.190146,8.357900000
3051,61.268195,11.112800000
3052,61.289246,11.584800000
3053,61.305887,11.427500000
3054,61.316708,10.533700000
3055,61.327384,10.438000000
3056,61.337133,9.559800000
3057,61.346437,9.050400000
3058,61.355196,8.587000000
3059,61.448613,14.885500000
3060,61.468547,11.052600000
3061,61.482496,13.678400000
3062,61.493320,10.545200000
3063,61.503578,10.023700000
3064,61.513045,9.215300000
3065,61.522221,8.950200000
3066,61.530915,8.502900000
3067,61.540000,8.869000000
3068,61.617262,11.020300000
3069,61.629165,11.566100000
3070,61.656807,12.616400000
3071,61.667288,10.174700000
3072,61.676888,9.429900000
3073,61.685997,8.916500000
3074,61.695019,8.841800000
3075,61.704205,9.014000000
3076,61.713922,9.525700000
3077,61.796696,12.336100000
3078,61.842036,14.954000000
3079,61.854522,12.059000000
3080,61.865858,10.972800000
3081,61.876349,10.138100000
3082,61.886724,10.084800000
3083,61.897168,10.154500000
3084,61.907641,10.175200000
3085,61.917792,9.912700000
3086,62.000979,12.234700000
3087,62.013398,12.039100000
3088,62.041999,11.544700000
3089,62.053370,11.053800000
3090,62.063520,9.874700000
3091,62.073134,9.371400000
3092,62.082909,9.571200000
3093,62.093177,10.048100000
3094,62.103678,10.152100000
3095,62.112865,9.030400000
3096,62.194159,11.547400000
3097,62.205650,10.997900000
3098,62.217754,11.733500000
3099,62.234758,12.170300000
3100,62.247090,11.996300000
3101,62.257031,9.624500000
3102,62.266356,9.104700000
3103,62.275689,9.223200000
3104,62.285472,9.442600000
3105,62.295276,9.490200000
3106,62.373841,10.527400000
3107,62.386246,11.988800000
3108,62.397859,11.321300000
3109,62.412462,11.167000000
3110,62.423264,10.470800000
3111,62.434048,10.565900000
3112,62.443926,9.710800000
3113,62.453351,9.175700000
3114,62.462003,8.442200000
3115,62.559513,12.784400000
3116,62.570505,10.695900000
3117,62.596831,11.528400000
3118,62.607724,10.600800000
3119,62.617781,9.791500000
3120,62.627219,9.181500000
3121,62.636090,8.761000000
3122,62.645662,9.359900000
3123,62.655704,9.809100000
3124,62.738136,12.327900000
3125,62.772629,11.325800000
3126,62.783345,10.479300000
3127,62.794137,10.575600000
3128,62.804883,10.484400000
3129,62.815356,10.284000000
3130,62.824597,8.974200000
3131,62.833737,8.930300000
3132,62.842964,8.968700000
3133,62.936212,13.298400000
3134,62.949754,13.098700000
3135,62.963624,13.504100000
3136,62.976537,12.597900000
3137,62.986965,10.115900000
3138,62.996325,9.207300000
3139,63.005330,8.824800000
3140,63.014065,8.537600000
3141,63.022585,8.311700000
3142,63.031424,8.640100000
3143,63.109911,10.672500000
3144,63.120870,10.587000000
3145,63.133803,12.693800000
3146,63.145655,11.009400000
3147,63.156347,10.392400000
3148,63.166477,9.943700000
3149,63.175810,9.122400000
3150,63.184896,8.910600000
3151,63.264976,10.677700000
3152,63.275932,10.529300000
3153,63.287538,11.239100000
3154,63.302767,11.232400000
3155,63.313878,10.810800000
3156,63.324363,10.228300000
3157,63.334640,9.984400000
3158,63.344897,10.058100000
3159,63.430177,12.893000000
3160,63.465720,10.493400000
3161,63.477134,11.055200000
3162,63.487943,10.589700000
3163,63.498559,10.410400000
3164,63.509346,10.476500000
3165,63.519703,10.151800000
3166,63.530012,10.113000000
3167,63.628590,10.772000000
3168,63.669535,15.064000000
3169,63.679182,9.355800000
3170,63.688279,8.891200000
3171,63.697367,8.874800000
3172,63.705878,8.339100000
3173,63.714629,8.555900000
3174,63.723710,8.892300000
3175,63.731907,7.997900000
3176,63.740370,8.200200000
3177,63.816943,10.185300000
3178,63.827681,10.444800000
3179,63.841504,12.128300000
3180,63.857089,11.264200000
3181,63.867783,10.398200000
3182,63.878539,10.503300000
3183,63.888565,9.734400000
3184,63.897845,9.068000000
3185,63.907151,9.117900000
3186,63.916600,9.210100000
3187,64.003482,11.388500000
3188,64.016559,12.765400000
3189,64.029982,13.105700000
3190,64.042068,11.472400000
3191,64.052719,10.337000000
3192,64.062880,9.902500000
3193,64.073221,10.094500000
3194,64.082746,9.295000000
3195,64.092015,9.041300000
3196,64.175220,12.870500000
3197,64.190617,15.025800000
3198,64.210632,11.812600000
3199,64.222049,11.083800000
3200,64.232860,10.507900000
3201,64.242524,9.470600000
3202,64.252161,9.369100000
3203,64.261872,9.410400000
3204,64.271854,9.682400000
3205,64.354545,10.940000000
3206,64.366425,11.539300000
3207,64.393280,11.520300000
3208,64.404048,10.461200000
3209,64.414061,9.772400000
3210,64.423556,9.318600000
3211,64.433375,9.620300000
3212,64.442375,8.808200000
3213,64.451489,8.918700000
3214,64.528987,11.112600000
3215,64.540799,11.488100000
3216,64.567029,10.374500000
3217,64.577343,10.030600000
3218,64.586890,9.378300000
3219,64.595972,8.916100000
3220,64.604750,8.575400000
3221,64.613916,8.886600000
3222,64.706100,11.993700000
3223,64.720368,13.904200000
3224,64.748846,17.692300000
3225,64.761475,12.233700000
3226,64.772297,10.520100000
3227,64.782865,10.300700000
3228,64.793308,10.156800000
3229,64.803470,9.994700000
3230,64.813840,10.111200000
3231,64.900361,10.943500000
3232,64.911985,11.267900000
3233,64.923471,11.124100000
3234,64.942040,10.477400000
3235,64.953538,11.136200000
3236,64.963569,9.833800000
3237,64.972742,9.062900000
3238,64.981538,8.512700000
3239,64.990448,8.696800000
3240,64.999946,9.201900000
3241,65.085907,11.635900000
3242,65.100044,13.778000000
3243,65.126051,11.850900000
3244,65.137917,11.516200000
3245,65.148442,10.214900000
3246,65.158025,9.244900000
3247,65.167053,8.863100000
3248,65.176269,8.944500000
3249,65.184841,8.351900000
3250,65.266895,11.991000000
3251,65.285945,18.717400000
3252,65.307180,12.321100000
3253,65.318308,10.738300000
3254,65.329244,10.633000000
3255,65.339391,9.873800000
3256,65.348871,9.199500000
3257,65.358521,9.405000000
3258,65.369019,10.385400000
3259,65.448628,11.664200000
3260,65.459363,10.400500000
3261,65.469707,10.017800000
3262,65.491055,16.205700000
3263,65.502515,11.189000000
3264,65.513015,10.329200000
3265,65.523465,10.155300000
3266,65.532759,9.112000000
3267,65.545114,12.158400000
3268,65.630685,12.954100000
3269,65.672224,15.225500000
3270,65.688214,15.642900000
3271,65.703386,14.866100000
3272,65.735948,32.295000000
3273,65.747271,10.982900000
3274,65.760628,13.020300000
3275,65.771192,10.277100000
3276,65.780677,9.152700000
3277,65.868826,10.958500000
3278,65.879611,10.450900000
3279,65.904978,11.146200000
3280,65.915352,10.070200000
3281,65.925970,10.368100000
3282,65.935630,9.415300000
3283,65.945695,9.857200000
3284,65.955938,9.973300000
3285,65.965056,8.899600000
3286,65.973803,8.545200000
3287,65.982570,8.566200000
3288,65.990838,8.040300000
3289,66.070246,13.408500000
3290,66.092498,14.607700000
3291,66.107104,11.929000000
3292,66.117794,10.354600000
3293,66.127749,9.665600000
3294,66.137360,9.410700000
3295,66.146757,9.194300000
3296,66.156700,9.732400000
3297,66.165306,8.404800000
3298,66.174086,8.577300000
3299,66.254638,12.161000000
3300,66.267187,12.133200000
3301,66.291535,11.264400000
3302,66.303238,11.407900000
3303,66.313567,10.065100000
3304,66.324069,10.199000000
3305,66.333531,9.241900000
3306,66.343320,9.496800000
3307,66.353604,10.028100000
3308,66.363067,9.078400000
3309,66.440831,10.696600000
3310,66.452320,11.073900000
3311,66.464784,10.893500000
3312,66.479339,11.070600000
3313,66.490714,11.038200000
3314,66.500969,9.994200000
3315,66.510526,9.357500000
3316,66.519842,9.009300000
3317,66.528769,8.768000000
3318,66.609708,10.684700000
3319,66.621358,11.288900000
3320,66.634499,11.495200000
3321,66.649003,14.222100000
3322,66.661516,12.202700000
3323,66.673249,11.431400000
3324,66.683535,10.056800000
3325,66.692777,9.119000000
3326,66.772300,11.374700000
3327,66.796206,10.226700000
3328,66.810282,13.743600000
3329,66.820799,10.220300000
3330,66.831553,10.525200000
3331,66.841131,9.464000000
3332,66.852376,11.011100000
3333,66.862010,9.370700000
3334,66.871086,8.829000000
3335,66.965723,13.566100000
3336,66.987135,10.300100000
3337,67.000544,13.133300000
3338,67.010718,9.855600000
3339,67.020089,9.104000000
3340,67.029668,9.433600000
3341,67.039958,9.983800000
3342,67.049273,9.128300000
3343,67.058361,8.919900000
3344,67.140570,11.952700000
3345,67.152121,11.205200000
3346,67.186105,16.318400000
3347,67.198289,11.895200000
3348,67.211328,12.712900000
3349,67.224099,12.507300000
3350,67.237068,12.534100000
3351,67.249832,12.552400000
3352,67.261644,11.681300000
3353,67.351549,16.118300000
3354,67.363706,11.765000000
3355,67.377346,13.291800000
3356,67.389379,11.653900000
3357,67.400597,10.939000000
3358,67.411680,10.775100000
3359,67.422592,10.679600000
3360,67.432435,9.556200000
3361,67.441741,9.015200000
3362,67.450720,8.791000000
3363,67.526511,10.616900000
3364,67.537490,10.688700000
3365,67.548104,10.283900000
3366,67.561358,12.925200000
3367,67.571250,9.572100000
3368,67.580918,9.436000000
3369,67.590553,9.487400000
3370,67.599462,8.788600000
3371,67.608189,8.507400000
3372,67.687794,11.190400000
3373,67.698451,10.275800000
3374,67.726044,10.885000000
3375,67.737514,11.170600000
3376,67.747651,9.811600000
3377,67.756915,9.147300000
3378,67.765673,8.657600000
3379,67.774359,8.434900000
3380,67.857531,11.615000000
3381,67.873319,15.368700000
3382,67.897560,13.561400000
3383,67.910758,12.777100000
3384,67.922266,11.239800000
3385,67.932364,9.759400000
3386,67.941821,9.233500000
3387,67.951432,9.294800000
3388,67.960734,9.132400000
3389,68.062374,10.931500000
3390,68.073089,10.360800000
3391,68.084485,9.847100000
3392,68.098195,13.358700000
3393,68.109258,10.792200000
3394,68.119204,9.666400000
3395,68.130439,10.924000000
3396,68.139039,8.356000000
3397,68.147120,7.899100000
3398,68.155339,8.065600000
3399,68.232596,9.884300000
3400,68.243157,10.264500000
3401,68.271692,11.135100000
3402,68.282109,10.125800000
3403,68.291790,9.464400000
3404,68.301256,9.271000000
3405,68.310652,9.135600000
3406,68.319154,8.291200000
3407,68.327392,7.981500000
3408,68.405127,10.104100000
3409,68.421363,15.802700000
3410,68.450310,13.734800000
3411,68.462396,11.686300000
3412,68.473643,10.897000000
3413,68.483872,9.932000000
3414,68.493898,9.772200000
3415,68.503101,8.915800000
3416,68.588099,12.175000000
3417,68.598842,10.413300000
3418,68.611142,11.978600000
3419,68.625690,11.010100000
3420,68.635873,9.863500000
3421,68.645289,9.166200000
3422,68.653825,8.320400000
3423,68.662526,8.464500000
3424,68.670583,7.857700000
3425,68.750022,11.437700000
3426,68.760550,10.105600000
3427,68.787166,10.991900000
3428,68.798848,11.429500000
3429,68.809724,10.510000000
3430,68.819912,9.978600000
3431,68.829312,9.134100000
3432,68.837912,8.385000000
3433,68.921496,13.460700000
3434,68.934238,12.376900000
3435,68.961805,10.980000000
3436,68.971702,9.586500000
3437,68.980854,8.929400000
3438,68.989569,8.513400000
3439,68.997837,8.073700000
3440,69.006153,8.136200000
3441,69.014764,8.467100000
3442,69.104880,10.378400000
3443,69.121486,16.125100000
3444,69.134492,12.710600000
3445,69.145042,10.121400000
3446,69.155042,9.697600000
3447,69.165002,9.778600000
3448,69.174215,8.985700000
3449,69.183125,8.686800000
3450,69.191459,8.128200000
3451,69.273194,11.320600000
3452,69.290352,16.684300000
3453,69.316939,15.194000000
3454,69.327199,9.998600000
3455,69.336658,9.191200000
3456,69.346334,9.417100000
3457,69.355402,8.813900000
3458,69.364093,8.502800000
3459,69.372254,8.011600000
3460,69.448458,10.023500000
3461,69.459180,10.354300000
3462,69.488066,11.108400000
3463,69.498568,10.162500000
3464,69.508367,9.551200000
3465,69.517817,9.212100000
3466,69.527176,9.168300000
3467,69.535657,8.285400000
3468,69.612791,10.422000000
3469,69.651897,10.878000000
3470,69.662128,9.915200000
3471,69.672368,9.995400000
3472,69.682970,10.382000000
3473,69.694281,11.022200000
3474,69.703949,9.381800000
3475,69.713732,9.530600000
3476,69.722635,8.665700000
3477,69.808455,13.220800000
3478,69.826834,18.045300000
3479,69.844996,10.262200000
3480,69.855148,9.781100000
3481,69.864741,9.291500000
3482,69.873848,8.870700000
3483,69.883323,9.238000000
3484,69.891995,8.437900000
3485,69.900895,8.651300000
3486,69.987470,12.548500000
3487,70.001507,13.603400000
3488,70.027226,10.956600000
3489,70.037711,10.091500000
3490,70.047642,9.635100000
3491,70.057947,10.068600000
3492,70.068880,10.626400000
3493,70.078718,9.578200000
3494,70.088366,9.395500000
3495,70.188062,10.477500000
3496,70.199059,10.680100000
3497,70.223726,10.288400000
3498,70.234311,10.249100000
3499,70.244532,9.899500000
3500,70.254140,9.375800000
3501,70.263248,8.893000000
3502,70.271644,8.199900000
3503,70.279726,7.857800000
3504,70.288163,8.302200000
3505,70.366934,9.803700000
3506,70.377374,10.016500000
3507,70.388069,10.340600000
3508,70.403042,10.240100000
3509,70.413269,9.891000000
3510,70.423470,10.028200000
3511,70.433010,9.411000000
3512,70.442164,8.863500000
3513,70.450559,8.184900000
3514,70.529567,10.019800000
3515,70.540397,10.522600000
3516,70.567526,11.390300000
3517,70.577515,9.707200000
3518,70.587649,9.879900000
3519,70.600512,12.602900000
3520,70.615260,14.501200000
3521,70.627340,11.734000000
3522,70.713216,10.709000000
3523,70.723685,10.119900000
3524,70.748917,11.832500000
3525,70.759102,9.892400000
3526,70.769060,9.787100000
3527,70.778426,9.090800000
3528,70.787310,8.618600000
3529,70.795712,8.179800000
3530,70.804213,8.279700000
3531,70.812817,8.407100000
3532,70.893150,11.308300000
3533,70.905749,12.135300000
3534,70.933146,10.894800000
3535,70.943739,10.257600000
3536,70.953498,9.481900000
3537,70.963316,9.584100000
3538,70.973391,9.876500000
3539,70.982763,9.112500000
3540,70.991528,8.559400000
3541,71.069352,10.126500000
3542,71.080012,10.309500000
3543,71.105340,10.435700000
3544,71.115653,10.007900000
3545,71.125711,9.777800000
3546,71.138655,12.680700000
3547,71.149795,10.977600000
3548,71.162099,12.040400000
3549,71.270589,20.632000000
3550,71.310358,18.522200000
3551,71.326319,15.669200000
3552,71.351552,24.864100000
3553,71.360661,8.646600000
3554,71.368903,8.071100000
3555,71.377158,8.085300000
3556,71.385563,8.232600000
3557,71.393959,8.082300000
3558,71.402059,7.875000000
3559,71.481400,11.019800000
3560,71.492951,11.169800000
3561,71.505205,11.878800000
3562,71.522949,13.748600000
3563,71.534368,11.169500000
3564,71.544663,10.117500000
3565,71.554306,9.543700000
3566,71.563512,9.096900000
3567,71.572638,8.830400000
3568,71.581238,8.511400000
3569,71.590084,8.556200000
3570,71.667159,11.095300000
3571,71.678261,10.733800000
3572,71.708014,11.490700000
3573,71.719106,10.727500000
3574,71.729197,9.863500000
3575,71.739207,9.816200000
3576,71.748583,9.160400000
3577,71.757471,8.784900000
3578,71.766346,8.581200000
3579,71.846421,11.088000000
3580,71.858302,11.577300000
3581,71.890232,12.143900000
3582,71.901365,10.820300000
3583,71.911743,10.136500000
3584,71.921290,9.381800000
3585,71.931137,9.614600000
3586,71.940310,8.977300000
3587,71.949070,8.538300000
3588,72.028775,11.519300000
3589,72.041669,12.593300000
3590,72.072561,13.561900000
3591,72.083710,10.833500000
3592,72.093883,9.835200000
3593,72.104108,9.999100000
3594,72.113639,9.319700000
3595,72.122896,9.056900000
3596,72.132132,9.040000000
3597,72.209179,10.365300000
3598,72.220131,10.630000000
3599,72.252449,14.372300000
3600,72.263316,10.584600000
3601,72.273383,9.861100000
3602,72.282903,9.277600000
3603,72.292274,9.162300000
3604,72.301702,9.247800000
3605,72.310385,8.459600000
3606,72.402424,12.320100000
3607,72.416327,13.542800000
3608,72.448380,16.455600000
3609,72.460039,11.300000000
3610,72.471634,11.390800000
3611,72.483162,11.298600000
3612,72.494732,11.291900000
3613,72.505676,10.658400000
3614,72.516297,10.449400000
3615,72.526829,10.263000000
3616,72.610604,11.270700000
3617,72.622886,11.942000000
3618,72.637736,13.367600000
3619,72.657711,16.146100000
3620,72.668196,10.162700000
3621,72.678206,9.852000000
3622,72.687591,9.238400000
3623,72.697242,9.534300000
3624,72.706715,9.202700000
3625,72.716162,9.249300000
3626,72.798064,11.183900000
3627,72.814865,16.301400000
3628,72.828541,13.361800000
3629,72.839778,10.957900000
3630,72.850981,10.922000000
3631,72.860888,9.709000000
3632,72.871201,10.008800000
3633,72.880667,9.257600000
3634,72.890403,9.542100000
3635,72.900656,9.990600000
3636,72.981386,10.824200000
3637,72.994355,12.632700000
3638,73.020864,10.696400000
3639,73.031312,10.078500000
3640,73.041277,9.778400000
3641,73.050402,8.902700000
3642,73.059045,8.423700000
3643,73.068239,8.978000000
3644,73.077007,8.505300000
3645,73.155889,10.530700000
3646,73.167865,11.629900000
3647,73.197868,11.527000000
3648,73.208901,10.718100000
3649,73.218797,9.668200000
3650,73.228003,8.901500000
3651,73.236877,8.657800000
3652,73.245401,8.302800000
3653,73.253820,8.207500000
3654,73.330475,10.708700000
3655,73.341977,11.154800000
3656,73.374281,15.554700000
3657,73.385412,10.810500000
3658,73.396692,10.962800000
3659,73.407740,10.758700000
3660,73.418061,9.822200000
3661,73.427708,9.359700000
3662,73.529429,11.035700000
3663,73.573383,11.799100000
3664,73.585530,11.877500000
3665,73.594884,9.168600000
3666,73.603916,8.834900000
3667,73.612907,8.769800000
3668,73.621230,8.124800000
3669,73.629687,8.255800000
3670,73.638073,8.155800000
3671,73.646893,8.620500000
3672,73.730778,11.895700000
3673,73.742412,11.289600000
3674,73.770700,11.004200000
3675,73.780905,9.849000000
3676,73.790694,9.560400000
3677,73.800540,9.586500000
3678,73.810286,9.537200000
3679,73.819430,8.926900000
3680,73.828934,9.308200000
3681,73.839085,9.880500000
3682,73.923290,11.361700000
3683,73.936506,12.864300000
3684,73.969420,11.989100000
3685,73.980500,10.614400000
3686,73.990877,9.980700000
3687,74.001015,9.946200000
3688,74.011581,10.253600000
3689,74.022512,10.571300000
3690,74.033380,10.638000000
3691,74.044530,10.826700000
3692,74.136859,12.497700000
3693,74.148901,11.676200000
3694,74.179271,14.119200000
3695,74.191337,11.702800000
3696,74.201814,10.168000000
3697,74.211228,9.202900000
3698,74.219934,8.553000000
3699,74.228383,8.241600000
3700,74.237184,8.522000000
3701,74.245931,8.480100000
3702,74.254808,8.582600000
3703,74.331856,11.242400000
3704,74.344773,12.538400000
3705,74.357546,12.421400000
3706,74.370461,12.616000000
3707,74.381381,10.667300000
3708,74.391506,9.864400000
3709,74.400770,9.142900000
3710,74.409749,8.712800000
3711,74.418781,8.768000000
3712,74.509856,13.922900000
3713,74.522558,12.371800000
3714,74.551471,11.175800000
3715,74.561802,9.909700000
3716,74.571392,9.323600000
3717,74.580665,8.999300000
3718,74.589748,8.792600000
3719,74.598901,8.891400000
3720,74.607890,8.820300000
3721,74.686886,11.077900000
3722,74.698640,11.309800000
3723,74.711998,10.843300000
3724,74.726438,14.094700000
3725,74.737587,10.830900000
3726,74.748440,10.654300000
3727,74.759330,10.634700000
3728,74.770177,10.584400000
3729,74.780836,10.419200000
3730,74.861090,10.835300000
3731,74.872944,11.493700000
3732,74.887168,11.177300000
3733,74.903496,16.013400000
3734,74.913870,10.106400000
3735,74.923620,9.401300000
3736,74.933107,9.166400000
3737,74.941821,8.597200000
3738,74.950832,8.713600000
3739,75.033316,11.418900000
3740,75.057250,11.866100000
3741,75.071983,14.398800000
3742,75.083276,10.905600000
3743,75.093617,10.026900000
3744,75.103633,9.773900000
3745,75.113102,9.231100000
3746,75.121946,8.623000000
3747,75.130357,8.173200000
3748,75.207769,11.452000000
3749,75.222355,11.180100000
3750,75.237485,14.805200000
3751,75.248684,10.791000000
3752,75.259324,10.429900000
3753,75.269132,9.640000000
3754,75.278404,8.961200000
3755,75.287783,9.180000000
3756,75.368063,10.684500000
3757,75.379464,10.973400000
3758,75.407196,11.503400000
3759,75.418785,11.338100000
3760,75.429207,10.258500000
3761,75.439616,10.043100000
3762,75.450083,10.200800000
3763,75.459592,9.269300000
3764,75.545661,10.549900000
3765,75.556570,10.514500000
3766,75.583985,11.713700000
3767,75.595079,10.826500000
3768,75.605402,10.076200000
3769,75.614913,9.323300000
3770,75.624527,9.389100000
3771,75.633463,8.728900000
3772,75.642028,8.363700000
3773,75.724079,11.862200000
3774,75.735622,11.169100000
3775,75.750319,14.363400000
3776,75.762099,11.412000000
3777,75.773490,11.018400000
3778,75.784278,10.518500000
3779,75.795259,10.623200000
3780,75.805364,9.839600000
3781,75.816491,10.861900000
3782,75.901040,11.496000000
3783,75.912461,11.054000000
3784,75.940744,14.507100000
3785,75.951773,10.651500000
3786,75.962718,10.743700000
3787,75.973864,10.889700000
3788,75.985352,11.294400000
3789,75.997476,11.976100000
3790,76.009194,11.414200000
3791,76.091421,10.295600000
3792,76.102153,10.406900000
3793,76.118311,15.668300000
3794,76.128290,9.666700000
3795,76.137917,9.378500000
3796,76.147051,8.931500000
3797,76.156022,8.768200000
3798,76.165185,8.988300000
3799,76.173694,8.322100000
3800,76.182375,8.461300000
3801,76.268485,12.138400000
3802,76.280752,11.903100000
3803,76.305610,11.365600000
3804,76.317025,11.177200000
3805,76.327251,10.028200000
3806,76.336762,9.386600000
3807,76.346575,9.513000000
3808,76.355624,8.848700000
3809,76.437082,12.226900000
3810,76.448428,10.963500000
3811,76.462094,13.372100000
3812,76.473853,11.465300000
3813,76.486225,12.068000000
3814,76.497583,11.105000000
3815,76.507783,9.935700000
3816,76.517595,9.605600000
3817,76.527345,9.497800000
3818,76.615624,10.549000000
3819,76.627684,11.742300000
3820,76.655133,10.859900000
3821,76.666581,11.135500000
3822,76.676830,9.973100000
3823,76.686359,9.314400000
3824,76.695320,8.759600000
3825,76.703863,8.363400000
3826,76.712317,8.194900000
3827,76.793734,10.939900000
3828,76.805301,11.172400000
3829,76.833888,15.448500000
3830,76.846661,12.441500000
3831,76.859904,12.898900000
3832,76.872901,12.726900000
3833,76.887480,14.337400000
3834,76.900715,12.954400000
3835,76.924699,23.622100000
3836,77.003191,11.567600000
3837,77.015369,11.770600000
3838,77.039349,13.309700000
3839,77.050172,10.327000000
3840,77.060308,9.932300000
3841,77.069701,9.292200000
3842,77.078678,8.804800000
3843,77.087628,8.708900000
3844,77.096768,8.925600000
3845,77.105574,8.636100000
3846,77.188181,15.054400000
3847,77.223595,10.550000000
3848,77.234857,11.001800000
3849,77.246253,11.144000000
3850,77.256450,9.912800000
3851,77.266610,9.963500000
3852,77.276920,10.094600000
3853,77.286332,9.148300000
3854,77.295575,9.019600000
3855,77.372379,10.872300000
3856,77.387238,14.435500000
3857,77.413417,11.292300000
3858,77.423885,10.166200000
3859,77.433714,9.626600000
3860,77.443563,9.634400000
3861,77.453766,9.972000000
3862,77.464091,10.125700000
3863,77.473179,8.868700000
3864,77.481851,8.469900000
3865,77.564361,11.073400000
3866,77.576481,11.785600000
3867,77.614941,13.289700000
3868,77.625383,10.176600000
3869,77.635064,9.517300000
3870,77.644931,9.688400000
3871,77.655024,9.821900000
3872,77.665343,10.119000000
3873,77.674750,9.136800000
3874,77.763850,11.651600000
3875,77.774751,10.608800000
3876,77.806839,13.536800000
3877,77.817443,10.286500000
3878,77.827409,9.710000000
3879,77.837335,9.687900000
3880,77.846720,9.151300000
3881,77.855504,8.577500000
3882,77.863830,8.096600000
3883,77.872987,8.937300000
3884,77.953045,10.515300000
3885,77.964775,11.418800000
3886,77.994429,10.999600000
3887,78.004873,10.095000000
3888,78.015233,10.096800000
3889,78.025698,10.218800000
3890,78.036294,10.294300000
3891,78.045760,9.226600000
3892,78.054605,8.653300000
3893,78.063667,8.846000000
3894,78.140212,10.229200000
3895,78.153765,13.244700000
3896,78.183098,11.496400000
3897,78.194280,10.898400000
3898,78.205449,10.973700000
3899,78.215592,9.882200000
3900,78.225086,9.299800000
3901,78.234247,8.984700000
3902,78.243662,9.164400000
3903,78.327754,13.359400000
3904,78.348181,11.881700000
3905,78.362113,13.592300000
3906,78.373935,11.488300000
3907,78.384289,10.145000000
3908,78.394484,9.953300000
3909,78.403878,9.162600000
3910,78.412610,8.541400000
3911,78.421487,8.667300000
3912,78.499906,10.651100000
3913,78.512096,11.837400000
3914,78.540513,11.526800000
3915,78.551345,10.532200000
3916,78.561497,9.905200000
3917,78.571148,9.405100000
3918,78.580199,8.851100000
3919,78.589410,9.011700000
3920,78.597748,8.150300000
3921,78.682152,15.842900000
3922,78.723807,11.652000000
3923,78.735203,11.056400000
3924,78.746442,10.933900000
3925,78.758322,11.520100000
3926,78.769670,11.084500000
3927,78.780837,10.889500000
3928,78.792176,11.029500000
3929,78.804940,12.519500000
3930,78.906042,12.731000000
3931,78.917578,11.111100000
3932,78.947351,13.183600000
3933,78.958463,10.790800000
3934,78.968572,9.748300000
3935,78.978765,9.975100000
3936,78.988052,9.115800000
3937,78.997539,9.187900000
3938,79.006817,9.014700000
3939,79.019614,12.458400000
3940,79.029176,9.321800000
3941,79.114349,10.491000000
3942,79.124897,10.235700000
3943,79.139753,10.781400000
3944,79.155196,15.150900000
3945,79.165971,10.430800000
3946,79.175616,9.419600000
3947,79.185119,9.321600000
3948,79.193990,8.640100000
3949,79.203402,9.233300000
3950,79.212167,8.660800000
3951,79.220788,8.329700000
3952,79.298762,11.103400000
3953,79.311471,12.333800000
3954,79.344001,10.929600000
3955,79.354629,10.368300000
3956,79.365224,10.362100000
3957,79.376033,10.524000000
3958,79.386678,10.423600000
3959,79.396625,9.651000000
3960,79.405678,8.836600000
3961,79.483803,10.932500000
3962,79.524509,12.641600000
3963,79.536013,11.214400000
3964,79.546422,10.110400000
3965,79.556025,9.361500000
3966,79.564897,8.691500000
3967,79.574059,8.988000000
3968,79.582833,8.550200000
3969,79.592017,8.996800000
3970,79.679282,12.322100000
3971,79.693716,14.094500000
3972,79.728559,16.909400000
3973,79.739452,10.574500000
3974,79.750116,10.381100000
3975,79.760305,9.998400000
3976,79.769694,9.264200000
3977,79.778822,8.904500000
3978,79.787520,8.486000000
3979,79.796052,8.371000000
3980,79.884447,10.343600000
3981,79.895390,10.534500000
3982,79.906375,10.628500000
3983,79.920503,13.847600000
3984,79.933115,12.298000000
3985,79.944551,11.182500000
3986,79.954762,9.982700000
3987,79.964846,9.832600000
3988,79.974060,8.966400000
3989,79.982768,8.466700000
3990,80.060686,10.492000000
3991,80.071357,10.337800000
3992,80.082357,10.228500000
3993,80.095400,12.824500000
3994,80.105737,10.078500000
3995,80.115781,9.859500000
3996,80.125662,9.639400000
3997,80.134995,9.109600000
3998,80.144736,9.519300000
3999,80.228764,11.735200000
4000,80.240421,11.353500000
4001,80.267356,10.501300000
4002,80.277655,9.979700000
4003,80.287210,9.361500000
4004,80.296519,9.159000000
4005,80.305693,8.972000000
4006,80.314866,8.938900000
4007,80.393872,10.066100000
4008,80.405096,10.876200000
4009,80.417826,12.425100000
4010,80.431772,11.003900000
4011,80.442762,10.703200000
4012,80.452805,9.808100000
4013,80.462351,9.352600000
4014,80.471249,8.714700000
4015,80.480364,8.926400000
4016,80.561858,11.473300000
4017,80.574242,12.020700000
4018,80.606626,18.426400000
4019,80.616944,10.007300000
4020,80.626535,9.323100000
4021,80.635339,8.702300000
4022,80.644595,8.917800000
4023,80.653311,8.531700000
4024,80.731763,11.855400000
4025,80.742973,10.866800000
4026,80.766843,9.998200000
4027,80.777213,10.069700000
4028,80.787582,10.112200000
4029,80.798281,10.386600000
4030,80.808026,9.494600000
4031,80.817776,9.556900000
4032,80.910428,11.578900000
4033,80.922197,11.365900000
4034,80.948842,10.420500000
4035,80.959874,10.666200000
4036,80.970003,9.868500000
4037,80.979445,9.237200000
4038,80.988740,9.016700000
4039,80.998001,9.080200000
4040,81.007461,9.271300000
4041,81.089209,13.338000000
4042,81.099979,10.444900000
4043,81.120900,12.710800000
4044,81.131377,10.117100000
4045,81.141956,10.294300000
4046,81.153790,11.542700000
4047,81.164029,10.007900000
4048,81.174077,9.790200000
4049,81.184333,9.986900000
4050,81.277922,11.535800000
4051,81.290615,12.315200000
4052,81.314613,10.472500000
4053,81.325839,10.819900000
4054,81.336935,10.786800000
4055,81.348366,11.087200000
4056,81.359625,10.930700000
4057,81.370497,10.576400000
4058,81.380843,10.123000000
4059,81.389785,8.726500000
4060,81.465481,11.121700000
4061,81.476650,10.870700000
4062,81.503645,13.034900000
4063,81.514873,10.875800000
4064,81.525473,10.337100000
4065,81.534938,9.316300000
4066,81.544855,9.652500000
4067,81.554926,9.892600000
4068,81.564121,8.869100000
4069,81.645694,11.760400000
4070,81.658008,11.959900000
4071,81.685277,11.905600000
4072,81.696573,10.911100000
4073,81.706260,9.454200000
4074,81.715317,8.815800000
4075,81.724054,8.471100000
4076,81.732991,8.767400000
4077,81.741893,8.769700000
4078,81.829523,13.529600000
4079,81.864711,14.313800000
4080,81.875901,10.839500000
4081,81.886576,10.321100000
4082,81.897255,10.354200000
4083,81.907672,10.282000000
4084,81.917894,9.998500000
4085,81.927176,8.953800000
4086,81.936228,8.849600000
4087,82.028647,12.289500000
4088,82.069521,12.137600000
4089,82.081406,11.526500000
4090,82.092500,10.784500000
4091,82.103131,10.235400000
4092,82.113654,10.272500000
4093,82.125680,11.704200000
4094,82.135947,9.979900000
4095,82.145530,9.386600000
4096,82.155200,9.429700000
4097,82.235398,10.866100000
4098,82.247480,11.715900000
4099,82.264989,12.911100000
4100,82.281776,16.459200000
4101,82.293484,11.418200000
4102,82.303728,9.919700000
4103,82.313293,9.223000000
4104,82.322879,9.366700000
4105,82.332647,9.607600000
4106,82.342752,9.864600000
4107,82.353167,10.181700000
4108,82.441531,11.925200000
4109,82.488218,16.222100000
4110,82.498737,10.235900000
4111,82.509440,10.362600000
4112,82.521501,11.653700000
4113,82.534167,12.337800000
4114,82.549172,14.525600000
4115,82.559328,9.969800000
4116,82.570070,10.630100000
4117,82.581924,11.655100000
4118,82.668494,15.932700000
4119,82.698969,30.156700000
4120,82.711888,10.181800000
4121,82.722865,10.686200000
4122,82.732640,9.519000000
4123,82.741979,9.135000000
4124,82.751125,8.981400000
4125,82.759393,8.062500000
4126,82.767984,8.320700000
4127,82.776371,8.146900000
4128,82.784971,8.390700000
4129,82.867180,10.382900000
4130,82.881009,13.385600000
4131,82.893042,11.010600000
4132,82.906835,13.498000000
4133,82.917778,10.624300000
4134,82.927682,9.664100000
4135,82.937054,9.136500000
4136,82.946411,9.140200000
4137,82.955338,8.731700000
4138,82.963764,8.209400000
4139,83.055022,10.774700000
4140,83.075083,11.697600000
4141,83.088912,13.483900000
4142,83.100524,11.313800000
4143,83.112103,11.270200000
4144,83.122337,9.929800000
4145,83.131544,9.013500000
4146,83.141165,9.391100000
4147,83.150190,8.806600000
4148,83.158607,8.230000000
4149,83.240828,11.528300000
4150,83.252827,11.572900000
4151,83.281284,13.548000000
4152,83.292643,11.069700000
4153,83.302889,9.957100000
4154,83.313029,9.919000000
4155,83.322147,9.004200000
4156,83.331756,9.324900000
4157,83.341074,9.081700000
4158,83.419115,10.426800000
4159,83.430458,11.038400000
4160,83.459190,10.101000000
4161,83.469243,9.776100000
4162,83.478408,8.955400000
4163,83.488080,9.424700000
4164,83.498176,9.810200000
4165,83.508547,10.163300000
4166,83.517955,9.158600000
4167,83.598937,11.012500000
4168,83.609970,10.733800000
4169,83.639507,10.005400000
4170,83.650448,10.707400000
4171,83.661536,10.871500000
4172,83.671333,9.659400000
4173,83.680735,9.136800000
4174,83.690478,9.480300000
4175,83.699774,9.053900000
4176,83.778054,10.297600000
4177,83.790284,11.883200000
4178,83.820985,10.575900000
4179,83.831313,10.033000000
4180,83.840832,9.328200000
4181,83.850579,9.564100000
4182,83.860716,9.942800000
4183,83.871361,10.437100000
4184,83.880948,9.323500000
4185,83.964441,10.901100000
4186,83.976157,11.372200000
4187,84.006567,10.744300000
4188,84.017961,11.112100000
4189,84.027969,9.831200000
4190,84.037599,9.303500000
4191,84.046418,8.500500000
4192,84.055652,9.055200000
4193,84.065484,9.602700000
4194,84.192358,15.366800000
4195,84.204428,11.710100000
4196,84.218841,13.988000000
4197,84.233533,13.963900000
4198,84.245449,11.587100000
4199,84.255555,9.898700000
4200,84.265148,9.322700000
4201,84.274759,9.394500000
4202,84.284503,9.490200000
4203,84.294821,10.041200000
4204,84.305674,10.498900000
4205,84.389433,10.042600000
4206,84.410516,11.076600000
4207,84.421904,11.078000000
4208,84.436011,11.081400000
4209,84.445997,9.778600000
4210,84.455295,9.111900000
4211,84.464785,9.285200000
4212,84.473668,8.611800000
4213,84.482796,8.925200000
4214,84.491351,8.329900000
4215,84.570530,10.316800000
4216,84.581351,10.491600000
4217,84.593434,10.460400000
4218,84.609381,15.609900000
4219,84.620961,11.179700000
4220,84.632576,11.400600000
4221,84.642425,9.529200000
4222,84.652145,9.479100000
4223,84.662246,9.858600000
4224,84.746014,10.741800000
4225,84.758232,11.860700000
4226,84.788359,10.659300000
4227,84.798649,9.942300000
4228,84.808156,9.260400000
4229,84.817886,9.471800000
4230,84.828352,10.206600000
4231,84.837561,8.908900000
4232,84.847394,9.606600000
4233,84.934227,13.843200000
4234,84.976318,11.356900000
4235,84.987386,10.743700000
4236,84.998200,10.515700000
4237,85.007821,9.505400000
4238,85.017233,9.083200000
4239,85.026579,9.131900000
4240,85.036368,9.560500000
4241,85.046424,9.847100000
4242,85.129924,12.430800000
4243,85.140635,10.387500000
4244,85.171055,14.575300000
4245,85.180722,9.340900000
4246,85.189820,8.902100000
4247,85.199712,9.694200000
4248,85.208646,8.656600000
4249,85.217868,9.018700000
4250,85.226875,8.839800000
4251,85.235668,8.595300000
4252,85.333367,13.165800000
4253,85.357444,15.480900000
4254,85.371420,10.299900000
4255,85.381547,9.808800000
4256,85.391091,9.303400000
4257,85.400419,9.076700000
4258,85.409254,8.583700000
4259,85.418215,8.730400000
4260,85.426545,8.084800000
4261,85.434979,8.217000000
4262,85.514832,10.171600000
4263,85.525517,10.343600000
4264,85.556497,10.928900000
4265,85.566634,9.807300000
4266,85.575937,9.161100000
4267,85.584925,8.785600000
4268,85.593742,8.572400000
4269,85.602793,8.829100000
4270,85.612397,9.375300000
4271,85.621253,8.639300000
4272,85.703381,11.242000000
4273,85.715238,11.520000000
4274,85.741419,10.524300000
4275,85.751548,9.803900000
4276,85.761974,10.250900000
4277,85.771349,9.216900000
4278,85.780316,8.651900000
4279,85.788796,8.257000000
4280,85.797144,8.169300000
4281,85.877453,10.613300000
4282,85.888882,11.056100000
4283,85.915221,10.074600000
4284,85.926382,10.846100000
4285,85.936643,10.051200000
4286,85.947096,10.119000000
4287,85.957586,10.197000000
4288,85.967053,9.222500000
4289,85.976972,9.695400000
4290,86.056630,10.544600000
4291,86.070566,13.607200000
4292,86.096316,11.774900000
4293,86.107308,10.619900000
4294,86.117372,9.853500000
4295,86.129086,11.411100000
4296,86.140230,10.905000000
4297,86.152915,12.376900000
4298,86.164284,11.104500000
4299,86.255499,12.034400000
4300,86.268221,12.348000000
4301,86.296348,10.584200000
4302,86.306842,10.253600000
4303,86.316316,9.281100000
4304,86.326078,9.507800000
4305,86.336125,9.869200000
4306,86.345289,9.023300000
4307,86.354015,8.534900000
4308,86.363241,9.007400000
4309,86.455914,11.871200000
4310,86.467813,11.536100000
4311,86.495682,11.707000000
4312,86.507587,11.565800000
4313,86.519196,11.367300000
4314,86.530949,11.469900000
4315,86.541925,10.765300000
4316,86.551714,9.525100000
4317,86.561656,9.723100000
4318,86.571349,9.419400000
4319,86.660432,11.522000000
4320,86.672437,11.677300000
4321,86.701925,11.279200000
4322,86.712916,10.619900000
4323,86.723458,10.363000000
4324,86.733877,10.220100000
4325,86.743874,9.836700000
4326,86.754086,9.988300000
4327,86.763325,8.964800000
4328,86.773055,9.489000000
4329,86.855681,11.914400000
4330,86.867762,11.732300000
4331,86.892896,12.758400000
4332,86.903688,10.418600000
4333,86.913896,9.908900000
4334,86.923531,9.379900000
4335,86.932474,8.743700000
4336,86.941734,9.071400000
4337,86.951058,9.096800000
4338,86.961181,9.901900000
4339,87.043999,11.272600000
4340,87.055690,11.376500000
4341,87.083971,13.923700000
4342,87.096297,12.084800000
4343,87.107086,10.506600000
4344,87.117775,10.388700000
4345,87.127357,9.307000000
4346,87.136599,9.039300000
4347,87.146359,9.486800000
4348,87.229254,12.189400000
4349,87.245856,12.657700000
4350,87.261534,15.323800000
4351,87.274290,12.397300000
4352,87.285856,11.217000000
4353,87.296051,9.885700000
4354,87.305588,9.294600000
4355,87.314704,8.906200000
4356,87.323110,8.206200000
4357,87.407111,12.260700000
4358,87.421567,14.079300000
4359,87.452729,12.229200000
4360,87.466017,12.976300000
4361,87.480034,13.716300000
4362,87.494202,13.899100000
4363,87.507665,13.253200000
4364,87.518880,11.001300000
4365,87.528920,9.707200000
4366,87.619417,11.460000000
4367,87.631323,11.524400000
4368,87.660962,11.531900000
4369,87.672148,10.967900000
4370,87.683353,10.918500000
4371,87.694518,10.905400000
4372,87.705173,10.393300000
4373,87.716319,10.858500000
4374,87.726301,9.745600000
4375,87.736128,9.545800000
4376,87.745824,9.464700000
4377,87.827466,12.321500000
4378,87.840126,12.273700000
4379,87.870007,11.352500000
4380,87.880674,10.439600000
4381,87.890981,9.999600000
4382,87.900465,9.365600000
4383,87.909832,9.134900000
4384,87.919360,9.377600000
4385,87.929476,9.894000000
4386,87.938702,9.010300000
4387,88.023079,12.274200000
4388,88.035297,11.835000000
4389,88.076047,14.644200000
4390,88.089263,12.946400000
4391,88.103423,13.991400000
4392,88.116440,12.745900000
4393,88.128004,11.238700000
4394,88.138266,10.059500000
4395,88.148553,10.008900000
4396,88.159032,10.189800000
4397,88.244411,14.370300000
4398,88.259468,14.721800000
4399,88.287665,13.092800000
4400,88.300366,12.433200000
4401,88.314358,13.723900000
4402,88.326897,12.303600000
4403,88.350540,23.417100000
4404,88.360162,9.327300000
4405,88.370615,10.142200000
4406,88.382689,11.821100000
4407,88.393511,10.468700000
4408,88.484675,12.306800000
4409,88.496627,11.588500000
4410,88.508197,11.205200000
4411,88.527328,12.223300000
4412,88.539456,11.806700000
4413,88.550065,10.357600000
4414,88.560560,10.222800000
4415,88.571380,10.542000000
4416,88.580931,9.344900000
4417,88.589790,8.647100000
4418,88.599199,9.217600000
4419,88.608037,8.596800000
4420,88.705955,13.617500000
4421,88.725156,12.618800000
4422,88.740573,15.061700000
4423,88.755040,13.966400000
4424,88.766943,11.511300000
4425,88.777948,10.802900000
4426,88.789041,10.798200000
4427,88.799528,10.195400000
4428,88.810232,10.412500000
4429,88.820787,10.246300000
4430,88.832190,11.114500000
4431,88.922769,12.220800000
4432,88.968518,15.171900000
4433,88.980337,11.455600000
4434,88.991206,10.562800000
4435,89.002041,10.567300000
4436,89.015079,12.736700000
4437,89.026321,10.989800000
4438,89.036453,9.877600000
4439,89.046182,9.502900000
4440,89.056611,10.115200000
4441,89.067197,10.315100000
4442,89.155848,13.270400000
4443,89.202566,14.287800000
4444,89.214253,11.302300000
4445,89.224671,10.239000000
4446,89.235087,10.107800000
4447,89.244647,9.455900000
4448,89.254120,9.254800000
4449,89.263403,9.050100000
4450,89.273231,9.578600000
4451,89.282747,9.283200000
4452,89.291637,8.663600000
4453,89.300897,8.983800000
4454,89.383060,11.648900000
4455,89.395519,12.069300000
4456,89.428882,12.693900000
4457,89.441505,12.119700000
4458,89.453250,11.468600000
4459,89.463668,10.291300000
4460,89.473499,9.495500000
4461,89.483056,9.277700000
4462,89.491913,8.588900000
4463,89.500997,8.802800000
4464,89.510313,9.018000000
4465,89.591551,11.439200000
4466,89.603689,11.776600000
4467,89.620507,11.141100000
4468,89.634171,13.377800000
4469,89.644344,9.908800000
4470,89.654149,9.574400000
4471,89.663449,9.116100000
4472,89.672359,8.693600000
4473,89.681571,8.989000000
4474,89.691791,9.970100000
4475,89.795167,15.166900000
4476,89.809366,13.795600000
4477,89.842930,12.780100000
4478,89.855924,12.578600000
4479,89.867997,11.732400000
4480,89.878200,10.009700000
4481,89.888308,9.775100000
4482,89.898126,9.591500000
4483,89.907860,9.549500000
4484,89.918050,10.043700000
4485,90.007549,11.690200000
4486,90.020554,12.673900000
4487,90.052071,11.044100000
4488,90.063585,11.287400000
4489,90.074865,11.042200000
4490,90.085087,9.966500000
4491,90.095161,9.884200000
4492,90.104504,9.160000000
4493,90.114180,9.412500000
4494,90.124292,9.866700000
4495,90.133503,8.963000000
4496,90.219153,16.298800000
4497,90.264584,11.241100000
4498,90.276085,11.084800000
4499,90.286487,10.258500000
4500,90.296777,10.183700000
4501,90.306840,9.827200000
4502,90.317576,10.466600000
4503,90.327233,9.282500000
4504,90.336252,8.739000000
4505,90.345117,8.648800000
4506,90.353616,8.307800000
4507,90.443163,12.555100000
4508,90.493344,14.880800000
4509,90.506288,12.565800000
4510,90.517923,11.267300000
4511,90.530065,11.734000000
4512,90.542128,11.822900000
4513,90.553192,10.705400000
4514,90.563324,9.848100000
4515,90.573554,9.970600000
4516,90.583959,10.183500000
4517,90.594614,10.436900000
4518,90.684803,11.958700000
4519,90.703141,11.606700000
4520,90.716146,12.594800000
4521,90.730422,13.912600000
4522,90.741023,10.265500000
4523,90.751389,10.145200000
4524,90.761298,9.508400000
4525,90.771784,10.325200000
4526,90.782403,10.369200000
4527,90.792447,9.857500000
4528,90.803163,10.426300000
4529,90.814115,10.687500000
4530,90.927415,13.498100000
4531,90.941557,13.761600000
4532,90.975312,13.077500000
4533,90.987127,11.562400000
4534,90.998435,11.062200000
4535,91.008555,9.893600000
4536,91.018799,10.049300000
4537,91.029339,10.392000000
4538,91.040016,10.422300000
4539,91.050872,10.663400000
4540,91.061328,10.251300000
4541,91.072036,10.476000000
4542,91.155095,12.693300000
4543,91.169628,14.088400000
4544,91.205927,13.884000000
4545,91.218198,11.935000000
4546,91.230248,11.796900000
4547,91.242336,11.840800000
4548,91.252716,10.115700000
4549,91.262934,9.949600000
4550,91.273078,9.921600000
4551,91.282406,9.073500000
4552,91.292288,9.631300000
4553,91.301150,8.655700000
4554,91.383855,11.002800000
4555,91.395365,11.176600000
4556,91.408635,12.926500000
4557,91.432098,10.477000000
4558,91.442788,10.450300000
4559,91.452559,9.510900000
4560,91.461638,8.852400000
4561,91.470667,8.798600000
4562,91.479908,9.034300000
4563,91.488745,8.631100000
4564,91.497817,8.870600000
4565,91.582859,10.938600000
4566,91.604634,10.988700000
4567,91.618455,13.495100000
4568,91.629176,10.470300000
4569,91.639045,9.625400000
4570,91.648395,9.143100000
4571,91.658037,9.414000000
4572,91.668059,9.801300000
4573,91.677144,8.884100000
4574,91.686009,8.629100000
4575,91.768517,11.011000000
4576,91.780577,11.794600000
4577,91.799673,12.098000000
4578,91.816546,11.978300000
4579,91.827911,11.095300000
4580,91.838123,10.047600000
4581,91.847388,9.098400000
4582,91.857166,9.475100000
4583,91.866125,8.748400000
4584,91.962758,12.319900000
4585,92.005100,10.829500000
4586,92.015420,10.023900000
4587,92.025169,9.446000000
4588,92.034356,8.975200000
4589,92.043566,8.981200000
4590,92.052842,9.064400000
4591,92.062277,9.252500000
4592,92.071137,8.632500000
4593,92.079638,8.301800000
4594,92.160706,11.089700000
4595,92.184610,11.619200000
4596,92.197567,12.654100000
4597,92.208083,10.178200000
4598,92.217602,9.362600000
4599,92.227012,9.187600000
4600,92.236240,9.133000000
4601,92.245996,9.503800000
4602,92.254946,8.764000000
4603,92.263728,8.589100000
4604,92.347015,12.516800000
4605,92.362037,13.727100000
4606,92.374484,12.054800000
4607,92.389289,14.471100000
4608,92.401859,12.219400000
4609,92.412456,10.397000000
4610,92.423231,10.539400000
4611,92.434468,11.013100000
4612,92.445909,11.183100000
4613,92.539912,13.104200000
4614,92.553249,13.018800000
4615,92.588498,13.904700000
4616,92.600235,11.414800000
4617,92.611692,11.174200000
4618,92.622627,10.679100000
4619,92.634409,11.526500000
4620,92.644183,9.581900000
4621,92.653564,9.245500000
4622,92.663322,9.496900000
4623,92.758854,11.621400000
4624,92.770674,11.437000000
4625,92.803623,14.107300000
4626,92.813240,9.383100000
4627,92.822414,9.041400000
4628,92.832195,9.566400000
4629,92.842445,10.021200000
4630,92.851549,8.998700000
4631,92.861327,9.488200000
4632,92.870967,9.531000000
4633,92.879814,8.623300000
4634,92.963157,11.662200000
4635,92.974259,10.797100000
4636,92.987587,10.739000000
4637,93.003477,15.421100000
4638,93.014266,10.458500000
4639,93.024294,9.773900000
4640,93.034869,10.293700000
4641,93.045253,10.137900000
4642,93.054779,9.302900000
4643,93.064128,9.138700000
4644,93.163014,14.156500000
4645,93.203294,11.667100000
4646,93.215247,11.615900000
4647,93.226203,10.654500000
4648,93.236576,10.166900000
4649,93.246555,9.709100000
4650,93.256051,9.284000000
4651,93.265359,9.085000000
4652,93.274602,9.074800000
4653,93.283327,8.497500000
4654,93.371492,11.815500000
4655,93.415384,12.696600000
4656,93.426575,10.842600000
4657,93.436632,9.838400000
4658,93.446748,9.897800000
4659,93.456139,9.170400000
4660,93.465819,9.468200000
4661,93.474866,8.837400000
4662,93.483786,8.706500000
4663,93.492823,8.832300000
4664,93.576816,14.799000000
4665,93.616538,12.545600000
4666,93.628513,11.643500000
4667,93.639226,10.373700000
4668,93.649786,10.343100000
4669,93.660600,10.581000000
4670,93.670606,9.751400000
4671,93.680951,10.146500000
4672,93.691670,10.445300000
4673,93.702338,10.355400000
4674,93.713051,10.465800000
4675,93.796577,11.967300000
4676,93.808827,11.907200000
4677,93.839556,10.789500000
4678,93.850078,10.223400000
4679,93.860646,10.303600000
4680,93.873400,12.546300000
4681,93.882823,9.226700000
4682,93.893595,10.477200000
4683,93.905316,11.492900000
4684,93.918352,12.893900000
4685,93.930117,11.521200000
4686,94.025559,11.304100000
4687,94.067702,11.983600000
4688,94.079903,11.792800000
4689,94.091593,11.414300000
4690,94.102894,11.060700000
4691,94.113854,10.732100000
4692,94.124786,10.705600000
4693,94.134589,9.556100000
4694,94.143723,8.936900000
4695,94.152888,8.972600000
4696,94.162279,9.179900000
4697,94.254392,11.915900000
4698,94.266977,12.226400000
4699,94.283914,12.309100000
4700,94.300673,12.500600000
4701,94.311755,10.793800000
4702,94.321762,9.878000000
4703,94.332039,10.034000000
4704,94.342533,10.279700000
4705,94.352056,9.311300000
4706,94.360984,8.708600000
4707,94.370250,9.063900000
4708,94.380187,9.734700000
4709,94.460317,11.812500000
4710,94.502681,11.584200000
4711,94.513547,10.547000000
4712,94.524467,10.687800000
4713,94.535722,10.972800000
4714,94.545509,9.553200000
4715,94.554930,9.205800000
4716,94.565174,10.013300000
4717,94.574213,8.725200000
4718,94.583603,9.143800000
4719,94.670723,12.078300000
4720,94.682915,11.858100000
4721,94.699889,13.577600000
4722,94.714907,14.722200000
4723,94.727217,12.041300000
4724,94.738150,10.707400000
4725,94.748564,10.196100000
4726,94.758243,9.478800000
4727,94.768790,10.315100000
4728,94.779505,10.492100000
4729,94.863276,13.014600000
4730,94.877684,13.670100000
4731,94.895315,17.232100000
4732,94.910610,14.884500000
4733,94.922023,11.085400000
4734,94.932640,10.374300000
4735,94.943013,10.130300000
4736,94.952759,9.517400000
4737,94.962547,9.579400000
4738,94.972482,9.716800000
4739,95.053806,12.651800000
4740,95.067922,13.791000000
4741,95.082728,12.922200000
4742,95.098001,14.989400000
4743,95.109928,11.666500000
4744,95.120840,10.700800000
4745,95.131195,10.152200000
4746,95.141077,9.654100000
4747,95.151294,9.994000000
4748,95.160905,9.396500000
4749,95.256343,12.532100000
4750,95.303400,14.776200000
4751,95.314449,10.710800000
4752,95.325372,10.698300000
4753,95.335502,9.894500000
4754,95.345557,9.950000000
4755,95.355301,9.454700000
4756,95.364988,9.467600000
4757,95.374700,9.497400000
4758,95.384186,9.276500000
4759,95.467521,13.215200000
4760,95.480562,12.677300000
4761,95.498296,13.047100000
4762,95.512990,12.845400000
4763,95.524880,11.574900000
4764,95.536355,11.241300000
4765,95.547303,10.675000000
4766,95.558189,10.613600000
4767,95.569252,10.866700000
4768,95.579966,10.426800000
4769,95.671975,16.665400000
4770,95.716105,15.215900000
4771,95.729442,13.004200000
4772,95.741075,11.342300000
4773,95.752551,11.217900000
4774,95.764878,12.146900000
4775,95.779090,13.826100000
4776,95.793353,13.763900000
4777,95.805492,11.777600000
4778,95.817025,11.261400000
4779,95.910097,11.266400000
4780,95.952614,11.035400000
4781,95.963858,10.996900000
4782,95.974239,10.096700000
4783,95.984343,9.853500000
4784,95.993911,9.342900000
4785,96.003019,8.925900000
4786,96.012265,9.058600000
4787,96.022070,9.565800000
4788,96.030984,8.728800000
4789,96.041314,10.067600000
4790,96.050815,9.326500000
4791,96.133338,11.640400000
4792,96.145060,11.386200000
4793,96.160864,15.414500000
4794,96.177515,12.478000000
4795,96.188498,10.755400000
4796,96.199758,11.069200000
4797,96.211956,11.848100000
4798,96.224514,12.305200000
4799,96.235889,11.036400000
4800,96.246616,10.474000000
4801,96.256603,9.778600000
4802,96.266730,9.892500000
4803,96.362047,11.654000000
4804,96.375220,12.818900000
4805,96.387955,12.170500000
4806,96.403916,15.563200000
4807,96.416922,12.676600000
4808,96.428743,11.378100000
4809,96.440240,11.253500000
4810,96.452286,11.763900000
4811,96.464255,11.719000000
4812,96.476723,12.220700000
4813,96.488459,11.437900000
4814,96.572228,12.064800000
4815,96.584393,11.770700000
4816,96.597890,11.209700000
4817,96.612536,14.362600000
4818,96.624143,11.329100000
4819,96.634505,10.203300000
4820,96.644380,9.594600000
4821,96.654057,9.564800000
4822,96.663424,9.027000000
4823,96.672479,8.824200000
4824,96.760471,12.722000000
4825,96.812002,17.427700000
4826,96.823823,11.533500000
4827,96.835469,11.377600000
4828,96.846696,10.993100000
4829,96.857703,10.757400000
4830,96.868699,10.727200000
4831,96.880024,11.105500000
4832,96.890692,10.400500000
4833,96.901239,10.288800000
4834,96.989184,13.075300000
4835,97.003084,13.508600000
4836,97.017517,12.449100000
4837,97.038599,15.887500000
4838,97.049895,11.049500000
4839,97.063382,13.296000000
4840,97.073677,10.062500000
4841,97.085827,11.899100000
4842,97.097051,11.030200000
4843,97.107174,9.928200000
4844,97.117389,9.920300000
4845,97.205712,16.470300000
4846,97.244190,14.768800000
4847,97.255834,11.411200000
4848,97.266511,10.444100000
4849,97.276172,9.548900000
4850,97.285781,9.523400000
4851,97.295694,9.765700000
4852,97.305016,9.090800000
4853,97.314282,9.013900000
4854,97.323889,9.419300000
4855,97.332838,8.707000000
4856,97.424928,12.401600000
4857,97.466567,12.156700000
4858,97.477428,10.573000000
4859,97.487904,10.251500000
4860,97.497987,9.799400000
4861,97.507600,9.401100000
4862,97.517327,9.526700000
4863,97.526648,9.098500000
4864,97.535473,8.611200000
4865,97.544194,8.533800000
4866,97.553115,8.789000000
4867,97.637444,14.810700000
4868,97.676796,11.829800000
4869,97.688480,11.381100000
4870,97.699332,10.551400000
4871,97.709415,9.854300000
4872,97.719377,9.756700000
4873,97.728379,8.789700000
4874,97.737177,8.618400000
4875,97.745949,8.560300000
4876,97.754564,8.415600000
4877,97.763541,8.702700000
4878,97.844948,12.065000000
4879,97.857484,11.368500000
4880,97.887067,11.534900000
4881,97.898737,11.336800000
4882,97.909504,10.459900000
4883,97.919513,9.757500000
4884,97.929315,9.573200000
4885,97.938323,8.811100000
4886,97.947482,8.977200000
4887,97.956462,8.752200000
4888,98.041883,14.478300000
4889,98.053807,11.555400000
4890,98.068193,14.006100000
4891,98.081707,12.943900000
4892,98.092206,10.307100000
4893,98.102172,9.688200000
4894,98.111721,9.374100000
4895,98.120842,8.948400000
4896,98.130342,9.276900000
4897,98.139799,9.243200000
4898,98.224746,15.149300000
4899,98.239578,14.345400000
4900,98.267508,14.143200000
4901,98.279969,12.136000000
4902,98.291629,11.464900000
4903,98.303397,11.553000000
4904,98.315195,11.592000000
4905,98.326860,11.488600000
4906,98.338178,11.082100000
4907,98.441138,12.083400000
4908,98.453731,12.234700000
4909,98.485024,13.280800000
4910,98.495534,10.198700000
4911,98.506068,10.291000000
4912,98.515641,9.448300000
4913,98.525626,9.631100000
4914,98.536953,10.994000000
4915,98.547056,9.834600000
4916,98.556436,9.219100000
4917,98.566848,10.218200000
4918,98.651433,10.377700000
4919,98.677692,15.941800000
4920,98.690924,12.899200000
4921,98.702062,10.908500000
4922,98.713298,10.936600000
4923,98.724394,10.884000000
4924,98.734500,9.931000000
4925,98.744090,9.370800000
4926,98.753155,8.885900000
4927,98.762248,8.900500000
4928,98.771529,9.084200000
