Time_s,Distance_m,Velocity_mps,Acceleration_mps2,PosX_m,PosY_m,PosZ_m,Method,Scenario,RunID
0,2.6907,2.5629,18.8026,-0.8999,-0.3167,30.1096,B4,E2,10
0.225,2.7075,1.2808,6.1156,-0.7283,-0.3167,30.2551,B4,E2,10
0.5582,2.7731,1.0244,1.6832,-0.4104,-0.3167,30.3548,B4,E2,10
0.7304,2.9072,0.9953,1.6096,-0.239,-0.3167,30.3716,B4,E2,10
0.9917,2.3511,0.9875,1.1625,0.0162,-0.3167,30.3155,B4,E2,10
1.325,1.8831,0.9798,1.1235,0.2882,-0.3167,30.1228,B4,E2,10
1.5842,1.8616,0.9832,1.2258,0.4437,-0.3167,29.9154,B4,E2,10
1.9175,1.7434,0.995,0.3471,0.6255,-0.3167,29.636,B4,E2,10
2.2508,1.722,0.9945,0.5688,0.8745,-0.3167,29.4144,B4,E2,10
2.4156,1.8611,0.9981,0.4731,1.0029,-0.3167,29.3112,B4,E2,10
2.7489,2.2578,0.996,0.5074,1.2079,-0.3167,29.0483,B4,E2,10
3.0322,2.7589,0.9969,0.4777,1.3523,-0.3167,28.8046,B4,E2,10
3.2935,3.1096,0.9976,0.4623,1.4582,-0.3167,28.5658,B4,E2,10
3.551,3.2727,0.9986,0.3331,1.5441,-0.3167,28.323,B4,E2,10
3.8042,3.1669,0.999,0.3074,1.6102,-0.3167,28.0786,B4,E2,10
4.0492,3.0131,0.9995,0.1834,1.6654,-0.3167,27.8399,B4,E2,10
4.3076,2.9495,0.9997,0.1547,1.7139,-0.3167,27.5861,B4,E2,10
4.5617,2.8489,0.9998,0.1514,1.752,-0.3167,27.3349,B4,E2,10
4.809,2.7002,0.9998,0.1511,1.78,-0.3167,27.0892,B4,E2,10
5.0608,2.6501,0.9998,0.1496,1.799,-0.3167,26.8381,B4,E2,10
5.3197,2.5541,1,0.0291,1.8185,-0.3167,26.58,B4,E2,10
5.5763,2.4616,0.9999,0.1259,1.8281,-0.3167,26.3235,B4,E2,10
5.8134,2.3505,1,0.0272,1.8369,-0.3167,26.0866,B4,E2,10
6.1467,2.2832,1,0.0039,1.8493,-0.3167,25.7535,B4,E2,10
6.4046,2.2352,1,0.001,1.8588,-0.3167,25.4958,B4,E2,10
6.6653,2.1909,1,0.0002,1.8685,-0.3167,25.2352,B4,E2,10
6.9313,2.1608,1,0,1.8784,-0.3167,24.9694,B4,E2,10
7.1912,2.1511,1,0.0471,1.892,-0.3167,24.7099,B4,E2,10
7.5245,2.1557,1,0.0327,1.904,-0.3167,24.3768,B4,E2,10
7.7911,2.1847,0.9999,0.0803,1.9213,-0.3167,24.1108,B4,E2,10
8.0544,2.2221,1,0.0604,1.9319,-0.3167,23.8477,B4,E2,10
8.3248,2.2657,0.9998,0.1317,1.9317,-0.3167,23.5773,B4,E2,10
8.5524,2.3364,1,0.0313,1.9316,-0.3167,23.3497,B4,E2,10
8.8858,2.4085,1,0.0043,1.9314,-0.3167,23.0163,B4,E2,10
9.1186,2.5153,1,0.0012,1.9313,-0.3167,22.7835,B4,E2,10
9.4519,2.6009,1,0.0002,1.9311,-0.3167,22.4502,B4,E2,10
9.6925,2.7387,1,0,1.931,-0.3167,22.2096,B4,E2,10
9.9479,2.7904,1,0,1.9309,-0.3167,21.9541,B4,E2,10
10.2813,2.957,1,0,1.9307,-0.3167,21.6208,B4,E2,10
10.5111,3.1163,1,0,1.9305,-0.3167,21.3909,B4,E2,10
10.8445,3.2361,1,0,1.9304,-0.3167,21.0576,B4,E2,10
11.0809,3.414,1,0,1.9302,-0.3167,20.8212,B4,E2,10
11.3049,3.4555,1,0,1.9301,-0.3167,20.5972,B4,E2,10
11.6382,3.6655,1,0,1.9299,-0.3167,20.2639,B4,E2,10
11.8841,3.8654,1,0,1.9298,-0.3167,20.018,B4,E2,10
12.2174,3.9985,1,0,1.9296,-0.3167,19.6846,B4,E2,10
12.5508,4.1959,1,0,1.9295,-0.3167,19.3513,B4,E2,10
12.8003,4.4106,1,0,1.9293,-0.3167,19.1018,B4,E2,10
13.053,4.4789,1,0,1.9292,-0.3167,18.8491,B4,E2,10
13.2922,4.6889,1,0,1.9291,-0.3167,18.6098,B4,E2,10
13.5416,4.7795,1,0,1.9289,-0.3167,18.3605,B4,E2,10
13.7904,5.0019,1,0,1.9288,-0.3167,18.1116,B4,E2,10
14.0367,5.0894,1,0,1.9287,-0.3167,17.8654,B4,E2,10
14.2795,5.3095,1,0,1.9285,-0.3167,17.6226,B4,E2,10
14.5286,5.4033,1,0,1.9284,-0.3167,17.3734,B4,E2,10
14.862,5.6408,1,0,1.9282,-0.3167,17.0401,B4,E2,10
15.1155,5.7827,1,0,1.9281,-0.3167,16.7866,B4,E2,10
15.3665,5.945,1,0,1.9279,-0.3167,16.5356,B4,E2,10
15.6206,6.1118,1,0,1.9278,-0.3167,16.2815,B4,E2,10
15.8938,6.296,1,0,1.9277,-0.3167,16.0083,B4,E2,10
16.2271,6.5324,1,0,1.9275,-0.3167,15.675,B4,E2,10
16.4616,6.7536,1,0,1.9273,-0.3167,15.4405,B4,E2,10
16.7328,6.8494,1,0,1.9272,-0.3167,15.1693,B4,E2,10
16.9949,7.0209,1,0,1.9271,-0.3167,14.9072,B4,E2,10
17.2277,7.2424,1,0,1.9269,-0.3167,14.6744,B4,E2,10
17.561,7.419,1,0,1.9268,-0.3167,14.341,B4,E2,10
17.8051,7.6524,1,0,1.9266,-0.3167,14.097,B4,E2,10
18.0453,7.7169,1,0,1.9265,-0.3167,13.8568,B4,E2,10
18.2787,7.941,1,0,1.9264,-0.3167,13.6233,B4,E2,10
18.6077,8.1209,1,0,1.9262,-0.3167,13.2944,B4,E2,10
18.941,8.3471,1,0,1.926,-0.3167,12.961,B4,E2,10
19.1891,8.5866,1,0,1.9259,-0.3167,12.713,B4,E2,10
19.5224,8.7406,1,0,1.9257,-0.3167,12.3796,B4,E2,10
19.7742,8.8877,1,0,1.9256,-0.3167,12.1278,B4,E2,10
20.0252,9.0579,1,0,1.9254,-0.3167,11.8769,B4,E2,10
20.3586,9.3085,1,0,1.9252,-0.3167,11.5435,B4,E2,10
20.6186,9.4642,1,0,1.9251,-0.3167,11.2835,B4,E2,10
20.8657,9.7047,1,0,1.925,-0.3167,11.0363,B4,E2,10
21.1991,9.8814,1,0,1.9248,-0.3167,10.703,B4,E2,10
21.5324,10.1091,1,0,1.9246,-0.3167,10.3697,B4,E2,10
21.777,10.3479,1,0,1.9245,-0.3167,10.1251,B4,E2,10
22.1103,10.329,1,0,1.9243,-0.3167,9.7917,B4,E2,10
22.3624,9.1601,0.9999,0.12,1.9146,-0.3167,9.5398,B4,E2,10
22.6348,8.2178,1,0.0222,1.9042,-0.3167,9.2676,B4,E2,10
22.9587,7.2002,1,0.0037,1.8918,-0.3167,8.944,B4,E2,10
23.2099,6.1586,1,0.001,1.8821,-0.3167,8.693,B4,E2,10
23.4545,5.9572,1,0.0002,1.8728,-0.3167,8.4486,B4,E2,10
23.7878,4.6048,1,0,1.86,-0.3167,8.1155,B4,E2,10
24.1211,3.8655,1,0,1.8472,-0.3167,7.7824,B4,E2,10
24.4545,3.4978,1,0,1.8344,-0.3167,7.4493,B4,E2,10
24.6937,3.4802,1,0,1.8253,-0.3167,7.2102,B4,E2,10
24.9808,3.9635,1,0,1.8142,-0.3167,6.9233,B4,E2,10
25.3142,4.2084,1,0,1.8015,-0.3167,6.5903,B4,E2,10
25.6475,3.5198,1,0,1.7887,-0.3167,6.2572,B4,E2,10
25.9808,2.9078,1,0,1.7759,-0.3167,5.9241,B4,E2,10
26.2325,2.4718,1,0,1.7662,-0.3167,5.6726,B4,E2,10
26.5659,2.2149,1,0,1.7535,-0.3167,5.3395,B4,E2,10
26.8835,2.1944,1,0.0524,1.7479,-0.3167,5.0219,B4,E2,10
27.1308,2.2416,1,0.0135,1.7435,-0.3167,4.7746,B4,E2,10
27.4009,2.7648,1,0.0025,1.7388,-0.3167,4.5046,B4,E2,10
27.7342,3.2738,1,0.0004,1.733,-0.3167,4.1713,B4,E2,10
27.9721,3.4521,1,0.0001,1.7288,-0.3167,3.9335,B4,E2,10
28.3054,4.446,1,0,1.7229,-0.3167,3.6002,B4,E2,10
28.5523,4.6558,0.9999,0.12,1.7094,-0.3167,3.3536,B4,E2,10
28.8857,5.7474,1,0.0178,1.6913,-0.3167,3.0208,B4,E2,10
29.1402,6.4505,1,0.0047,1.6774,-0.3167,2.7667,B4,E2,10
29.4088,7.0638,1,0.0009,1.6627,-0.3167,2.4985,B4,E2,10
29.6657,7.6925,1,0.0002,1.6487,-0.3167,2.242,B4,E2,10
29.999,8.3815,1,0,1.6305,-0.3167,1.9092,B4,E2,10
30.3323,9.1871,1,0,1.6123,-0.3167,1.5763,B4,E2,10
30.6657,9.9971,1,0,1.5941,-0.3167,1.2435,B4,E2,10
30.999,10.8106,1,0,1.5759,-0.3167,0.9107,B4,E2,10
31.3323,11.6268,1,0,1.5577,-0.3167,0.5778,B4,E2,10
31.6657,12.4452,1,0,1.5395,-0.3167,0.245,B4,E2,10
31.8562,12.6309,1,0,1.5291,-0.3167,0.0547,B4,E2,10
32.1895,13.7352,1,0,1.511,-0.3167,-0.2781,B4,E2,10
32.5228,14.5575,1,0,1.4928,-0.3167,-0.6109,B4,E2,10
32.8562,15.381,1,0,1.4746,-0.3167,-0.9438,B4,E2,10
33.1895,16.2054,1,0,1.4564,-0.3167,-1.2766,B4,E2,10
33.5228,17.0307,1,0,1.4382,-0.3167,-1.6094,B4,E2,10
33.8562,17.8566,1,0,1.42,-0.3167,-1.9423,B4,E2,10
34.1895,18.5917,1,0,1.4018,-0.3167,-2.2751,B4,E2,10
34.3705,18.8542,1,0,1.3919,-0.3167,-2.4559,B4,E2,10
34.7039,19.2616,1,0,1.3737,-0.3167,-2.7887,B4,E2,10
34.9559,19.551,1,0,1.36,-0.3167,-3.0404,B4,E2,10
35.2205,19.8117,1,0,1.3455,-0.3167,-3.3045,B4,E2,10
35.5538,20.1402,1,0,1.3274,-0.3167,-3.6374,B4,E2,10
35.8871,20.4689,1,0,1.3092,-0.3167,-3.9702,B4,E2,10
36.2157,20.7931,1,0,1.2912,-0.3167,-4.2983,B4,E2,10
36.549,21.0691,1,0,1.273,-0.3167,-4.6311,B4,E2,10
36.8683,21.3908,1,0,1.2556,-0.3167,-4.9499,B4,E2,10
37.2016,21.7332,1,0,1.2374,-0.3167,-5.2827,B4,E2,10
37.5349,22.0763,0.9998,0.12,1.2026,-0.3167,-5.6142,B4,E2,10
37.8683,22.4046,1,0.024,1.1678,-0.3167,-5.9457,B4,E2,10
38.2016,22.7313,1,0.0048,1.133,-0.3167,-6.2773,B4,E2,10
38.5349,23.0583,1,0.001,1.0982,-0.3167,-6.6088,B4,E2,10
38.8683,23.3419,1,0.0002,1.0634,-0.3167,-6.9403,B4,E2,10
39.068,23.5423,1,0.0001,1.0426,-0.3167,-7.1389,B4,E2,10
39.3303,23.8047,1,0,1.0152,-0.3167,-7.3998,B4,E2,10
39.6636,24.1434,1,0,0.9804,-0.3167,-7.7313,B4,E2,10
39.9198,24.4156,1,0,0.9536,-0.3167,-7.9861,B4,E2,10
40.1845,24.6823,1,0,0.926,-0.3167,-8.2493,B4,E2,10
40.4513,24.9448,1,0,0.8981,-0.3167,-8.5147,B4,E2,10
40.6963,25.1858,1,0,0.8726,-0.3167,-8.7583,B4,E2,10
40.9502,25.4357,1,0,0.846,-0.3167,-9.0108,B4,E2,10
41.1889,25.6708,1,0,0.8211,-0.3167,-9.2482,B4,E2,10
41.4351,25.8763,1,0,0.7954,-0.3167,-9.4931,B4,E2,10
41.7508,26.1937,1,0,0.7624,-0.3167,-9.8071,B4,E2,10
42.0041,26.4628,1,0,0.736,-0.3167,-10.059,B4,E2,10
42.3374,26.7978,1,0,0.7012,-0.3167,-10.3905,B4,E2,10
42.588,27.0451,1,0,0.675,-0.3167,-10.6397,B4,E2,10
42.8433,27.297,1,0,0.6484,-0.3167,-10.8936,B4,E2,10
43.1025,27.5527,1,0,0.6213,-0.3167,-11.1514,B4,E2,10
43.3558,27.8026,1,0,0.5949,-0.3167,-11.4033,B4,E2,10
43.6085,28.014,1,0,0.5685,-0.3167,-11.6546,B4,E2,10
43.9418,28.3492,1,0,0.5337,-0.3167,-11.9861,B4,E2,10
44.2751,28.6977,1,0,0.4989,-0.3167,-12.3176,B4,E2,10
44.5076,28.9384,0.9999,0.12,0.4666,-0.3167,-12.5479,B4,E2,10
44.841,29.2665,1,0.0167,0.4202,-0.3167,-12.8779,B4,E2,10
45.1743,29.5941,1,0.0033,0.3739,-0.3167,-13.208,B4,E2,10
45.4091,29.8249,1,0.001,0.3412,-0.3167,-13.4406,B4,E2,10
45.7028,30.1137,1,0.0002,0.3004,-0.3167,-13.7314,B4,E2,10
45.952,30.3086,1,0,0.2658,-0.3167,-13.9782,B4,E2,10
46.2853,30.6407,1,0,0.2194,-0.3167,-14.3083,B4,E2,10
46.6186,30.9832,1,0,0.1731,-0.3167,-14.6383,B4,E2,10
46.789,31.1787,1,0.12,0.1451,-0.3167,-14.8064,B4,E2,10
47.0367,31.4291,1,0.0165,0.1044,-0.3167,-15.0507,B4,E2,10
47.37,31.7558,1,0.0025,0.0496,-0.3167,-15.3795,B4,E2,10
47.6375,32.0182,1,0.0006,0.0057,-0.3167,-15.6434,B4,E2,10
47.96,32.3345,1,0.0001,-0.0473,-0.3167,-15.9614,B4,E2,10
48.2476,32.6142,0.9998,0.12,-0.1067,-0.3167,-16.2428,B4,E2,10
48.5809,32.8799,1,0.0207,-0.1756,-0.3167,-16.569,B4,E2,10
48.9095,33.1622,0.8857,0.3477,-0.2338,-0.3167,-16.8446,B4,E2,10
49.2368,33.4093,0.7484,0.4299,-0.2933,-0.3167,-17.0706,B4,E2,10
49.475,33.5625,0.6068,0.5948,-0.3279,-0.3167,-17.2023,B4,E2,10
49.7386,33.673,0.4642,0.541,-0.3567,-0.3167,-17.3116,B4,E2,10
49.9781,33.7718,0.4357,0.1191,-0.3828,-0.3167,-17.4108,B4,E2,10
50.3115,33.9093,0.43,0.0171,-0.4192,-0.3167,-17.549,B4,E2,10
50.5573,33.977,0.3146,0.4694,-0.437,-0.3167,-17.6169,B4,E2,10
50.8088,33.9992,0.2915,0.0918,-0.4553,-0.3167,-17.6864,B4,E2,10
51.1422,34.1001,0.2868,0.0373,-0.4841,-0.3167,-17.7772,B4,E2,10
51.4722,34.1719,0.1716,0.3489,-0.4984,-0.3167,-17.8221,B4,E2,10
51.8056,34.2251,0.1486,0.0691,-0.5128,-0.3167,-17.8675,B4,E2,10
51.969,34.2475,0.144,0.0282,-0.5198,-0.3167,-17.8898,B4,E2,10
52.2212,34.2817,0.1431,0.0036,-0.5307,-0.3167,-17.9241,B4,E2,10
52.4769,34.3163,0.1429,0.0007,-0.5418,-0.3167,-17.9589,B4,E2,10
52.7558,34.3542,0.1429,0.0002,-0.5538,-0.3167,-17.9969,B4,E2,10
53.0349,34.3372,0.1429,0,-0.5659,-0.3167,-18.0349,B4,E2,10
53.2752,34.4773,0.5269,1.6092,-0.6351,-0.3167,-18.1677,B4,E2,10
53.5984,34.6988,0.8981,1.369,-0.8818,-0.3167,-18.3766,B4,E2,10
53.8544,34.8276,0.9706,1.0865,-1.1181,-0.3167,-18.4752,B4,E2,10
54.1243,34.8564,0.9824,1.1289,-1.3873,-0.3167,-18.4944,B4,E2,10
54.3868,34.797,0.9846,1.1713,-1.642,-0.3167,-18.4311,B4,E2,10
54.6314,34.6844,0.9882,1.0761,-1.8566,-0.3167,-18.3138,B4,E2,10
54.8932,34.5142,0.9905,0.9109,-2.0507,-0.3167,-18.138,B4,E2,10
55.2265,34.2527,0.9928,0.6177,-2.2483,-0.3167,-17.8696,B4,E2,10
55.4652,33.9576,0.9956,0.6486,-2.361,-0.3167,-17.6592,B4,E2,10
55.795,33.6633,0.9963,0.4519,-2.4719,-0.3167,-17.3486,B4,E2,10
56.0479,33.4389,0.9982,0.3568,-2.5388,-0.3167,-17.1047,B4,E2,10
56.3812,33.1399,0.9985,0.2936,-2.5943,-0.3167,-16.776,B4,E2,10
56.6226,32.9315,0.9994,0.2009,-2.6258,-0.3167,-16.5368,B4,E2,10
56.8932,32.6689,0.9997,0.1557,-2.6503,-0.3167,-16.2672,B4,E2,10
57.2266,32.337,0.9996,0.1452,-2.6638,-0.3167,-15.9341,B4,E2,10
57.4662,32.0983,0.9999,0.0404,-2.6735,-0.3167,-15.6946,B4,E2,10
57.7363,31.8295,1,0.0072,-2.6844,-0.3167,-15.4248,B4,E2,10
58.0696,31.4234,1,0.0012,-2.6979,-0.3167,-15.0917,B4,E2,10
58.403,31.1092,1,0.0002,-2.7114,-0.3167,-14.7587,B4,E2,10
58.5598,30.988,1,0.0001,-2.7177,-0.3167,-14.602,B4,E2,10
58.8268,30.7393,1,0,-2.7286,-0.3167,-14.3352,B4,E2,10
59.1245,30.4434,1,0,-2.7406,-0.3167,-14.0377,B4,E2,10
59.4086,30.1607,1,0,-2.7521,-0.3167,-13.7539,B4,E2,10
59.6543,29.9163,1,0,-2.7621,-0.3167,-13.5084,B4,E2,10
59.9068,29.665,1,0,-2.7723,-0.3167,-13.2561,B4,E2,10
60.1669,29.3401,1,0,-2.7828,-0.3167,-12.9962,B4,E2,10
60.5002,29.0244,1,0,-2.7963,-0.3167,-12.6632,B4,E2,10
60.8335,28.7281,1,0,-2.8098,-0.3167,-12.3301,B4,E2,10
60.9815,28.5955,1,0,-2.8158,-0.3167,-12.1822,B4,E2,10
61.235,28.344,1,0,-2.8261,-0.3167,-11.929,B4,E2,10
61.5683,28.0125,1,0,-2.8396,-0.3167,-11.5959,B4,E2,10
61.8051,27.7771,1,0,-2.8491,-0.3167,-11.3593,B4,E2,10
62.1385,27.4457,1,0,-2.8626,-0.3167,-11.0262,B4,E2,10
62.3873,27.1976,0.9999,0.12,-2.8634,-0.3167,-10.7775,B4,E2,10
62.7206,26.7981,1,0.0179,-2.8645,-0.3167,-10.4441,B4,E2,10
62.8949,26.6463,1,0.0069,-2.8651,-0.3167,-10.2698,B4,E2,10
63.2282,26.3359,1,0.0007,-2.8661,-0.3167,-9.9365,B4,E2,10
63.472,26.1151,1,0.0002,-2.8669,-0.3167,-9.6928,B4,E2,10
63.7396,25.85,1,0,-2.8677,-0.3167,-9.4251,B4,E2,10
64.0729,25.5177,1,0,-2.8688,-0.3167,-9.0918,B4,E2,10
64.3218,25.2695,1,0,-2.8696,-0.3167,-8.8429,B4,E2,10
64.5992,24.993,1,0,-2.8705,-0.3167,-8.5655,B4,E2,10
64.8871,24.6281,1,0,-2.8714,-0.3167,-8.2776,B4,E2,10
65.1104,24.4216,1,0,-2.8721,-0.3167,-8.0543,B4,E2,10
65.4258,24.1293,1,0,-2.8731,-0.3167,-7.7389,B4,E2,10
65.67,23.9228,1,0,-2.8739,-0.3167,-7.4947,B4,E2,10
65.9301,23.67,1,0,-2.8747,-0.3167,-7.2346,B4,E2,10
66.1843,23.4167,1,0,-2.8755,-0.3167,-6.9804,B4,E2,10
66.5176,23.0846,1,0,-2.8766,-0.3167,-6.6471,B4,E2,10
66.8509,22.7525,1,0,-2.8776,-0.3167,-6.3138,B4,E2,10
67.0869,22.5174,1,0,-2.8784,-0.3167,-6.0778,B4,E2,10
67.4202,22.1146,1,0,-2.8795,-0.3167,-5.7445,B4,E2,10
67.7536,21.8085,1,0,-2.8805,-0.3167,-5.4112,B4,E2,10
67.912,21.6901,1,0,-2.881,-0.3167,-5.2528,B4,E2,10
68.1629,21.446,1,0,-2.8818,-0.3167,-5.0018,B4,E2,10
68.4289,21.1811,1,0,-2.8827,-0.3167,-4.7358,B4,E2,10
68.6826,20.9285,1,0,-2.8835,-0.3167,-4.4821,B4,E2,10
68.9394,20.6729,1,0,-2.8843,-0.3167,-4.2254,B4,E2,10
69.2699,20.344,1,0,-2.8853,-0.3167,-3.8949,B4,E2,10
69.5998,19.9115,1,0,-2.8864,-0.3167,-3.5649,B4,E2,10
69.9331,19.5976,1,0,-2.8875,-0.3167,-3.2316,B4,E2,10
70.1181,19.4395,1,0,-2.888,-0.3167,-3.0467,B4,E2,10
70.4514,19.1366,1,0,-2.8891,-0.3167,-2.7133,B4,E2,10
70.7099,18.9057,1,0,-2.8899,-0.3167,-2.4548,B4,E2,10
70.9743,18.6446,1,0,-2.8908,-0.3167,-2.1905,B4,E2,10
71.2335,18.3868,1,0,-2.8916,-0.3167,-1.9312,B4,E2,10
71.4936,18.1283,1,0,-2.8924,-0.3167,-1.6711,B4,E2,10
71.8269,17.797,1,0,-2.8935,-0.3167,-1.3378,B4,E2,10
72.1603,17.3609,1,0,-2.8946,-0.3167,-1.0045,B4,E2,10
72.4936,17.0479,1,0,-2.8956,-0.3167,-0.6712,B4,E2,10
72.6608,16.9086,1,0,-2.8961,-0.3167,-0.5039,B4,E2,10
72.9141,16.6837,1,0,-2.897,-0.3167,-0.2507,B4,E2,10
73.1616,16.4691,1,0,-2.8977,-0.3167,-0.0031,B4,E2,10
73.4099,16.2277,1,0,-2.8985,-0.3167,0.2451,B4,E2,10
73.7432,15.8969,1,0,-2.8996,-0.3167,0.5784,B4,E2,10
73.996,15.6461,1,0,-2.9004,-0.3167,0.8312,B4,E2,10
74.3293,15.3155,1,0,-2.9015,-0.3167,1.1646,B4,E2,10
74.6605,14.8731,1,0,-2.9025,-0.3167,1.4958,B4,E2,10
74.9185,14.637,1,0,-2.9033,-0.3167,1.7537,B4,E2,10
75.2518,14.3283,1,0,-2.9044,-0.3167,2.087,B4,E2,10
75.5279,14.0995,1,0,-2.9053,-0.3167,2.3632,B4,E2,10
75.8613,13.7931,1,0,-2.9063,-0.3167,2.6965,B4,E2,10
76.1034,13.5543,1,0,-2.9071,-0.3167,2.9387,B4,E2,10
76.3544,13.306,1,0,-2.9079,-0.3167,3.1897,B4,E2,10
76.6078,13.0554,1,0,-2.9087,-0.3167,3.4431,B4,E2,10
76.8488,12.8173,1,0,-2.9095,-0.3167,3.6841,B4,E2,10
77.1822,12.405,1,0,-2.9105,-0.3167,4.0174,B4,E2,10
77.5108,12.1116,1,0,-2.9116,-0.3167,4.3461,B4,E2,10
77.8421,11.8355,1,0,-2.9126,-0.3167,4.6773,B4,E2,10
78.0803,11.6006,1,0,-2.9134,-0.3167,4.9155,B4,E2,10
78.3353,11.3552,1,0,-2.9142,-0.3167,5.1705,B4,E2,10
78.6686,11.0245,0.9998,0.12,-2.8986,-0.3167,5.5035,B4,E2,10
78.9134,10.7817,1,0.0327,-2.8872,-0.3167,5.748,B4,E2,10
79.2428,10.3612,1,0.0049,-2.8717,-0.3167,6.0771,B4,E2,10
79.5559,10.0842,1,0.001,-2.8571,-0.3167,6.3897,B4,E2,10
79.8892,9.8091,1,0.0002,-2.8415,-0.3167,6.7227,B4,E2,10
80.1373,9.5637,1,0.0001,-2.8299,-0.3167,6.9705,B4,E2,10
80.3936,9.3165,1,0,-2.8179,-0.3167,7.2265,B4,E2,10
80.6869,9.0267,1,0,-2.8042,-0.3167,7.5196,B4,E2,10
80.9237,8.7928,1,0,-2.7931,-0.3167,7.7561,B4,E2,10
81.2571,8.464,1,0,-2.7775,-0.3167,8.0891,B4,E2,10
81.5904,7.9958,1,0,-2.7619,-0.3167,8.4221,B4,E2,10
81.7564,7.8314,1,0,-2.7541,-0.3167,8.5878,B4,E2,10
82.0897,7.5478,1,0,-2.7385,-0.3167,8.9208,B4,E2,10
82.3976,7.294,1,0,-2.7241,-0.3167,9.2284,B4,E2,10
82.6458,7.0501,1,0,-2.7125,-0.3167,9.4763,B4,E2,10
82.9133,6.8349,1,0,-2.7,-0.3167,9.7435,B4,E2,10
83.2456,6.5101,1,0,-2.6844,-0.3167,10.0755,B4,E2,10
83.4793,6.2821,1,0,-2.6735,-0.3167,10.3089,B4,E2,10
83.7287,6.0393,1,0,-2.6618,-0.3167,10.558,B4,E2,10
83.9894,5.6685,1,0,-2.6496,-0.3167,10.8184,B4,E2,10
84.3097,5.3893,1,0,-2.6346,-0.3167,11.1384,B4,E2,10
84.6431,5.1312,1,0,-2.619,-0.3167,11.4714,B4,E2,10
84.7962,4.9839,1,0,-2.6118,-0.3167,11.6244,B4,E2,10
85.0549,4.7557,1,0,-2.5997,-0.3167,11.8827,B4,E2,10
85.3039,4.5184,1,0,-2.5881,-0.3167,12.1315,B4,E2,10
85.5642,4.2718,1,0,-2.5759,-0.3167,12.3915,B4,E2,10
85.8202,4.031,1,0,-2.5639,-0.3167,12.6472,B4,E2,10
86.0721,3.7959,1,0,-2.5521,-0.3167,12.8989,B4,E2,10
86.4055,3.3404,1,0,-2.5365,-0.3167,13.2319,B4,E2,10
86.6615,3.1931,0.8857,0.4465,-2.5263,-0.3167,13.451,B4,E2,10
86.9948,3.0071,0.8629,0.0686,-2.5129,-0.3167,13.7364,B4,E2,10
87.3281,2.8242,0.744,0.3566,-2.5018,-0.3167,13.9743,B4,E2,10
87.5817,2.7,0.6059,0.5445,-2.495,-0.3167,14.119,B4,E2,10
87.8432,2.605,0.464,0.5425,-2.4897,-0.3167,14.231,B4,E2,10
88.1766,2.486,0.4357,0.0851,-2.483,-0.3167,14.3737,B4,E2,10
88.4454,2.4231,0.3157,0.4463,-2.4794,-0.3167,14.4504,B4,E2,10
88.7787,2.1864,0.1774,0.4148,-2.4772,-0.3167,14.498,B4,E2,10
89.1055,2.2525,0.0355,0.4344,-2.4772,-0.3167,14.498,B4,E2,10
89.3527,2.2232,0.1214,0.3475,-2.4756,-0.3167,14.5332,B4,E2,10
89.6215,2.3249,0.1386,0.0639,-2.4738,-0.3167,14.5716,B4,E2,10
89.941,2.1319,0.6532,1.6108,-2.4621,-0.3167,14.8211,B4,E2,10
90.1819,1.9877,0.8163,0.6848,-2.4609,-0.3167,15.0276,B4,E2,10
90.4421,1.8892,0.7334,0.4621,-2.4854,-0.3167,15.2118,B4,E2,10
90.6848,1.8344,0.7161,0.4435,-2.534,-0.3167,15.3782,B4,E2,10
91.0112,1.6157,0.1892,1.6186,-2.5464,-0.3167,15.394,B4,E2,10
91.3352,1.7813,0.4896,1.0461,-2.6931,-0.3167,15.5069,B4,E2,10
91.6685,2.18,0.8895,1.4286,-3.0156,-0.3167,15.5912,B4,E2,10
91.8944,2.394,0.9706,1.1281,-3.2414,-0.3167,15.5878,B4,E2,10
92.2277,2.4715,0.3812,1.8078,-3.3173,-0.3167,15.5584,B4,E2,10
92.4702,2.4685,0.077,1.2847,-3.3172,-0.3167,15.5675,B4,E2,10
92.7343,2.4428,0.2517,0.9156,-3.3166,-0.3167,15.6493,B4,E2,10
93.0664,2.1572,0.3117,0.1854,-3.3156,-0.3167,15.7578,B4,E2,10
93.3079,2.1469,0.1984,0.4691,-3.3153,-0.3167,15.7989,B4,E2,10
93.5716,2.3568,0.0763,1.0418,-3.3156,-0.3167,15.7607,B4,E2,10
93.8215,2.3736,0.2194,0.5725,-3.3162,-0.3167,15.6969,B4,E2,10
94.0475,2.4408,0.208,0.0508,-3.3165,-0.3167,15.6505,B4,E2,10
94.2897,2.439,0.0219,0.7683,-3.3165,-0.3167,15.6565,B4,E2,10
94.5336,2.42,0.2173,0.9806,-3.3159,-0.3167,15.7241,B4,E2,10
94.776,2.3559,0.3245,0.4426,-3.3152,-0.3167,15.8092,B4,E2,10
95.0065,2.295,0.2814,0.1873,-3.3147,-0.3167,15.8716,B4,E2,10
95.3399,2.1699,0.0443,0.9769,-3.315,-0.3167,15.8297,B4,E2,10
95.6732,2.2972,0.1621,0.3533,-3.3156,-0.3167,15.7659,B4,E2,10
95.9945,2.3817,0.0098,0.5349,-3.3154,-0.3167,15.7828,B4,E2,10
96.2469,2.3683,0.0456,0.1419,-3.3153,-0.3167,15.7966,B4,E2,10
96.51,2.407,0.1114,0.5968,-3.3157,-0.3167,15.757,B4,E2,10
96.8433,2.4181,0.0851,0.0788,-3.3159,-0.3167,15.7308,B4,E2,10
97.0962,2.3912,0.1169,0.7991,-3.3155,-0.3167,15.7731,B4,E2,10
97.4295,2.1493,0.1511,0.1026,-3.3151,-0.3167,15.8263,B4,E2,10
97.7626,2.2668,0.1132,0.7937,-3.3156,-0.3167,15.7666,B4,E2,10
98.0959,2.428,0.1721,0.1766,-3.3161,-0.3167,15.7044,B4,E2,10
98.3518,2.4248,0.0323,0.5464,-3.3161,-0.3167,15.705,B4,E2,10
98.5873,2.4009,0.1914,0.9499,-3.3156,-0.3167,15.7633,B4,E2,10
98.8792,2.3163,0.2753,0.2873,-3.3149,-0.3167,15.8498,B4,E2,10
99.2126,2.3081,0.0754,0.5996,-3.3148,-0.3167,15.8582,B4,E2,10
99.4671,2.3057,0.0228,0.2068,-3.3148,-0.3167,15.8607,B4,E2,10
99.7249,2.1296,0.158,0.5245,-3.3144,-0.3167,15.9101,B4,E2,10
100.0518,2.2028,0.1154,0.1302,-3.3141,-0.3167,15.9444,B4,E2,10
100.3793,2.3148,0.2042,0.9758,-3.3149,-0.3167,15.8513,B4,E2,10
100.6302,2.4103,0.3526,0.5915,-3.3157,-0.3167,15.7536,B4,E2,10
100.9635,2.4301,0.242,0.3317,-3.3163,-0.3167,15.6821,B4,E2,10
101.2214,2.4234,0.0262,1.0401,-3.3161,-0.3167,15.7062,B4,E2,10
101.4789,2.4058,0.1669,0.5465,-3.3156,-0.3167,15.7582,B4,E2,10
101.7433,2.3782,0.1187,0.1824,-3.3154,-0.3167,15.7864,B4,E2,10
101.982,2.3341,0.1752,0.2369,-3.315,-0.3167,15.8316,B4,E2,10
102.3154,2.2069,0.0143,0.4829,-3.3151,-0.3167,15.823,B4,E2,10
102.6471,2.3138,0.0737,0.1793,-3.3149,-0.3167,15.8524,B4,E2,10
102.8849,2.3135,0.0158,0.2437,-3.3149,-0.3167,15.8527,B4,E2,10
103.2182,2.245,0.1716,0.4674,-3.3143,-0.3167,15.9228,B4,E2,10
103.4779,2.2012,0.1728,0.0048,-3.3139,-0.3167,15.9678,B4,E2,10
103.7519,2.2256,0.0385,0.7712,-3.3141,-0.3167,15.9428,B4,E2,10
104.0842,2.2522,0.0733,0.1049,-3.3143,-0.3167,15.9155,B4,E2,10
104.4175,2.0461,0.1023,0.5268,-3.3139,-0.3167,15.9642,B4,E2,10
104.7509,2.1166,0.0542,0.1442,-3.3138,-0.3167,15.9783,B4,E2,10
104.9065,2.115,0.0637,0.0608,-3.3137,-0.3167,15.9886,B4,E2,10
105.1811,2.102,0.2493,0.676,-3.313,-0.3167,16.0698,B4,E2,10
105.4443,2.0225,0.2991,0.189,-3.3124,-0.3167,16.1518,B4,E2,10
105.7777,2.0211,0.0633,0.7072,-3.3124,-0.3167,16.1532,B4,E2,10
105.9971,2.0331,0.0327,0.4379,-3.3125,-0.3167,16.1408,B4,E2,10
106.3304,1.9995,0.0766,0.3281,-3.3122,-0.3167,16.1755,B4,E2,10
106.5731,1.9611,0.1464,0.2874,-3.3118,-0.3167,16.2152,B4,E2,10
106.876,1.9209,0.1391,0.024,-3.3115,-0.3167,16.2568,B4,E2,10
107.1821,1.876,0.1494,0.0335,-3.3111,-0.3167,16.3033,B4,E2,10
107.5037,1.8349,0.1362,0.0411,-3.3107,-0.3167,16.346,B4,E2,10
107.7523,1.8127,0.1013,0.14,-3.3106,-0.3167,16.369,B4,E2,10
108.0856,1.8063,0.0363,0.1951,-3.3105,-0.3167,16.3757,B4,E2,10
108.3245,1.8063,0.0072,0.1218,-3.3105,-0.3167,16.3757,B4,E2,10
108.6579,1.8153,0.021,0.0848,-3.3106,-0.3167,16.3664,B4,E2,10
108.9001,1.7991,0.0516,0.2999,-3.3104,-0.3167,16.3833,B4,E2,10
109.1557,1.8047,0.0079,0.2329,-3.3105,-0.3167,16.3774,B4,E2,10
109.489,1.8034,0.0016,0.0286,-3.3105,-0.3167,16.3788,B4,E2,10
109.7444,1.8081,0.0152,0.0658,-3.3105,-0.3167,16.3738,B4,E2,10
110.0046,1.8182,0.0351,0.0766,-3.3106,-0.3167,16.3634,B4,E2,10
110.2639,1.8317,0.0504,0.059,-3.3107,-0.3167,16.3493,B4,E2,10
110.531,1.847,0.0579,0.0281,-3.3109,-0.3167,16.3334,B4,E2,10
110.8087,1.8617,0.0555,0.0086,-3.311,-0.3167,16.3182,B4,E2,10
111.0665,1.8719,0.0438,0.0452,-3.3111,-0.3167,16.3076,B4,E2,10
111.3338,1.8574,0.0361,0.2988,-3.3109,-0.3167,16.3226,B4,E2,10
111.6153,1.8566,0.0096,0.0941,-3.3109,-0.3167,16.3234,B4,E2,10
111.9487,1.8512,0.0154,0.0173,-3.3109,-0.3167,16.329,B4,E2,10
112.176,1.8462,0.0216,0.0275,-3.3108,-0.3167,16.3343,B4,E2,10
112.433,1.8394,0.026,0.0172,-3.3108,-0.3167,16.3413,B4,E2,10
112.691,1.8328,0.0266,0.0023,-3.3107,-0.3167,16.3482,B4,E2,10
113.0244,1.8261,0.022,0.014,-3.3107,-0.3167,16.3551,B4,E2,10
113.2815,1.8232,0.0139,0.0314,-3.3106,-0.3167,16.3582,B4,E2,10
113.5593,1.8025,0.0649,0.1837,-3.3105,-0.3167,16.3797,B4,E2,10
113.8926,1.811,0.0083,0.2195,-3.3105,-0.3167,16.3709,B4,E2,10
114.2259,1.8272,0.0422,0.1019,-3.3107,-0.3167,16.354,B4,E2,10
114.3841,1.8357,0.0531,0.0684,-3.3108,-0.3167,16.3452,B4,E2,10
114.646,1.8505,0.0575,0.0168,-3.3109,-0.3167,16.3298,B4,E2,10
114.9794,1.8665,0.0514,0.0183,-3.311,-0.3167,16.3132,B4,E2,10
115.2193,1.8743,0.0375,0.058,-3.3111,-0.3167,16.305,B4,E2,10
115.5527,1.8761,0.0118,0.077,-3.3111,-0.3167,16.3033,B4,E2,10
115.7767,1.8729,0.0095,0.0951,-3.3111,-0.3167,16.3066,B4,E2,10
116.0949,1.8807,0.0186,0.0883,-3.3111,-0.3167,16.2984,B4,E2,10
116.4279,1.8781,0.0029,0.0645,-3.3111,-0.3167,16.3012,B4,E2,10
116.7298,1.8673,0.0302,0.0903,-3.311,-0.3167,16.3124,B4,E2,10
116.985,1.8539,0.0496,0.0759,-3.3109,-0.3167,16.3262,B4,E2,10
117.2444,1.8381,0.0606,0.0427,-3.3108,-0.3167,16.3427,B4,E2,10
117.4936,1.8232,0.0619,0.0051,-3.3106,-0.3167,16.3582,B4,E2,10
117.8269,1.8077,0.051,0.0328,-3.3105,-0.3167,16.3743,B4,E2,10
118.1602,1.8494,0.0938,0.4342,-3.3109,-0.3167,16.331,B4,E2,10
118.489,1.8437,0.0044,0.2717,-3.3108,-0.3167,16.3368,B4,E2,10
118.7281,1.8411,0.0084,0.0535,-3.3108,-0.3167,16.3396,B4,E2,10
118.9766,1.8381,0.0114,0.0125,-3.3108,-0.3167,16.3426,B4,E2,10
119.3099,1.8347,0.0108,0.0019,-3.3107,-0.3167,16.3462,B4,E2,10
119.548,1.833,0.0082,0.0111,-3.3107,-0.3167,16.348,B4,E2,10
119.8242,1.8323,0.0038,0.0159,-3.3107,-0.3167,16.3487,B4,E2,10
120.0857,1.8329,0.0011,0.0188,-3.3107,-0.3167,16.3481,B4,E2,10
120.3372,1.8345,0.0057,0.0182,-3.3107,-0.3167,16.3464,B4,E2,10
120.6065,1.8186,0.0482,0.2001,-3.3106,-0.3167,16.363,B4,E2,10
120.8553,1.8196,0.0063,0.1682,-3.3106,-0.3167,16.362,B4,E2,10
121.1062,1.8237,0.0123,0.0742,-3.3106,-0.3167,16.3577,B4,E2,10
121.3666,1.8306,0.0245,0.047,-3.3107,-0.3167,16.3505,B4,E2,10
121.6285,1.8391,0.0319,0.0282,-3.3108,-0.3167,16.3417,B4,E2,10
121.9495,1.8497,0.034,0.0064,-3.3109,-0.3167,16.3306,B4,E2,10
122.175,1.8561,0.03,0.0176,-3.3109,-0.3167,16.324,B4,E2,10
122.5084,1.8611,0.0185,0.0345,-3.311,-0.3167,16.3188,B4,E2,10
122.7567,1.8346,0.0849,0.4164,-3.3107,-0.3167,16.3463,B4,E2,10
123.0025,1.8216,0.061,0.0971,-3.3106,-0.3167,16.3599,B4,E2,10
123.3291,1.8401,0.0349,0.2939,-3.3108,-0.3167,16.3406,B4,E2,10
123.5799,1.8543,0.0541,0.0763,-3.3109,-0.3167,16.3258,B4,E2,10
123.8397,1.8667,0.0505,0.0138,-3.311,-0.3167,16.313,B4,E2,10
124.0839,1.8746,0.0367,0.0563,-3.3111,-0.3167,16.3048,B4,E2,10
124.3397,1.8773,0.0163,0.0798,-3.3111,-0.3167,16.302,B4,E2,10
124.5908,1.8744,0.0065,0.0909,-3.3111,-0.3167,16.305,B4,E2,10
124.8537,1.8656,0.0291,0.0861,-3.311,-0.3167,16.3142,B4,E2,10
125.1871,1.8791,0.028,0.1714,-3.3111,-0.3167,16.3001,B4,E2,10
125.5204,1.877,0.0003,0.0832,-3.3111,-0.3167,16.3023,B4,E2,10
125.8537,1.865,0.0299,0.0906,-3.311,-0.3167,16.3148,B4,E2,10
126.1011,1.8524,0.0483,0.0743,-3.3109,-0.3167,16.3279,B4,E2,10
126.3575,1.8373,0.0583,0.039,-3.3108,-0.3167,16.3435,B4,E2,10
126.6909,1.8186,0.0585,0.0007,-3.3106,-0.3167,16.363,B4,E2,10
126.9453,1.8076,0.0477,0.0426,-3.3105,-0.3167,16.3744,B4,E2,10
127.2787,1.8018,0.0239,0.0714,-3.3105,-0.3167,16.3804,B4,E2,10
127.5342,1.7744,0.0942,0.275,-3.3102,-0.3167,16.409,B4,E2,10
127.8675,1.806,0.06,0.4626,-3.3105,-0.3167,16.3761,B4,E2,10
128.1859,1.8343,0.086,0.0814,-3.3107,-0.3167,16.3467,B4,E2,10
128.4405,1.8578,0.0941,0.0318,-3.3109,-0.3167,16.3222,B4,E2,10
128.7435,1.8819,0.0849,0.0301,-3.3112,-0.3167,16.2972,B4,E2,10
129.0383,1.8967,0.0584,0.0899,-3.3113,-0.3167,16.2819,B4,E2,10
129.2824,1.9007,0.0255,0.135,-3.3113,-0.3167,16.2777,B4,E2,10
129.6157,1.89,0.0216,0.1412,-3.3112,-0.3167,16.2888,B4,E2,10
129.864,1.8746,0.0558,0.1378,-3.3111,-0.3167,16.3048,B4,E2,10
130.1746,1.8853,0.0175,0.236,-3.3112,-0.3167,16.2936,B4,E2,10
130.4088,1.8866,0.008,0.0408,-3.3112,-0.3167,16.2923,B4,E2,10
130.7299,1.8768,0.0239,0.0992,-3.3111,-0.3167,16.3025,B4,E2,10
130.9683,1.8644,0.0478,0.1001,-3.311,-0.3167,16.3154,B4,E2,10
131.2314,1.8467,0.0654,0.0669,-3.3108,-0.3167,16.3337,B4,E2,10
131.5625,1.8385,0.0336,0.0958,-3.3108,-0.3167,16.3422,B4,E2,10
131.8024,1.8328,0.0266,0.0294,-3.3107,-0.3167,16.3482,B4,E2,10
132.0617,1.8278,0.0215,0.0198,-3.3107,-0.3167,16.3534,B4,E2,10
132.3231,1.8437,0.0463,0.2591,-3.3108,-0.3167,16.3369,B4,E2,10
132.6564,1.8528,0.0321,0.0424,-3.3109,-0.3167,16.3274,B4,E2,10
132.9736,1.8585,0.0211,0.0346,-3.311,-0.3167,16.3215,B4,E2,10
133.2967,1.8595,0.007,0.0437,-3.311,-0.3167,16.3204,B4,E2,10
133.5363,1.8577,0.0052,0.0509,-3.3109,-0.3167,16.3224,B4,E2,10
133.8696,1.8503,0.0194,0.0426,-3.3109,-0.3167,16.33,B4,E2,10
134.1176,1.8433,0.0273,0.032,-3.3108,-0.3167,16.3373,B4,E2,10
134.3666,1.8358,0.0305,0.013,-3.3108,-0.3167,16.3451,B4,E2,10
134.7,1.8551,0.0421,0.218,-3.3109,-0.3167,16.325,B4,E2,10
134.974,1.8678,0.0469,0.0173,-3.311,-0.3167,16.3118,B4,E2,10
135.2952,1.8758,0.03,0.0527,-3.3111,-0.3167,16.3035,B4,E2,10
135.5401,1.8767,0.0091,0.0854,-3.3111,-0.3167,16.3026,B4,E2,10
135.7852,1.8723,0.0131,0.0905,-3.3111,-0.3167,16.3072,B4,E2,10
136.1186,1.8577,0.0391,0.0778,-3.3109,-0.3167,16.3224,B4,E2,10
136.3435,1.8456,0.0522,0.0583,-3.3108,-0.3167,16.3348,B4,E2,10
136.6769,1.8263,0.0586,0.0191,-3.3107,-0.3167,16.3549,B4,E2,10
136.9407,1.8545,0.077,0.5139,-3.3109,-0.3167,16.3256,B4,E2,10
137.274,1.8527,0.0109,0.1985,-3.3109,-0.3167,16.3275,B4,E2,10
137.6068,1.8581,0.0157,0.0146,-3.3109,-0.3167,16.3219,B4,E2,10
137.8604,1.8594,0.0075,0.0324,-3.311,-0.3167,16.3205,B4,E2,10
138.1271,1.8575,0.0045,0.0451,-3.3109,-0.3167,16.3225,B4,E2,10
138.4558,1.8506,0.0184,0.0423,-3.3109,-0.3167,16.3297,B4,E2,10
138.6814,1.8445,0.026,0.0335,-3.3108,-0.3167,16.336,B4,E2,10
138.9245,1.8374,0.0297,0.0152,-3.3108,-0.3167,16.3434,B4,E2,10
139.1746,1.8304,0.0291,0.0023,-3.3107,-0.3167,16.3507,B4,E2,10
139.5079,1.8521,0.0482,0.2319,-3.3109,-0.3167,16.3282,B4,E2,10
139.8157,1.8685,0.0541,0.0192,-3.311,-0.3167,16.3111,B4,E2,10
140.1491,1.8788,0.0363,0.0535,-3.3111,-0.3167,16.3005,B4,E2,10
140.296,1.8813,0.0213,0.1017,-3.3111,-0.3167,16.2979,B4,E2,10
140.5583,1.8789,0.0033,0.0939,-3.3111,-0.3167,16.3004,B4,E2,10
140.8916,1.8654,0.0341,0.0925,-3.311,-0.3167,16.3143,B4,E2,10
141.1315,1.8522,0.0525,0.0765,-3.3109,-0.3167,16.328,B4,E2,10
141.388,1.8615,0.0195,0.2807,-3.311,-0.3167,16.3184,B4,E2,10
141.7213,1.8629,0.0073,0.0366,-3.311,-0.3167,16.3169,B4,E2,10
142.0546,1.8581,0.0104,0.0531,-3.3109,-0.3167,16.3219,B4,E2,10
142.2127,1.8548,0.0196,0.0586,-3.3109,-0.3167,16.3253,B4,E2,10
142.4549,1.8476,0.0287,0.0372,-3.3109,-0.3167,16.3328,B4,E2,10
142.7039,1.839,0.0342,0.0224,-3.3108,-0.3167,16.3417,B4,E2,10
143.0372,1.8279,0.0347,0.0014,-3.3107,-0.3167,16.3533,B4,E2,10
143.2916,1.8212,0.0286,0.0239,-3.3106,-0.3167,16.3602,B4,E2,10
143.6249,1.8176,0.0149,0.0412,-3.3106,-0.3167,16.364,B4,E2,10
143.95,1.7726,0.1182,0.3178,-3.3102,-0.3167,16.4109,B4,E2,10
144.2834,1.7893,0.0182,0.4093,-3.3104,-0.3167,16.3934,B4,E2,10
144.6164,1.8138,0.0648,0.14,-3.3106,-0.3167,16.368,B4,E2,10
144.8658,1.836,0.0872,0.0897,-3.3108,-0.3167,16.3448,B4,E2,10
145.1138,1.8588,0.0936,0.026,-3.311,-0.3167,16.3212,B4,E2,10
145.3707,1.8794,0.0853,0.0323,-3.3111,-0.3167,16.2998,B4,E2,10
145.704,1.8956,0.0575,0.0835,-3.3113,-0.3167,16.283,B4,E2,10
145.9444,1.8996,0.0252,0.1343,-3.3113,-0.3167,16.2789,B4,E2,10
146.2098,1.8938,0.0129,0.1434,-3.3113,-0.3167,16.2848,B4,E2,10
146.5431,1.9051,0.0254,0.1148,-3.3114,-0.3167,16.2732,B4,E2,10
146.8764,1.892,0.0275,0.1588,-3.3112,-0.3167,16.2868,B4,E2,10
147.0352,1.8826,0.0546,0.1705,-3.3112,-0.3167,16.2965,B4,E2,10
147.3085,1.8588,0.0832,0.1047,-3.311,-0.3167,16.3212,B4,E2,10
147.5566,1.8433,0.0685,0.0591,-3.3108,-0.3167,16.3373,B4,E2,10
147.8094,1.827,0.0673,0.005,-3.3107,-0.3167,16.3542,B4,E2,10
148.0739,1.8122,0.0601,0.0269,-3.3105,-0.3167,16.3697,B4,E2,10
148.3206,1.8024,0.045,0.0614,-3.3105,-0.3167,16.3798,B4,E2,10
148.6539,1.8271,0.0526,0.2928,-3.3107,-0.3167,16.3542,B4,E2,10
148.824,1.8404,0.076,0.1374,-3.3108,-0.3167,16.3402,B4,E2,10
149.1573,1.8666,0.0803,0.0132,-3.311,-0.3167,16.3131,B4,E2,10
149.4907,1.8856,0.0635,0.0504,-3.3112,-0.3167,16.2933,B4,E2,10
149.6547,1.8921,0.0452,0.1117,-3.3112,-0.3167,16.2867,B4,E2,10
149.9179,1.8937,0.0142,0.118,-3.3113,-0.3167,16.285,B4,E2,10
150.1885,1.8859,0.0211,0.1303,-3.3112,-0.3167,16.2931,B4,E2,10
150.5219,1.864,0.0587,0.1128,-3.311,-0.3167,16.3158,B4,E2,10
150.7781,1.8817,0.0455,0.4069,-3.3112,-0.3167,16.2974,B4,E2,10
151.0424,1.8833,0.0142,0.1187,-3.3112,-0.3167,16.2958,B4,E2,10
151.3746,1.8879,0.0144,0.0007,-3.3112,-0.3167,16.291,B4,E2,10
151.7079,1.8797,0.0175,0.0957,-3.3111,-0.3167,16.2995,B4,E2,10
151.8754,1.8729,0.0372,0.1175,-3.3111,-0.3167,16.3065,B4,E2,10
152.2087,1.8506,0.063,0.0776,-3.3109,-0.3167,16.3297,B4,E2,10
152.542,1.8415,0.0353,0.0831,-3.3108,-0.3167,16.3391,B4,E2,10
152.7148,1.8367,0.0303,0.029,-3.3108,-0.3167,16.3442,B4,E2,10
153.0481,1.8283,0.0271,0.0097,-3.3107,-0.3167,16.3529,B4,E2,10
153.3771,1.823,0.0187,0.0254,-3.3106,-0.3167,16.3584,B4,E2,10
153.7095,1.7749,0.1243,0.3176,-3.3102,-0.3167,16.4085,B4,E2,10
154.0199,1.7785,0.0152,0.3514,-3.3103,-0.3167,16.4047,B4,E2,10
154.277,1.7893,0.0321,0.1839,-3.3104,-0.3167,16.3934,B4,E2,10
154.5381,1.8086,0.068,0.1374,-3.3105,-0.3167,16.3734,B4,E2,10
154.8714,1.8416,0.096,0.0841,-3.3108,-0.3167,16.339,B4,E2,10
155.1369,1.8677,0.1007,0.0179,-3.311,-0.3167,16.312,B4,E2,10
155.468,1.8929,0.0834,0.0523,-3.3112,-0.3167,16.2858,B4,E2,10
155.7253,1.9041,0.0528,0.1191,-3.3113,-0.3167,16.2742,B4,E2,10
155.9708,1.9055,0.0152,0.1531,-3.3114,-0.3167,16.2727,B4,E2,10
156.2709,1.9151,0.0297,0.0483,-3.3114,-0.3167,16.2627,B4,E2,10
156.6023,1.9079,0.0123,0.1266,-3.3114,-0.3167,16.2703,B4,E2,10
156.9174,1.8847,0.0634,0.1622,-3.3112,-0.3167,16.2943,B4,E2,10
157.1723,1.8684,0.0658,0.0096,-3.311,-0.3167,16.3112,B4,E2,10
157.4223,1.8481,0.0805,0.0586,-3.3109,-0.3167,16.3322,B4,E2,10
157.7556,1.835,0.0489,0.0947,-3.3107,-0.3167,16.3459,B4,E2,10
158.0889,1.8232,0.0392,0.029,-3.3106,-0.3167,16.3582,B4,E2,10
158.2361,1.8274,0.0161,0.3762,-3.3107,-0.3167,16.3538,B4,E2,10
158.4958,1.8138,0.0403,0.2172,-3.3106,-0.3167,16.3679,B4,E2,10
158.8174,1.8398,0.059,0.3088,-3.3108,-0.3167,16.3409,B4,E2,10
159.0529,1.8588,0.079,0.0848,-3.311,-0.3167,16.3212,B4,E2,10
159.3862,1.8808,0.0705,0.0255,-3.3111,-0.3167,16.2984,B4,E2,10
159.621,1.8908,0.0496,0.0887,-3.3112,-0.3167,16.2879,B4,E2,10
159.8935,1.8934,0.0178,0.1169,-3.3113,-0.3167,16.2853,B4,E2,10
160.2028,1.884,0.0216,0.1274,-3.3112,-0.3167,16.295,B4,E2,10
160.4524,1.8699,0.0515,0.1196,-3.311,-0.3167,16.3097,B4,E2,10
160.6987,1.8762,0.0111,0.2541,-3.3111,-0.3167,16.3031,B4,E2,10
161.0321,1.8661,0.0229,0.102,-3.311,-0.3167,16.3136,B4,E2,10
161.3654,1.8491,0.0471,0.0726,-3.3109,-0.3167,16.3313,B4,E2,10
161.6987,1.8296,0.058,0.0327,-3.3107,-0.3167,16.3515,B4,E2,10
161.8529,1.8212,0.0569,0.0066,-3.3106,-0.3167,16.3602,B4,E2,10
162.1862,1.8081,0.0442,0.0381,-3.3105,-0.3167,16.3739,B4,E2,10
162.438,1.803,0.0256,0.0739,-3.3105,-0.3167,16.3792,B4,E2,10
162.7713,1.8061,0.0028,0.0852,-3.3105,-0.3167,16.3759,B4,E2,10
163.1046,1.7694,0.0914,0.2825,-3.3102,-0.3167,16.4142,B4,E2,10
163.2722,1.7543,0.0932,0.0109,-3.31,-0.3167,16.4299,B4,E2,10
163.6028,1.7792,0.0443,0.4159,-3.3103,-0.3167,16.4039,B4,E2,10
163.928,1.8192,0.1111,0.2054,-3.3106,-0.3167,16.3624,B4,E2,10
164.1731,1.8437,0.1054,0.0233,-3.3108,-0.3167,16.3369,B4,E2,10
164.5065,1.8761,0.1018,0.0107,-3.3111,-0.3167,16.3033,B4,E2,10
164.7598,1.8952,0.0829,0.0746,-3.3113,-0.3167,16.2835,B4,E2,10
165.0269,1.9058,0.0497,0.1243,-3.3114,-0.3167,16.2724,B4,E2,10
165.2883,1.9054,0.0086,0.157,-3.3114,-0.3167,16.2728,B4,E2,10
165.6015,1.9169,0.0322,0.0753,-3.3115,-0.3167,16.2609,B4,E2,10
165.9274,1.9034,0.028,0.1848,-3.3113,-0.3167,16.2749,B4,E2,10
166.2608,1.8726,0.0822,0.1626,-3.3111,-0.3167,16.3068,B4,E2,10
166.4224,1.8594,0.0842,0.0126,-3.311,-0.3167,16.3205,B4,E2,10
166.6932,1.8445,0.0627,0.0795,-3.3108,-0.3167,16.336,B4,E2,10
166.9529,1.8294,0.0607,0.0076,-3.3107,-0.3167,16.3517,B4,E2,10
167.2863,1.8129,0.0533,0.0223,-3.3106,-0.3167,16.3688,B4,E2,10
167.5651,1.8042,0.0367,0.0594,-3.3105,-0.3167,16.3779,B4,E2,10
167.7964,1.8188,0.0452,0.3544,-3.3106,-0.3167,16.3627,B4,E2,10
168.1297,1.8264,0.028,0.0516,-3.3107,-0.3167,16.3548,B4,E2,10
168.4531,1.8372,0.0334,0.0165,-3.3108,-0.3167,16.3436,B4,E2,10
168.6881,1.8454,0.0358,0.0102,-3.3108,-0.3167,16.3351,B4,E2,10
168.9311,1.8531,0.0336,0.0088,-3.3109,-0.3167,16.327,B4,E2,10
169.2644,1.8602,0.0244,0.0276,-3.311,-0.3167,16.3197,B4,E2,10
169.5167,1.8625,0.0123,0.0478,-3.311,-0.3167,16.3173,B4,E2,10
169.7793,1.8611,0.0019,0.0542,-3.311,-0.3167,16.3188,B4,E2,10
170.1126,1.8537,0.0188,0.0508,-3.3109,-0.3167,16.3264,B4,E2,10
170.446,1.8917,0.0907,0.3286,-3.3112,-0.3167,16.2871,B4,E2,10
170.7793,1.8857,0.0032,0.2624,-3.3112,-0.3167,16.2933,B4,E2,10
171.1126,1.871,0.036,0.1176,-3.3111,-0.3167,16.3085,B4,E2,10
171.2719,1.8621,0.0537,0.1111,-3.311,-0.3167,16.3178,B4,E2,10
171.5441,1.8429,0.0692,0.057,-3.3108,-0.3167,16.3377,B4,E2,10
171.8774,1.8347,0.0343,0.1047,-3.3107,-0.3167,16.3462,B4,E2,10
172.1298,1.8293,0.0246,0.0382,-3.3107,-0.3167,16.3518,B4,E2,10
172.3942,1.8255,0.0171,0.0286,-3.3107,-0.3167,16.3558,B4,E2,10
172.6478,1.824,0.0082,0.0351,-3.3107,-0.3167,16.3573,B4,E2,10
172.9811,1.7964,0.0706,0.1872,-3.3104,-0.3167,16.3861,B4,E2,10
173.3144,1.7995,0.0063,0.1928,-3.3104,-0.3167,16.3828,B4,E2,10
173.466,1.8032,0.0188,0.1657,-3.3105,-0.3167,16.379,B4,E2,10
173.7994,1.821,0.0484,0.0886,-3.3106,-0.3167,16.3604,B4,E2,10
174.0543,1.8377,0.0639,0.061,-3.3108,-0.3167,16.3431,B4,E2,10
174.3044,1.8543,0.0682,0.0171,-3.3109,-0.3167,16.3258,B4,E2,10
174.6251,1.8722,0.0599,0.026,-3.3111,-0.3167,16.3073,B4,E2,10
174.8813,1.8814,0.0417,0.0708,-3.3111,-0.3167,16.2977,B4,E2,10
175.1362,1.866,0.0418,0.3275,-3.311,-0.3167,16.3137,B4,E2,10
175.4023,1.8624,0.0194,0.0839,-3.311,-0.3167,16.3174,B4,E2,10
175.7356,1.852,0.0299,0.0315,-3.3109,-0.3167,16.3283,B4,E2,10
176.065,1.8385,0.0399,0.0303,-3.3108,-0.3167,16.3422,B4,E2,10
176.3035,1.829,0.0412,0.0055,-3.3107,-0.3167,16.3521,B4,E2,10
176.5559,1.8206,0.0359,0.0209,-3.3106,-0.3167,16.3609,B4,E2,10
176.8788,1.8147,0.0224,0.042,-3.3106,-0.3167,16.367,B4,E2,10
177.1143,1.8138,0.0077,0.0621,-3.3106,-0.3167,16.368,B4,E2,10
177.4236,1.7974,0.0455,0.1223,-3.3104,-0.3167,16.385,B4,E2,10
177.7569,1.7912,0.0248,0.0624,-3.3104,-0.3167,16.3915,B4,E2,10
177.9192,1.7912,0.0048,0.1232,-3.3104,-0.3167,16.3915,B4,E2,10
178.2525,1.8043,0.0318,0.1096,-3.3105,-0.3167,16.3778,B4,E2,10
178.4808,1.8177,0.0553,0.1033,-3.3106,-0.3167,16.3638,B4,E2,10
178.8141,1.8433,0.0748,0.0586,-3.3108,-0.3167,16.3373,B4,E2,10
179.0658,1.8621,0.0771,0.009,-3.311,-0.3167,16.3177,B4,E2,10
179.3991,1.8812,0.0628,0.0428,-3.3111,-0.3167,16.298,B4,E2,10
179.6366,1.8645,0.0458,0.4573,-3.311,-0.3167,16.3153,B4,E2,10
179.9699,1.8856,0.0433,0.2673,-3.3112,-0.3167,16.2934,B4,E2,10
180.3032,1.8843,0.0055,0.1137,-3.3112,-0.3167,16.2947,B4,E2,10
180.6177,1.8725,0.03,0.1126,-3.3111,-0.3167,16.307,B4,E2,10
180.951,1.8514,0.0587,0.0862,-3.3109,-0.3167,16.3289,B4,E2,10
181.2367,1.831,0.0709,0.0428,-3.3107,-0.3167,16.35,B4,E2,10
181.57,1.8257,0.0274,0.1305,-3.3107,-0.3167,16.3555,B4,E2,10
181.8572,1.824,0.0105,0.0588,-3.3107,-0.3167,16.3574,B4,E2,10
182.1585,1.8257,0.0025,0.0432,-3.3107,-0.3167,16.3556,B4,E2,10
182.3996,1.8075,0.0622,0.2683,-3.3105,-0.3167,16.3745,B4,E2,10
182.716,1.8284,0.0425,0.3309,-3.3107,-0.3167,16.3528,B4,E2,10
183.0493,1.8535,0.0712,0.0859,-3.3109,-0.3167,16.3266,B4,E2,10
183.2119,1.8649,0.0725,0.0083,-3.311,-0.3167,16.3148,B4,E2,10
183.5267,1.8811,0.0571,0.049,-3.3111,-0.3167,16.298,B4,E2,10
183.7673,1.8877,0.0343,0.0949,-3.3112,-0.3167,16.2912,B4,E2,10
184.1006,1.8841,0.0021,0.1092,-3.3112,-0.3167,16.2949,B4,E2,10
184.4339,1.8687,0.0388,0.11,-3.311,-0.3167,16.3109,B4,E2,10
184.7673,1.8457,0.0652,0.0793,-3.3108,-0.3167,16.3348,B4,E2,10
185.1006,1.8852,0.0855,0.4523,-3.3112,-0.3167,16.2938,B4,E2,10
185.2661,1.9072,0.1275,0.2533,-3.3114,-0.3167,16.2709,B4,E2,10
185.5934,1.9031,0.0151,0.3434,-3.3113,-0.3167,16.2752,B4,E2,10
185.9002,1.8849,0.0461,0.1994,-3.3112,-0.3167,16.294,B4,E2,10
186.1138,1.8674,0.0775,0.1469,-3.311,-0.3167,16.3123,B4,E2,10
186.3595,1.8519,0.0678,0.0395,-3.3109,-0.3167,16.3283,B4,E2,10
186.6004,1.8351,0.0716,0.0157,-3.3107,-0.3167,16.3458,B4,E2,10
186.8461,1.8273,0.0405,0.1266,-3.3107,-0.3167,16.3539,B4,E2,10
187.0718,1.8218,0.0286,0.0529,-3.3106,-0.3167,16.3596,B4,E2,10
187.3161,1.8184,0.0173,0.0462,-3.3106,-0.3167,16.3632,B4,E2,10
187.5576,1.8181,0.0046,0.0525,-3.3106,-0.3167,16.3635,B4,E2,10
187.7903,1.8079,0.0373,0.1405,-3.3105,-0.3167,16.3741,B4,E2,10
188.1237,1.8082,0.0068,0.0915,-3.3105,-0.3167,16.3738,B4,E2,10
188.456,1.8169,0.0205,0.082,-3.3106,-0.3167,16.3647,B4,E2,10
188.7003,1.8266,0.0372,0.0685,-3.3107,-0.3167,16.3546,B4,E2,10
188.9355,1.8377,0.0469,0.041,-3.3108,-0.3167,16.343,B4,E2,10
189.1926,1.8503,0.0499,0.012,-3.3109,-0.3167,16.33,B4,E2,10
189.4492,1.8612,0.0453,0.0182,-3.311,-0.3167,16.3187,B4,E2,10
189.7147,1.8689,0.0331,0.0459,-3.311,-0.3167,16.3107,B4,E2,10
189.9784,1.8717,0.0154,0.067,-3.3111,-0.3167,16.3078,B4,E2,10
190.3061,1.8356,0.0883,0.3164,-3.3108,-0.3167,16.3452,B4,E2,10
190.6193,1.8225,0.0525,0.1141,-3.3106,-0.3167,16.3589,B4,E2,10
190.8369,1.8154,0.0378,0.0678,-3.3106,-0.3167,16.3663,B4,E2,10
191.0714,1.8109,0.0233,0.0618,-3.3105,-0.3167,16.3709,B4,E2,10
191.3202,1.8106,0.0059,0.0698,-3.3105,-0.3167,16.3713,B4,E2,10
191.5719,1.8147,0.0123,0.0727,-3.3106,-0.3167,16.3671,B4,E2,10
191.801,1.8216,0.0276,0.0666,-3.3106,-0.3167,16.3599,B4,E2,10
192.0744,1.8332,0.0407,0.048,-3.3107,-0.3167,16.3478,B4,E2,10
192.4078,1.8491,0.0479,0.0215,-3.3109,-0.3167,16.3312,B4,E2,10
192.7411,1.8132,0.0801,0.384,-3.3106,-0.3167,16.3686,B4,E2,10
193.0744,1.831,0.0285,0.3257,-3.3107,-0.3167,16.3501,B4,E2,10
193.3347,1.8436,0.0461,0.0675,-3.3108,-0.3167,16.3369,B4,E2,10
193.5877,1.8554,0.0477,0.0067,-3.3109,-0.3167,16.3248,B4,E2,10
193.921,1.8667,0.0378,0.0297,-3.311,-0.3167,16.313,B4,E2,10
194.1808,1.8712,0.022,0.061,-3.3111,-0.3167,16.3083,B4,E2,10
194.4364,1.8708,0.0029,0.0748,-3.3111,-0.3167,16.3088,B4,E2,10
194.7698,1.8619,0.0215,0.073,-3.311,-0.3167,16.318,B4,E2,10
195.0133,1.8523,0.037,0.0637,-3.3109,-0.3167,16.3279,B4,E2,10
195.2656,1.8559,0.0044,0.1641,-3.3109,-0.3167,16.3242,B4,E2,10
195.5989,1.8508,0.0118,0.0485,-3.3109,-0.3167,16.3295,B4,E2,10
195.9322,1.8429,0.0222,0.0313,-3.3108,-0.3167,16.3377,B4,E2,10
196.1772,1.8366,0.0257,0.0143,-3.3108,-0.3167,16.3442,B4,E2,10
196.5106,1.829,0.0241,0.0047,-3.3107,-0.3167,16.3522,B4,E2,10
196.7722,1.8248,0.0181,0.0232,-3.3107,-0.3167,16.3565,B4,E2,10
197.1048,1.8236,0.0067,0.034,-3.3106,-0.3167,16.3578,B4,E2,10
197.3374,1.8248,0.0032,0.0426,-3.3107,-0.3167,16.3565,B4,E2,10
197.5978,1.8137,0.0351,0.1467,-3.3106,-0.3167,16.3681,B4,E2,10
197.9311,1.8084,0.0201,0.0449,-3.3105,-0.3167,16.3735,B4,E2,10
198.1685,1.809,0.0021,0.0758,-3.3105,-0.3167,16.373,B4,E2,10
198.5019,1.818,0.0222,0.0729,-3.3106,-0.3167,16.3636,B4,E2,10
198.7525,1.8281,0.038,0.0633,-3.3107,-0.3167,16.353,B4,E2,10
199.0859,1.8448,0.0491,0.0332,-3.3108,-0.3167,16.3357,B4,E2,10
199.3201,1.8558,0.0491,0.0001,-3.3109,-0.3167,16.3242,B4,E2,10
199.6534,1.8674,0.0385,0.0317,-3.311,-0.3167,16.3123,B4,E2,10
199.9767,1.8256,0.0997,0.4277,-3.3107,-0.3167,16.3557,B4,E2,10
200.2057,1.804,0.0984,0.0057,-3.3105,-0.3167,16.3782,B4,E2,10
200.4554,1.8018,0.0269,0.2864,-3.3105,-0.3167,16.3804,B4,E2,10
200.7011,1.8052,0.0061,0.1346,-3.3105,-0.3167,16.3769,B4,E2,10
201.0345,1.8191,0.0359,0.0894,-3.3106,-0.3167,16.3624,B4,E2,10
201.3125,1.8346,0.0535,0.0632,-3.3107,-0.3167,16.3463,B4,E2,10
201.6458,1.8546,0.0606,0.0214,-3.3109,-0.3167,16.3255,B4,E2,10
201.9039,1.8678,0.0545,0.0237,-3.311,-0.3167,16.3119,B4,E2,10
202.1676,1.8766,0.0387,0.0601,-3.3111,-0.3167,16.3027,B4,E2,10
202.501,1.8462,0.0679,0.3198,-3.3108,-0.3167,16.3342,B4,E2,10
202.7509,1.8347,0.0521,0.0634,-3.3107,-0.3167,16.3463,B4,E2,10
203.0843,1.8207,0.0453,0.0202,-3.3106,-0.3167,16.3608,B4,E2,10
203.3115,1.8135,0.0352,0.0446,-3.3106,-0.3167,16.3682,B4,E2,10
203.6448,1.8101,0.0155,0.059,-3.3105,-0.3167,16.3718,B4,E2,10
203.8928,1.812,0.0032,0.0757,-3.3105,-0.3167,16.3698,B4,E2,10
204.2261,1.822,0.0256,0.0672,-3.3106,-0.3167,16.3594,B4,E2,10
204.559,1.8368,0.0421,0.0494,-3.3108,-0.3167,16.344,B4,E2,10
204.8031,1.822,0.0422,0.3453,-3.3106,-0.3167,16.3595,B4,E2,10
205.1364,1.8574,0.0799,0.3662,-3.3109,-0.3167,16.3227,B4,E2,10
205.3863,1.8755,0.0763,0.0142,-3.3111,-0.3167,16.3038,B4,E2,10
205.7197,1.8903,0.052,0.0731,-3.3112,-0.3167,16.2885,B4,E2,10
205.9635,1.8939,0.0226,0.1205,-3.3113,-0.3167,16.2848,B4,E2,10
206.193,1.8904,0.008,0.1333,-3.3112,-0.3167,16.2884,B4,E2,10
206.512,1.8732,0.0463,0.1199,-3.3111,-0.3167,16.3062,B4,E2,10
206.7386,1.8569,0.0689,0.1001,-3.3109,-0.3167,16.3231,B4,E2,10
207.0719,1.8445,0.0448,0.0723,-3.3108,-0.3167,16.336,B4,E2,10
207.4041,1.8796,0.0787,0.3719,-3.3111,-0.3167,16.2996,B4,E2,10
207.7294,1.875,0.0041,0.2293,-3.3111,-0.3167,16.3044,B4,E2,10
208.0628,1.8653,0.0233,0.082,-3.311,-0.3167,16.3144,B4,E2,10
208.2244,1.859,0.0369,0.0845,-3.311,-0.3167,16.3209,B4,E2,10
208.4831,1.8459,0.0495,0.0486,-3.3108,-0.3167,16.3346,B4,E2,10
208.7299,1.8326,0.0549,0.022,-3.3107,-0.3167,16.3484,B4,E2,10
208.9722,1.8205,0.0524,0.0104,-3.3106,-0.3167,16.361,B4,E2,10
209.3056,1.8091,0.0389,0.0405,-3.3105,-0.3167,16.3728,B4,E2,10
209.5316,1.8052,0.0223,0.0737,-3.3105,-0.3167,16.3769,B4,E2,10
209.7488,1.7956,0.0412,0.087,-3.3104,-0.3167,16.3869,B4,E2,10
209.9975,1.7933,0.016,0.1011,-3.3104,-0.3167,16.3893,B4,E2,10
210.3177,1.8018,0.0189,0.1092,-3.3105,-0.3167,16.3805,B4,E2,10
210.6282,1.8189,0.0496,0.0989,-3.3106,-0.3167,16.3627,B4,E2,10
210.9615,1.8429,0.0698,0.0606,-3.3108,-0.3167,16.3377,B4,E2,10
211.2021,1.8598,0.0725,0.0111,-3.311,-0.3167,16.3201,B4,E2,10
211.5354,1.878,0.0598,0.038,-3.3111,-0.3167,16.3012,B4,E2,10
211.6996,1.8845,0.0448,0.0914,-3.3112,-0.3167,16.2945,B4,E2,10
212.0329,1.8783,0.0064,0.1537,-3.3111,-0.3167,16.3009,B4,E2,10
212.3639,1.8621,0.042,0.1076,-3.311,-0.3167,16.3178,B4,E2,10
212.686,1.8408,0.0634,0.0662,-3.3108,-0.3167,16.3399,B4,E2,10
212.9453,1.8332,0.037,0.1018,-3.3107,-0.3167,16.3478,B4,E2,10
213.2786,1.8253,0.0272,0.0294,-3.3107,-0.3167,16.356,B4,E2,10
213.5256,1.8216,0.0179,0.0374,-3.3106,-0.3167,16.3599,B4,E2,10
213.859,1.8215,0.0038,0.0424,-3.3106,-0.3167,16.3599,B4,E2,10
214.1898,1.7765,0.114,0.3329,-3.3102,-0.3167,16.4067,B4,E2,10
214.5231,1.7921,0.0161,0.3901,-3.3104,-0.3167,16.3906,B4,E2,10
214.8564,1.8132,0.056,0.1196,-3.3106,-0.3167,16.3686,B4,E2,10
215.1022,1.8326,0.0771,0.0859,-3.3107,-0.3167,16.3483,B4,E2,10
215.3393,1.8524,0.0848,0.0325,-3.3109,-0.3167,16.3278,B4,E2,10
215.5831,1.871,0.0803,0.0185,-3.3111,-0.3167,16.3085,B4,E2,10
215.8305,1.8853,0.0641,0.0655,-3.3112,-0.3167,16.2936,B4,E2,10
216.074,1.8929,0.0388,0.1039,-3.3112,-0.3167,16.2858,B4,E2,10
216.4073,1.8892,0.0016,0.121,-3.3112,-0.3167,16.2896,B4,E2,10
216.6653,1.8784,0.035,0.1296,-3.3111,-0.3167,16.3008,B4,E2,10
216.9322,1.8805,0.0006,0.1289,-3.3111,-0.3167,16.2987,B4,E2,10
217.1843,1.8817,0.0039,0.0178,-3.3112,-0.3167,16.2975,B4,E2,10
217.4374,1.8764,0.0163,0.0798,-3.3111,-0.3167,16.3029,B4,E2,10
217.7707,1.8598,0.0447,0.0849,-3.311,-0.3167,16.3201,B4,E2,10
218.0201,1.8444,0.0602,0.0623,-3.3108,-0.3167,16.3361,B4,E2,10
218.2821,1.8276,0.0656,0.0207,-3.3107,-0.3167,16.3536,B4,E2,10
218.5427,1.8128,0.0602,0.0206,-3.3106,-0.3167,16.369,B4,E2,10
218.8761,1.8012,0.041,0.0576,-3.3105,-0.3167,16.3811,B4,E2,10
219.2094,1.7516,0.1323,0.2737,-3.31,-0.3167,16.4328,B4,E2,10
219.4687,1.7399,0.064,0.2633,-3.3099,-0.3167,16.4449,B4,E2,10
219.7273,1.7391,0.0155,0.1875,-3.3099,-0.3167,16.4458,B4,E2,10
220.0607,1.7648,0.0614,0.2308,-3.3101,-0.3167,16.419,B4,E2,10
220.3287,1.7985,0.1168,0.2069,-3.3104,-0.3167,16.3839,B4,E2,10
220.5907,1.8284,0.1183,0.0057,-3.3107,-0.3167,16.3528,B4,E2,10
220.8406,1.8497,0.0946,0.095,-3.3109,-0.3167,16.3307,B4,E2,10
221.1739,1.8756,0.0834,0.0335,-3.3111,-0.3167,16.3038,B4,E2,10
221.4223,1.8896,0.0636,0.08,-3.3112,-0.3167,16.2892,B4,E2,10
221.7556,1.8672,0.043,0.3197,-3.311,-0.3167,16.3124,B4,E2,10
222.089,1.8538,0.0419,0.0032,-3.3109,-0.3167,16.3263,B4,E2,10
222.262,1.8459,0.0465,0.0264,-3.3108,-0.3167,16.3346,B4,E2,10
222.53,1.8326,0.0506,0.0152,-3.3107,-0.3167,16.3484,B4,E2,10
222.8634,1.818,0.0465,0.0124,-3.3106,-0.3167,16.3636,B4,E2,10
223.1123,1.8104,0.0347,0.0472,-3.3105,-0.3167,16.3715,B4,E2,10
223.4456,1.8081,0.0127,0.0662,-3.3105,-0.3167,16.3738,B4,E2,10
223.768,1.8139,0.0123,0.0774,-3.3106,-0.3167,16.3679,B4,E2,10
224.1013,1.7818,0.0778,0.2702,-3.3103,-0.3167,16.4013,B4,E2,10
224.4346,1.8056,0.044,0.3653,-3.3105,-0.3167,16.3765,B4,E2,10
224.768,1.8386,0.0912,0.1416,-3.3108,-0.3167,16.3421,B4,E2,10
225.1013,1.872,0.1016,0.0311,-3.3111,-0.3167,16.3074,B4,E2,10
225.4324,1.8969,0.0825,0.0576,-3.3113,-0.3167,16.2817,B4,E2,10
225.6916,1.9071,0.0493,0.1283,-3.3114,-0.3167,16.2711,B4,E2,10
225.9633,1.9059,0.0062,0.1586,-3.3114,-0.3167,16.2723,B4,E2,10
226.2966,1.8868,0.0464,0.1576,-3.3112,-0.3167,16.2922,B4,E2,10
226.6299,1.8552,0.0879,0.1248,-3.3109,-0.3167,16.3249,B4,E2,10
226.7983,1.8498,0.0441,0.2603,-3.3109,-0.3167,16.3305,B4,E2,10
227.1316,1.8753,0.0547,0.2966,-3.3111,-0.3167,16.304,B4,E2,10
227.4649,1.8759,0.0123,0.1273,-3.3111,-0.3167,16.3035,B4,E2,10
227.7665,1.8685,0.0178,0.0998,-3.311,-0.3167,16.3111,B4,E2,10
228.0999,1.8527,0.0428,0.075,-3.3109,-0.3167,16.3275,B4,E2,10
228.4332,1.8336,0.0563,0.0404,-3.3107,-0.3167,16.3474,B4,E2,10
228.6285,1.823,0.0565,0.001,-3.3106,-0.3167,16.3584,B4,E2,10
228.941,1.81,0.0459,0.0339,-3.3105,-0.3167,16.3719,B4,E2,10
229.2743,1.8041,0.0238,0.0664,-3.3105,-0.3167,16.378,B4,E2,10
229.6076,1.7594,0.1166,0.2785,-3.3101,-0.3167,16.4246,B4,E2,10
229.941,1.7813,0.0316,0.4445,-3.3103,-0.3167,16.4017,B4,E2,10
230.2743,1.8155,0.0918,0.1806,-3.3106,-0.3167,16.3661,B4,E2,10
230.6076,1.8563,0.12,0.0847,-3.3109,-0.3167,16.3238,B4,E2,10
230.805,1.8733,0.0957,0.1231,-3.3111,-0.3167,16.3061,B4,E2,10
231.0944,1.8916,0.0716,0.0833,-3.3112,-0.3167,16.2871,B4,E2,10
231.4277,1.8989,0.0324,0.1176,-3.3113,-0.3167,16.2796,B4,E2,10
231.6995,1.8943,0.0074,0.1467,-3.3113,-0.3167,16.2843,B4,E2,10
231.9807,1.8793,0.046,0.1369,-3.3111,-0.3167,16.2999,B4,E2,10
232.3141,1.9041,0.0525,0.2954,-3.3113,-0.3167,16.2742,B4,E2,10
232.6474,1.8988,0.0026,0.1653,-3.3113,-0.3167,16.2797,B4,E2,10
232.9807,1.8778,0.0528,0.1505,-3.3111,-0.3167,16.3015,B4,E2,10
233.2473,1.8546,0.0829,0.113,-3.3109,-0.3167,16.3256,B4,E2,10
233.5394,1.8385,0.0625,0.0699,-3.3108,-0.3167,16.3423,B4,E2,10
233.8315,1.8227,0.0575,0.0171,-3.3106,-0.3167,16.3587,B4,E2,10
234.1648,1.8093,0.0449,0.0376,-3.3105,-0.3167,16.3727,B4,E2,10
234.4386,1.8038,0.0256,0.0706,-3.3105,-0.3167,16.3783,B4,E2,10
234.7719,1.7732,0.0817,0.1683,-3.3102,-0.3167,16.4103,B4,E2,10
234.9514,1.7663,0.0481,0.1875,-3.3102,-0.3167,16.4174,B4,E2,10
235.2848,1.7733,0.0078,0.1675,-3.3102,-0.3167,16.4101,B4,E2,10
235.535,1.7885,0.0523,0.178,-3.3103,-0.3167,16.3943,B4,E2,10
235.7959,1.8128,0.088,0.1368,-3.3106,-0.3167,16.369,B4,E2,10
236.0532,1.8411,0.109,0.0818,-3.3108,-0.3167,16.3396,B4,E2,10
236.2909,1.859,0.0844,0.1038,-3.311,-0.3167,16.321,B4,E2,10
236.6243,1.879,0.0668,0.0527,-3.3111,-0.3167,16.3002,B4,E2,10
236.9576,1.8886,0.0373,0.0885,-3.3112,-0.3167,16.2902,B4,E2,10
237.2909,1.8364,0.1226,0.4798,-3.3108,-0.3167,16.3444,B4,E2,10
237.4648,1.8076,0.1626,0.2299,-3.3105,-0.3167,16.3744,B4,E2,10
237.7981,1.7927,0.0697,0.2787,-3.3104,-0.3167,16.3899,B4,E2,10
238.1314,1.7904,0.0196,0.1503,-3.3104,-0.3167,16.3923,B4,E2,10
238.4648,1.8014,0.0235,0.1292,-3.3105,-0.3167,16.3809,B4,E2,10
238.7981,1.8227,0.0578,0.103,-3.3106,-0.3167,16.3587,B4,E2,10
239.0632,1.8425,0.0738,0.0605,-3.3108,-0.3167,16.3381,B4,E2,10
239.3935,1.8666,0.0754,0.0047,-3.311,-0.3167,16.3131,B4,E2,10
239.6361,1.8806,0.0628,0.0518,-3.3111,-0.3167,16.2986,B4,E2,10
239.9695,1.8624,0.0327,0.2867,-3.311,-0.3167,16.3175,B4,E2,10
240.2151,1.8544,0.0334,0.0027,-3.3109,-0.3167,16.3257,B4,E2,10
240.4783,1.8435,0.0411,0.0294,-3.3108,-0.3167,16.337,B4,E2,10
240.7369,1.8322,0.0445,0.013,-3.3107,-0.3167,16.3488,B4,E2,10
241.0702,1.8198,0.04,0.0135,-3.3106,-0.3167,16.3617,B4,E2,10
241.4036,1.8127,0.0256,0.0431,-3.3106,-0.3167,16.3691,B4,E2,10
241.6762,1.8118,0.0079,0.0651,-3.3105,-0.3167,16.37,B4,E2,10
241.9472,1.8159,0.0109,0.0695,-3.3106,-0.3167,16.3658,B4,E2,10
242.2805,1.7932,0.0544,0.1961,-3.3104,-0.3167,16.3894,B4,E2,10
242.5538,1.7998,0.0091,0.2327,-3.3104,-0.3167,16.3825,B4,E2,10
242.8871,1.8185,0.0486,0.1185,-3.3106,-0.3167,16.363,B4,E2,10
243.1445,1.8364,0.0676,0.0735,-3.3108,-0.3167,16.3444,B4,E2,10
243.4181,1.8561,0.0733,0.0209,-3.3109,-0.3167,16.324,B4,E2,10
243.7515,1.8758,0.0637,0.0287,-3.3111,-0.3167,16.3035,B4,E2,10
244.0848,1.8859,0.0379,0.0773,-3.3112,-0.3167,16.293,B4,E2,10
244.2598,1.8879,0.0167,0.1213,-3.3112,-0.3167,16.291,B4,E2,10
244.5931,1.8879,0.0033,0.0402,-3.3112,-0.3167,16.291,B4,E2,10
244.7484,1.8851,0.0142,0.1129,-3.3112,-0.3167,16.2939,B4,E2,10
244.9974,1.8739,0.0402,0.1042,-3.3111,-0.3167,16.3055,B4,E2,10
245.3307,1.8498,0.0679,0.0832,-3.3109,-0.3167,16.3305,B4,E2,10
245.5836,1.8393,0.0481,0.0782,-3.3108,-0.3167,16.3414,B4,E2,10
245.8561,1.8281,0.0438,0.0159,-3.3107,-0.3167,16.353,B4,E2,10
246.1894,1.8176,0.035,0.0263,-3.3106,-0.3167,16.364,B4,E2,10
246.5228,1.763,0.1435,0.3255,-3.3101,-0.3167,16.4209,B4,E2,10
246.8561,1.7704,0.0102,0.4001,-3.3102,-0.3167,16.4131,B4,E2,10
247.1894,1.79,0.0471,0.1717,-3.3104,-0.3167,16.3927,B4,E2,10
247.3873,1.8064,0.0782,0.1574,-3.3105,-0.3167,16.3757,B4,E2,10
247.7206,1.8429,0.1068,0.0856,-3.3108,-0.3167,16.3377,B4,E2,10
247.978,1.8611,0.0802,0.1031,-3.311,-0.3167,16.3188,B4,E2,10
248.2575,1.877,0.0631,0.0612,-3.3111,-0.3167,16.3023,B4,E2,10
248.5429,1.8859,0.0386,0.0859,-3.3112,-0.3167,16.293,B4,E2,10
248.8427,1.8854,0.0062,0.1082,-3.3112,-0.3167,16.2936,B4,E2,10
249.176,1.914,0.0726,0.1991,-3.3114,-0.3167,16.2639,B4,E2,10
249.5094,1.9039,0.0107,0.2497,-3.3113,-0.3167,16.2744,B4,E2,10
249.8427,1.8767,0.0699,0.1775,-3.3111,-0.3167,16.3026,B4,E2,10
250.141,1.8573,0.0678,0.0068,-3.3109,-0.3167,16.3227,B4,E2,10
250.4744,1.8311,0.079,0.0334,-3.3107,-0.3167,16.3499,B4,E2,10
250.8027,1.8231,0.036,0.1308,-3.3106,-0.3167,16.3582,B4,E2,10
251.1015,1.8195,0.0173,0.0625,-3.3106,-0.3167,16.362,B4,E2,10
251.4348,1.8209,0.0001,0.0522,-3.3106,-0.3167,16.3606,B4,E2,10
251.7583,1.7813,0.102,0.3155,-3.3103,-0.3167,16.4018,B4,E2,10
252.0917,1.8021,0.0317,0.4013,-3.3105,-0.3167,16.3801,B4,E2,10
252.425,1.8289,0.0732,0.1245,-3.3107,-0.3167,16.3522,B4,E2,10
252.7284,1.8558,0.0882,0.0494,-3.3109,-0.3167,16.3243,B4,E2,10
253.0617,1.8811,0.0808,0.0225,-3.3111,-0.3167,16.298,B4,E2,10
253.3851,1.8954,0.0527,0.0867,-3.3113,-0.3167,16.2832,B4,E2,10
253.7185,1.8952,0.0102,0.1276,-3.3113,-0.3167,16.2834,B4,E2,10
253.972,1.8866,0.0263,0.144,-3.3112,-0.3167,16.2924,B4,E2,10
254.2868,1.8647,0.0629,0.1162,-3.311,-0.3167,16.315,B4,E2,10
254.6201,1.8964,0.0664,0.3877,-3.3113,-0.3167,16.2821,B4,E2,10
254.9534,1.8882,0.0071,0.2204,-3.3112,-0.3167,16.2906,B4,E2,10
255.2868,1.8671,0.0539,0.1405,-3.311,-0.3167,16.3125,B4,E2,10
255.5842,1.8426,0.0794,0.0856,-3.3108,-0.3167,16.338,B4,E2,10
255.9175,1.8304,0.0463,0.0993,-3.3107,-0.3167,16.3507,B4,E2,10
256.238,1.821,0.0335,0.0399,-3.3106,-0.3167,16.3604,B4,E2,10
256.5714,1.8164,0.0183,0.0455,-3.3106,-0.3167,16.3652,B4,E2,10
256.9047,1.818,0.0005,0.0563,-3.3106,-0.3167,16.3635,B4,E2,10
257.2137,1.8246,0.0178,0.056,-3.3107,-0.3167,16.3567,B4,E2,10
257.5379,1.7956,0.071,0.274,-3.3104,-0.3167,16.3869,B4,E2,10
257.8712,1.8144,0.0328,0.3116,-3.3106,-0.3167,16.3673,B4,E2,10
258.1726,1.837,0.069,0.12,-3.3108,-0.3167,16.3438,B4,E2,10
258.4814,1.8609,0.0781,0.0294,-3.311,-0.3167,16.319,B4,E2,10
258.8147,1.8811,0.066,0.0363,-3.3111,-0.3167,16.298,B4,E2,10
259.1358,1.8904,0.0372,0.0897,-3.3112,-0.3167,16.2884,B4,E2,10
259.4389,1.888,0.0009,0.1198,-3.3112,-0.3167,16.2909,B4,E2,10
259.7374,1.8753,0.0351,0.1203,-3.3111,-0.3167,16.304,B4,E2,10
260.0707,1.8518,0.0658,0.0921,-3.3109,-0.3167,16.3285,B4,E2,10
260.4041,1.8899,0.0818,0.4426,-3.3112,-0.3167,16.2889,B4,E2,10
260.7374,1.8848,0.0038,0.234,-3.3112,-0.3167,16.2942,B4,E2,10
261.0707,1.8709,0.0339,0.113,-3.3111,-0.3167,16.3086,B4,E2,10
261.376,1.8513,0.0602,0.0864,-3.3109,-0.3167,16.329,B4,E2,10
261.7093,1.8268,0.073,0.0383,-3.3107,-0.3167,16.3544,B4,E2,10
261.9968,1.8203,0.0335,0.1373,-3.3106,-0.3167,16.3612,B4,E2,10
262.2937,1.8177,0.0139,0.0661,-3.3106,-0.3167,16.3639,B4,E2,10
262.5862,1.8198,0.0031,0.058,-3.3106,-0.3167,16.3618,B4,E2,10
262.9196,1.7878,0.0791,0.2465,-3.3103,-0.3167,16.395,B4,E2,10
263.2529,1.8025,0.0209,0.2999,-3.3105,-0.3167,16.3797,B4,E2,10
263.5862,1.8272,0.0658,0.1348,-3.3107,-0.3167,16.354,B4,E2,10
263.903,1.8538,0.0829,0.0539,-3.3109,-0.3167,16.3264,B4,E2,10
264.2363,1.8781,0.0771,0.0172,-3.3111,-0.3167,16.3012,B4,E2,10
264.5512,1.892,0.0521,0.0796,-3.3112,-0.3167,16.2868,B4,E2,10
264.8846,1.8928,0.0124,0.119,-3.3112,-0.3167,16.2859,B4,E2,10
265.1866,1.8819,0.0274,0.1318,-3.3112,-0.3167,16.2972,B4,E2,10
265.52,1.9001,0.0397,0.2014,-3.3113,-0.3167,16.2784,B4,E2,10
265.8533,1.8831,0.0342,0.2219,-3.3112,-0.3167,16.2959,B4,E2,10
266.1866,1.8547,0.0777,0.1304,-3.3109,-0.3167,16.3255,B4,E2,10
266.3611,1.8431,0.0706,0.0406,-3.3108,-0.3167,16.3375,B4,E2,10
266.673,1.8217,0.0711,0.0017,-3.3106,-0.3167,16.3597,B4,E2,10
267.0063,1.8198,0.0191,0.1561,-3.3106,-0.3167,16.3617,B4,E2,10
267.3158,1.8226,0.0038,0.0741,-3.3106,-0.3167,16.3588,B4,E2,10
267.6178,1.8292,0.0189,0.05,-3.3107,-0.3167,16.3519,B4,E2,10
267.9511,1.8394,0.0291,0.0306,-3.3108,-0.3167,16.3414,B4,E2,10
268.2511,1.8091,0.0782,0.3577,-3.3105,-0.3167,16.3729,B4,E2,10
268.5642,1.8229,0.0212,0.3174,-3.3106,-0.3167,16.3585,B4,E2,10
268.8565,1.8334,0.0342,0.0444,-3.3107,-0.3167,16.3475,B4,E2,10
269.1899,1.8472,0.0411,0.0209,-3.3109,-0.3167,16.3332,B4,E2,10
269.5232,1.859,0.0377,0.0102,-3.311,-0.3167,16.3209,B4,E2,10
269.7708,1.865,0.0276,0.0408,-3.311,-0.3167,16.3147,B4,E2,10
270.0297,1.8673,0.0127,0.0579,-3.311,-0.3167,16.3124,B4,E2,10
270.308,1.8646,0.0055,0.0653,-3.311,-0.3167,16.3152,B4,E2,10
270.6286,1.8554,0.0249,0.0604,-3.3109,-0.3167,16.3247,B4,E2,10
270.9619,1.8877,0.0756,0.3015,-3.3112,-0.3167,16.2912,B4,E2,10
271.2953,1.8816,0.0003,0.2277,-3.3112,-0.3167,16.2976,B4,E2,10
271.6286,1.8643,0.0431,0.1286,-3.311,-0.3167,16.3155,B4,E2,10
271.7962,1.8539,0.0598,0.0996,-3.3109,-0.3167,16.3262,B4,E2,10
272.0696,1.8346,0.0708,0.04,-3.3107,-0.3167,16.3463,B4,E2,10
272.3904,1.8281,0.031,0.1238,-3.3107,-0.3167,16.3531,B4,E2,10
272.6954,1.8246,0.0158,0.0499,-3.3107,-0.3167,16.3568,B4,E2,10
272.9777,1.8243,0.004,0.0417,-3.3107,-0.3167,16.3571,B4,E2,10
273.2933,1.8277,0.0082,0.0389,-3.3107,-0.3167,16.3535,B4,E2,10
273.6266,1.791,0.09,0.2947,-3.3104,-0.3167,16.3917,B4,E2,10
273.9571,1.8052,0.0177,0.3258,-3.3105,-0.3167,16.3769,B4,E2,10
274.2851,1.8282,0.062,0.1352,-3.3107,-0.3167,16.353,B4,E2,10
274.6124,1.8543,0.0786,0.0506,-3.3109,-0.3167,16.3259,B4,E2,10
274.9458,1.877,0.0724,0.0185,-3.3111,-0.3167,16.3023,B4,E2,10
275.1866,1.8883,0.0534,0.0791,-3.3112,-0.3167,16.2905,B4,E2,10
275.4395,1.8927,0.0251,0.1116,-3.3112,-0.3167,16.286,B4,E2,10
275.7052,1.8884,0.0085,0.1267,-3.3112,-0.3167,16.2905,B4,E2,10
276.0386,1.87,0.0475,0.1169,-3.3111,-0.3167,16.3096,B4,E2,10
276.2856,1.8875,0.0494,0.3922,-3.3112,-0.3167,16.2914,B4,E2,10
276.619,1.8639,0.049,0.2951,-3.311,-0.3167,16.3159,B4,E2,10
276.9523,1.8596,0.0205,0.0853,-3.311,-0.3167,16.3204,B4,E2,10
277.1332,1.8557,0.0219,0.0078,-3.3109,-0.3167,16.3244,B4,E2,10
277.3686,1.8486,0.0296,0.0326,-3.3109,-0.3167,16.3318,B4,E2,10
277.6402,1.8388,0.0358,0.0228,-3.3108,-0.3167,16.3419,B4,E2,10
277.8913,1.83,0.0364,0.0025,-3.3107,-0.3167,16.3511,B4,E2,10
278.13,1.8229,0.0318,0.0195,-3.3106,-0.3167,16.3584,B4,E2,10
278.3954,1.818,0.0218,0.0376,-3.3106,-0.3167,16.3635,B4,E2,10
278.6612,1.8168,0.0081,0.0515,-3.3106,-0.3167,16.3648,B4,E2,10
278.9945,1.7892,0.0706,0.1875,-3.3104,-0.3167,16.3935,B4,E2,10
279.2312,1.7877,0.0194,0.2164,-3.3103,-0.3167,16.3951,B4,E2,10
279.5568,1.799,0.0249,0.136,-3.3104,-0.3167,16.3834,B4,E2,10
279.7874,1.8122,0.0527,0.1204,-3.3105,-0.3167,16.3696,B4,E2,10
280.0208,1.8292,0.0712,0.0793,-3.3107,-0.3167,16.3519,B4,E2,10
280.3542,1.8564,0.0821,0.0326,-3.3109,-0.3167,16.3237,B4,E2,10
280.6875,1.8792,0.0733,0.0261,-3.3111,-0.3167,16.3,B4,E2,10
280.9181,1.89,0.0535,0.0859,-3.3112,-0.3167,16.2888,B4,E2,10
281.2514,1.8693,0.0411,0.2838,-3.311,-0.3167,16.3103,B4,E2,10
281.5776,1.8568,0.04,0.0034,-3.3109,-0.3167,16.3233,B4,E2,10
281.911,1.8396,0.0509,0.0329,-3.3108,-0.3167,16.3412,B4,E2,10
282.0664,1.8316,0.053,0.0132,-3.3107,-0.3167,16.3495,B4,E2,10
282.3229,1.8197,0.049,0.0152,-3.3106,-0.3167,16.3618,B4,E2,10
282.5733,1.8112,0.0381,0.0437,-3.3105,-0.3167,16.3707,B4,E2,10
282.8927,1.8074,0.0175,0.0644,-3.3105,-0.3167,16.3746,B4,E2,10
283.1346,1.8091,0.0024,0.0822,-3.3105,-0.3167,16.3728,B4,E2,10
283.468,1.7937,0.038,0.1209,-3.3104,-0.3167,16.3888,B4,E2,10
283.7983,1.7906,0.0154,0.0681,-3.3104,-0.3167,16.3921,B4,E2,10
284.0439,1.7954,0.0133,0.1171,-3.3104,-0.3167,16.3871,B4,E2,10
284.3772,1.8139,0.0488,0.1063,-3.3106,-0.3167,16.3679,B4,E2,10
284.6209,1.8311,0.0685,0.0812,-3.3107,-0.3167,16.3499,B4,E2,10
284.8761,1.8505,0.077,0.0332,-3.3109,-0.3167,16.3298,B4,E2,10
285.2094,1.8731,0.0717,0.0159,-3.3111,-0.3167,16.3063,B4,E2,10
285.3707,1.882,0.06,0.0727,-3.3112,-0.3167,16.2971,B4,E2,10
285.6502,1.8856,0.0227,0.1335,-3.3112,-0.3167,16.2934,B4,E2,10
285.9835,1.8777,0.0152,0.1136,-3.3111,-0.3167,16.3016,B4,E2,10
286.1472,1.8713,0.0351,0.1216,-3.3111,-0.3167,16.3082,B4,E2,10
286.3965,1.857,0.0547,0.0785,-3.3109,-0.3167,16.323,B4,E2,10
286.7299,1.8334,0.0699,0.0458,-3.3107,-0.3167,16.3476,B4,E2,10
286.9837,1.8257,0.0392,0.1211,-3.3107,-0.3167,16.3556,B4,E2,10
287.2504,1.82,0.0254,0.0517,-3.3106,-0.3167,16.3615,B4,E2,10
287.5791,1.7851,0.0936,0.2075,-3.3103,-0.3167,16.3978,B4,E2,10
287.9124,1.7896,0.0075,0.2582,-3.3104,-0.3167,16.3932,B4,E2,10
288.0801,1.7952,0.0266,0.2036,-3.3104,-0.3167,16.3873,B4,E2,10
288.3212,1.8096,0.055,0.1178,-3.3105,-0.3167,16.3723,B4,E2,10
288.6505,1.8372,0.0806,0.0779,-3.3108,-0.3167,16.3437,B4,E2,10
288.9,1.8585,0.0872,0.0262,-3.311,-0.3167,16.3215,B4,E2,10
289.2333,1.8821,0.0762,0.0329,-3.3112,-0.3167,16.297,B4,E2,10
289.4719,1.8932,0.054,0.0932,-3.3113,-0.3167,16.2855,B4,E2,10
289.7267,1.8817,0.0265,0.3159,-3.3112,-0.3167,16.2974,B4,E2,10
290.0601,1.8594,0.061,0.1033,-3.311,-0.3167,16.3206,B4,E2,10
290.3067,1.8488,0.0479,0.0532,-3.3109,-0.3167,16.3316,B4,E2,10
290.6226,1.8331,0.0508,0.0093,-3.3107,-0.3167,16.3478,B4,E2,10
290.9066,1.8204,0.0475,0.0117,-3.3106,-0.3167,16.3611,B4,E2,10
291.144,1.8124,0.0375,0.042,-3.3106,-0.3167,16.3694,B4,E2,10
291.3889,1.8081,0.022,0.0634,-3.3105,-0.3167,16.3739,B4,E2,10
291.6303,1.7938,0.0537,0.1314,-3.3104,-0.3167,16.3887,B4,E2,10
291.867,1.798,0.0039,0.2432,-3.3104,-0.3167,16.3844,B4,E2,10
292.1124,1.8084,0.036,0.131,-3.3105,-0.3167,16.3736,B4,E2,10
292.4457,1.8309,0.0635,0.0824,-3.3107,-0.3167,16.3502,B4,E2,10
292.6891,1.8487,0.0734,0.0407,-3.3109,-0.3167,16.3317,B4,E2,10
292.9424,1.8658,0.071,0.0095,-3.311,-0.3167,16.3139,B4,E2,10
293.2757,1.8816,0.0533,0.053,-3.3112,-0.3167,16.2976,B4,E2,10
293.5246,1.8871,0.0291,0.0973,-3.3112,-0.3167,16.2918,B4,E2,10
293.858,1.8542,0.0761,0.3155,-3.3109,-0.3167,16.326,B4,E2,10
294.1913,1.8336,0.0667,0.0282,-3.3107,-0.3167,16.3474,B4,E2,10
294.3614,1.8235,0.0626,0.0239,-3.3106,-0.3167,16.3579,B4,E2,10
294.6169,1.8109,0.0534,0.0362,-3.3105,-0.3167,16.3709,B4,E2,10
294.8707,1.803,0.0368,0.0654,-3.3105,-0.3167,16.3792,B4,E2,10
295.1239,1.8007,0.0147,0.0871,-3.3105,-0.3167,16.3815,B4,E2,10
295.4572,1.8083,0.0159,0.0918,-3.3105,-0.3167,16.3737,B4,E2,10
295.7725,1.823,0.042,0.0828,-3.3106,-0.3167,16.3584,B4,E2,10
296.1058,1.7996,0.05,0.2758,-3.3104,-0.3167,16.3827,B4,E2,10
296.4268,1.8225,0.0495,0.3099,-3.3106,-0.3167,16.3589,B4,E2,10
296.69,1.8443,0.0786,0.1104,-3.3108,-0.3167,16.3363,B4,E2,10
296.977,1.8671,0.0819,0.0117,-3.311,-0.3167,16.3125,B4,E2,10
297.2482,1.884,0.0679,0.0516,-3.3112,-0.3167,16.2951,B4,E2,10
297.5046,1.8929,0.0426,0.0988,-3.3112,-0.3167,16.2858,B4,E2,10
297.783,1.8928,0.0081,0.1241,-3.3112,-0.3167,16.2859,B4,E2,10
298.0433,1.884,0.0263,0.1321,-3.3112,-0.3167,16.295,B4,E2,10
298.3766,1.861,0.0625,0.1085,-3.311,-0.3167,16.3189,B4,E2,10
298.7099,1.8971,0.0772,0.4191,-3.3113,-0.3167,16.2815,B4,E2,10
298.8793,1.9166,0.111,0.1999,-3.3115,-0.3167,16.2612,B4,E2,10
299.2126,1.9188,0.0278,0.2497,-3.3115,-0.3167,16.2589,B4,E2,10
299.4632,1.9086,0.0283,0.2241,-3.3114,-0.3167,16.2695,B4,E2,10
299.7169,1.8876,0.0743,0.1812,-3.3112,-0.3167,16.2913,B4,E2,10
299.9665,1.8688,0.0773,0.0121,-3.311,-0.3167,16.3108,B4,E2,10
300.2175,1.8546,0.0623,0.0598,-3.3109,-0.3167,16.3255,B4,E2,10
300.5508,1.8319,0.0691,0.0202,-3.3107,-0.3167,16.3491,B4,E2,10
300.7952,1.8251,0.0372,0.1304,-3.3107,-0.3167,16.3562,B4,E2,10
301.1285,1.8465,0.0461,0.2499,-3.3108,-0.3167,16.3339,B4,E2,10
301.4619,1.8663,0.0584,0.0369,-3.311,-0.3167,16.3134,B4,E2,10
301.7952,1.879,0.0434,0.0451,-3.3111,-0.3167,16.3002,B4,E2,10
301.963,1.8828,0.0273,0.0959,-3.3112,-0.3167,16.2963,B4,E2,10
302.2354,1.8812,0.0008,0.0973,-3.3111,-0.3167,16.2979,B4,E2,10
302.5103,1.8722,0.0272,0.1017,-3.3111,-0.3167,16.3073,B4,E2,10
302.8436,1.8526,0.0542,0.081,-3.3109,-0.3167,16.3276,B4,E2,10
303.0845,1.8367,0.0657,0.0476,-3.3108,-0.3167,16.3441,B4,E2,10
303.3592,1.8473,0.0188,0.3075,-3.3109,-0.3167,16.3332,B4,E2,10
303.6925,1.8565,0.0268,0.0239,-3.3109,-0.3167,16.3236,B4,E2,10
304.0259,1.8613,0.0174,0.0282,-3.311,-0.3167,16.3186,B4,E2,10
304.3592,1.8604,0.0013,0.0482,-3.311,-0.3167,16.3195,B4,E2,10
304.6237,1.8563,0.0127,0.053,-3.3109,-0.3167,16.3238,B4,E2,10
304.957,1.8467,0.0264,0.041,-3.3108,-0.3167,16.3337,B4,E2,10
305.2202,1.8381,0.0327,0.0238,-3.3108,-0.3167,16.3427,B4,E2,10
305.5535,1.8591,0.046,0.2359,-3.311,-0.3167,16.3209,B4,E2,10
305.8868,1.8698,0.0357,0.0307,-3.311,-0.3167,16.3098,B4,E2,10
306.2202,1.8725,0.0139,0.0656,-3.3111,-0.3167,16.307,B4,E2,10
306.4718,1.8695,0.0068,0.0823,-3.311,-0.3167,16.31,B4,E2,10
306.7332,1.8617,0.0264,0.0749,-3.311,-0.3167,16.3182,B4,E2,10
307.0665,1.8458,0.0448,0.055,-3.3108,-0.3167,16.3347,B4,E2,10
307.3387,1.8319,0.0516,0.0251,-3.3107,-0.3167,16.3492,B4,E2,10
307.672,1.8169,0.0475,0.0122,-3.3106,-0.3167,16.3647,B4,E2,10
307.945,1.8421,0.0673,0.4204,-3.3108,-0.3167,16.3385,B4,E2,10
308.2784,1.8377,0.0023,0.1949,-3.3108,-0.3167,16.3431,B4,E2,10
308.6117,1.8438,0.0157,0.0401,-3.3108,-0.3167,16.3368,B4,E2,10
308.945,1.8489,0.0158,0.0005,-3.3109,-0.3167,16.3315,B4,E2,10
309.1206,1.8509,0.0128,0.0176,-3.3109,-0.3167,16.3294,B4,E2,10
309.3925,1.8521,0.0062,0.0241,-3.3109,-0.3167,16.3281,B4,E2,10
309.65,1.8513,0.0013,0.0292,-3.3109,-0.3167,16.329,B4,E2,10
309.9833,1.8472,0.0104,0.0271,-3.3109,-0.3167,16.3332,B4,E2,10
310.3167,1.8413,0.017,0.0199,-3.3108,-0.3167,16.3394,B4,E2,10
310.568,1.8087,0.1113,0.3751,-3.3105,-0.3167,16.3733,B4,E2,10
310.9013,1.8226,0.0125,0.3713,-3.3106,-0.3167,16.3588,B4,E2,10
311.2346,1.8307,0.0227,0.0306,-3.3107,-0.3167,16.3504,B4,E2,10
311.4799,1.838,0.0293,0.0269,-3.3108,-0.3167,16.3428,B4,E2,10
311.8133,1.8485,0.032,0.0079,-3.3109,-0.3167,16.3319,B4,E2,10
312.0643,1.8551,0.0282,0.0148,-3.3109,-0.3167,16.325,B4,E2,10
312.3246,1.8595,0.0196,0.033,-3.311,-0.3167,16.3205,B4,E2,10
312.5565,1.8609,0.0089,0.0463,-3.311,-0.3167,16.319,B4,E2,10
312.8898,1.8573,0.0072,0.0482,-3.3109,-0.3167,16.3228,B4,E2,10
313.1344,1.8257,0.1086,0.4148,-3.3107,-0.3167,16.3556,B4,E2,10
313.3863,1.8085,0.0785,0.1197,-3.3105,-0.3167,16.3734,B4,E2,10
313.7031,1.8241,0.0252,0.3272,-3.3107,-0.3167,16.3572,B4,E2,10
313.9503,1.8386,0.0537,0.1156,-3.3108,-0.3167,16.3422,B4,E2,10
314.2836,1.8585,0.0604,0.02,-3.311,-0.3167,16.3215,B4,E2,10
314.6169,1.8735,0.0494,0.033,-3.3111,-0.3167,16.3059,B4,E2,10
314.872,1.8797,0.0302,0.0755,-3.3111,-0.3167,16.2995,B4,E2,10
315.2053,1.8772,0.0002,0.091,-3.3111,-0.3167,16.3021,B4,E2,10
315.5386,1.8648,0.031,0.0926,-3.311,-0.3167,16.315,B4,E2,10
315.7044,1.8691,0.0154,0.2804,-3.311,-0.3167,16.3105,B4,E2,10
316.0303,1.8322,0.091,0.3267,-3.3107,-0.3167,16.3488,B4,E2,10
316.274,1.8209,0.0567,0.1409,-3.3106,-0.3167,16.3606,B4,E2,10
316.5474,1.8117,0.0394,0.0633,-3.3105,-0.3167,16.3702,B4,E2,10
316.808,1.8075,0.0212,0.0699,-3.3105,-0.3167,16.3745,B4,E2,10
317.0705,1.8087,0.0005,0.0788,-3.3105,-0.3167,16.3733,B4,E2,10
317.4038,1.8186,0.0245,0.075,-3.3106,-0.3167,16.363,B4,E2,10
317.7371,1.8341,0.0438,0.0579,-3.3107,-0.3167,16.3468,B4,E2,10
317.9963,1.8472,0.0507,0.0266,-3.3109,-0.3167,16.3332,B4,E2,10
318.2419,1.8586,0.0485,0.0088,-3.311,-0.3167,16.3214,B4,E2,10
318.5753,1.8422,0.031,0.2387,-3.3108,-0.3167,16.3384,B4,E2,10
318.9086,1.8253,0.0484,0.0522,-3.3107,-0.3167,16.356,B4,E2,10
319.2419,1.8123,0.0421,0.0189,-3.3106,-0.3167,16.3695,B4,E2,10
319.408,1.8077,0.0317,0.063,-3.3105,-0.3167,16.3743,B4,E2,10
319.6647,1.8056,0.013,0.0728,-3.3105,-0.3167,16.3765,B4,E2,10
319.998,1.8121,0.0137,0.0799,-3.3105,-0.3167,16.3697,B4,E2,10
320.2553,1.8216,0.0333,0.0764,-3.3106,-0.3167,16.3598,B4,E2,10
320.5235,1.8346,0.0471,0.0515,-3.3107,-0.3167,16.3463,B4,E2,10
320.7989,1.8271,0.0133,0.2193,-3.3107,-0.3167,16.3541,B4,E2,10
321.0973,1.8302,0.006,0.0647,-3.3107,-0.3167,16.3509,B4,E2,10
321.4306,1.8363,0.0164,0.0311,-3.3108,-0.3167,16.3445,B4,E2,10
321.5928,1.8395,0.0197,0.0202,-3.3108,-0.3167,16.3412,B4,E2,10
321.8501,1.8447,0.0206,0.0035,-3.3108,-0.3167,16.3359,B4,E2,10
322.1834,1.8501,0.0176,0.0088,-3.3109,-0.3167,16.3302,B4,E2,10
322.4486,1.8527,0.0117,0.0224,-3.3109,-0.3167,16.3275,B4,E2,10
322.7012,1.8532,0.0041,0.0301,-3.3109,-0.3167,16.327,B4,E2,10
322.9602,1.8343,0.0599,0.247,-3.3107,-0.3167,16.3466,B4,E2,10
323.2884,1.8345,0.0115,0.1476,-3.3107,-0.3167,16.3464,B4,E2,10
323.6218,1.8362,0.0019,0.04,-3.3108,-0.3167,16.3447,B4,E2,10
323.8582,1.8379,0.0063,0.0189,-3.3108,-0.3167,16.3429,B4,E2,10
324.0924,1.8399,0.0082,0.008,-3.3108,-0.3167,16.3409,B4,E2,10
324.4257,1.8427,0.0087,0.0014,-3.3108,-0.3167,16.3379,B4,E2,10
324.6662,1.8444,0.0075,0.005,-3.3108,-0.3167,16.3362,B4,E2,10
324.9139,1.8454,0.0051,0.0097,-3.3108,-0.3167,16.3351,B4,E2,10
325.2473,1.8172,0.0694,0.2236,-3.3106,-0.3167,16.3644,B4,E2,10
325.4838,1.8086,0.0441,0.1071,-3.3105,-0.3167,16.3734,B4,E2,10
325.8171,1.8049,0.0181,0.078,-3.3105,-0.3167,16.3772,B4,E2,10
326.0518,1.8069,0.0036,0.0924,-3.3105,-0.3167,16.3751,B4,E2,10
326.3134,1.8146,0.0252,0.0827,-3.3106,-0.3167,16.3671,B4,E2,10
326.5816,1.8269,0.0432,0.0669,-3.3107,-0.3167,16.3543,B4,E2,10
326.8382,1.8407,0.0535,0.0401,-3.3108,-0.3167,16.3399,B4,E2,10
327.1715,1.8585,0.055,0.0047,-3.311,-0.3167,16.3215,B4,E2,10
327.4272,1.8401,0.0489,0.4064,-3.3108,-0.3167,16.3406,B4,E2,10
327.7606,1.8673,0.0579,0.3204,-3.311,-0.3167,16.3124,B4,E2,10
328.0939,1.8765,0.0347,0.0697,-3.3111,-0.3167,16.3028,B4,E2,10
328.2499,1.8787,0.0187,0.1028,-3.3111,-0.3167,16.3005,B4,E2,10
328.5032,1.8763,0.0042,0.0901,-3.3111,-0.3167,16.303,B4,E2,10
328.7663,1.8678,0.0278,0.09,-3.311,-0.3167,16.3119,B4,E2,10
329.0223,1.8551,0.0468,0.074,-3.3109,-0.3167,16.3251,B4,E2,10
329.3513,1.8348,0.0605,0.0416,-3.3107,-0.3167,16.3461,B4,E2,10
329.5879,1.821,0.0608,0.0012,-3.3106,-0.3167,16.3605,B4,E2,10
329.8277,1.8308,0.0219,0.3447,-3.3107,-0.3167,16.3503,B4,E2,10
330.161,1.8426,0.0339,0.0359,-3.3108,-0.3167,16.338,B4,E2,10
330.4944,1.8538,0.0345,0.0019,-3.3109,-0.3167,16.3264,B4,E2,10
330.7365,1.8599,0.028,0.027,-3.311,-0.3167,16.32,B4,E2,10
331.0698,1.863,0.0134,0.0437,-3.311,-0.3167,16.3168,B4,E2,10
331.3023,1.8622,0.0002,0.0586,-3.311,-0.3167,16.3176,B4,E2,10
331.6357,1.8551,0.0178,0.0526,-3.3109,-0.3167,16.325,B4,E2,10
331.969,1.894,0.0933,0.3331,-3.3113,-0.3167,16.2847,B4,E2,10
332.3023,1.8869,0.0011,0.2766,-3.3112,-0.3167,16.292,B4,E2,10
332.4542,1.8822,0.0254,0.1745,-3.3112,-0.3167,16.2969,B4,E2,10
332.7,1.8685,0.0514,0.1059,-3.311,-0.3167,16.3111,B4,E2,10
332.9447,1.8507,0.0706,0.0782,-3.3109,-0.3167,16.3295,B4,E2,10
333.1916,1.8401,0.0501,0.0828,-3.3108,-0.3167,16.3407,B4,E2,10
333.4631,1.8283,0.0461,0.0149,-3.3107,-0.3167,16.3529,B4,E2,10
333.724,1.8189,0.0391,0.0265,-3.3106,-0.3167,16.3626,B4,E2,10
333.9707,1.8131,0.0273,0.0478,-3.3106,-0.3167,16.3687,B4,E2,10
334.304,1.8125,0.0071,0.0609,-3.3106,-0.3167,16.3693,B4,E2,10
334.6374,1.7707,0.1059,0.2964,-3.3102,-0.3167,16.4129,B4,E2,10
334.7867,1.7533,0.1184,0.0839,-3.31,-0.3167,16.431,B4,E2,10
335.0217,1.7539,0.0214,0.4126,-3.31,-0.3167,16.4303,B4,E2,10
335.355,1.7777,0.0553,0.2302,-3.3103,-0.3167,16.4055,B4,E2,10
335.5963,1.8037,0.1006,0.1876,-3.3105,-0.3167,16.3785,B4,E2,10
335.8273,1.8255,0.0987,0.0079,-3.3107,-0.3167,16.3558,B4,E2,10
336.0751,1.8511,0.1055,0.0274,-3.3109,-0.3167,16.3292,B4,E2,10
336.2996,1.8729,0.102,0.0159,-3.3111,-0.3167,16.3065,B4,E2,10
336.6329,1.8966,0.0794,0.0677,-3.3113,-0.3167,16.282,B4,E2,10
336.8003,1.9047,0.056,0.14,-3.3114,-0.3167,16.2736,B4,E2,10
337.1336,1.8966,0.0089,0.1946,-3.3113,-0.3167,16.2819,B4,E2,10
337.4669,1.8734,0.0596,0.152,-3.3111,-0.3167,16.306,B4,E2,10
337.717,1.86,0.0564,0.0126,-3.311,-0.3167,16.3199,B4,E2,10
338.0504,1.8368,0.0691,0.038,-3.3108,-0.3167,16.344,B4,E2,10
338.3016,1.8289,0.0399,0.1161,-3.3107,-0.3167,16.3522,B4,E2,10
338.6349,1.8214,0.0267,0.0397,-3.3106,-0.3167,16.36,B4,E2,10
338.9683,1.8189,0.0117,0.0451,-3.3106,-0.3167,16.3627,B4,E2,10
339.1272,1.8075,0.0621,0.3172,-3.3105,-0.3167,16.3745,B4,E2,10
339.4562,1.8427,0.0766,0.4216,-3.3108,-0.3167,16.3379,B4,E2,10
339.7704,1.8574,0.0542,0.0713,-3.3109,-0.3167,16.3227,B4,E2,10
340.0048,1.866,0.0416,0.0538,-3.311,-0.3167,16.3137,B4,E2,10
340.2672,1.8714,0.0254,0.0617,-3.3111,-0.3167,16.3081,B4,E2,10
340.525,1.8717,0.0059,0.0755,-3.3111,-0.3167,16.3078,B4,E2,10
340.771,1.8673,0.0135,0.0792,-3.311,-0.3167,16.3123,B4,E2,10
341.0167,1.859,0.0309,0.0706,-3.311,-0.3167,16.321,B4,E2,10
341.3501,1.8426,0.047,0.0484,-3.3108,-0.3167,16.338,B4,E2,10
341.6714,1.8262,0.0519,0.0153,-3.3107,-0.3167,16.3551,B4,E2,10
342.0047,1.8746,0.1102,0.4864,-3.3111,-0.3167,16.3048,B4,E2,10
342.1715,1.9018,0.1575,0.2835,-3.3113,-0.3167,16.2766,B4,E2,10
342.5049,1.9123,0.0575,0.3001,-3.3114,-0.3167,16.2657,B4,E2,10
342.7444,1.9098,0.0028,0.228,-3.3114,-0.3167,16.2683,B4,E2,10
342.9889,1.8971,0.0422,0.1841,-3.3113,-0.3167,16.2814,B4,E2,10
343.2425,1.8752,0.0801,0.1495,-3.3111,-0.3167,16.3041,B4,E2,10
343.4955,1.8572,0.0752,0.0194,-3.3109,-0.3167,16.3228,B4,E2,10
343.7306,1.8462,0.0541,0.0896,-3.3108,-0.3167,16.3343,B4,E2,10
344.0639,1.8288,0.054,0.0003,-3.3107,-0.3167,16.3523,B4,E2,10
344.3159,1.8175,0.0484,0.0224,-3.3106,-0.3167,16.3641,B4,E2,10
344.6493,1.8371,0.0393,0.263,-3.3108,-0.3167,16.3437,B4,E2,10
344.9826,1.8561,0.0552,0.0477,-3.3109,-0.3167,16.324,B4,E2,10
345.2225,1.8675,0.0507,0.0188,-3.311,-0.3167,16.3121,B4,E2,10
345.494,1.8756,0.0349,0.0583,-3.3111,-0.3167,16.3037,B4,E2,10
345.7602,1.8775,0.0127,0.0831,-3.3111,-0.3167,16.3018,B4,E2,10
346.0373,1.8724,0.0124,0.0908,-3.3111,-0.3167,16.307,B4,E2,10
346.3187,1.8612,0.0357,0.0828,-3.311,-0.3167,16.3187,B4,E2,10
346.6489,1.8424,0.0544,0.0564,-3.3108,-0.3167,16.3382,B4,E2,10
346.9822,1.8869,0.1,0.463,-3.3112,-0.3167,16.292,B4,E2,10
347.1532,1.912,0.1418,0.2448,-3.3114,-0.3167,16.266,B4,E2,10
347.4865,1.9108,0.0254,0.3492,-3.3114,-0.3167,16.2672,B4,E2,10
347.8199,1.8907,0.0451,0.2115,-3.3112,-0.3167,16.2881,B4,E2,10
348.0827,1.8664,0.0857,0.1547,-3.311,-0.3167,16.3133,B4,E2,10
348.416,1.8446,0.0715,0.0426,-3.3108,-0.3167,16.3359,B4,E2,10
348.6646,1.8276,0.071,0.0023,-3.3107,-0.3167,16.3535,B4,E2,10
348.953,1.8225,0.0292,0.1449,-3.3106,-0.3167,16.3589,B4,E2,10
349.1891,1.8206,0.0125,0.0705,-3.3106,-0.3167,16.3609,B4,E2,10
349.5224,1.7983,0.058,0.1366,-3.3104,-0.3167,16.3841,B4,E2,10
349.8557,1.8032,0.0006,0.1759,-3.3105,-0.3167,16.379,B4,E2,10
350.1891,1.8179,0.0368,0.1088,-3.3106,-0.3167,16.3637,B4,E2,10
350.3497,1.8264,0.0512,0.0892,-3.3107,-0.3167,16.3549,B4,E2,10
350.6209,1.8431,0.0614,0.0378,-3.3108,-0.3167,16.3375,B4,E2,10
350.8905,1.8591,0.0618,0.0015,-3.311,-0.3167,16.3208,B4,E2,10
351.2239,1.8739,0.0492,0.038,-3.3111,-0.3167,16.3055,B4,E2,10
351.4771,1.8518,0.0627,0.4416,-3.3109,-0.3167,16.3284,B4,E2,10
351.8105,1.8698,0.0323,0.2848,-3.311,-0.3167,16.3098,B4,E2,10
352.1438,1.8706,0.0086,0.0711,-3.3111,-0.3167,16.3089,B4,E2,10
352.397,1.8665,0.0117,0.08,-3.311,-0.3167,16.3131,B4,E2,10
352.6678,1.8575,0.0301,0.068,-3.3109,-0.3167,16.3225,B4,E2,10
352.9317,1.8457,0.043,0.0489,-3.3108,-0.3167,16.3347,B4,E2,10
353.1795,1.8339,0.0484,0.0219,-3.3107,-0.3167,16.3471,B4,E2,10
353.4322,1.8227,0.0464,0.008,-3.3106,-0.3167,16.3587,B4,E2,10
353.6887,1.8141,0.0372,0.0361,-3.3106,-0.3167,16.3676,B4,E2,10
353.9587,1.8293,0.0395,0.284,-3.3107,-0.3167,16.3518,B4,E2,10
354.2852,1.8423,0.0409,0.0042,-3.3108,-0.3167,16.3383,B4,E2,10
354.6185,1.8549,0.0396,0.0038,-3.3109,-0.3167,16.3252,B4,E2,10
354.7784,1.8601,0.0346,0.0314,-3.311,-0.3167,16.3199,B4,E2,10
355.0175,1.865,0.024,0.0443,-3.311,-0.3167,16.3148,B4,E2,10
355.2392,1.8666,0.0108,0.0595,-3.311,-0.3167,16.3131,B4,E2,10
355.4782,1.8647,0.0045,0.0642,-3.311,-0.3167,16.3151,B4,E2,10
355.7094,1.8596,0.019,0.0626,-3.311,-0.3167,16.3203,B4,E2,10
355.9459,1.8518,0.0312,0.0515,-3.3109,-0.3167,16.3284,B4,E2,10
356.2792,1.863,0.0216,0.1584,-3.311,-0.3167,16.3168,B4,E2,10
356.6125,1.8681,0.0169,0.0144,-3.311,-0.3167,16.3116,B4,E2,10
356.7772,1.8687,0.0067,0.0619,-3.311,-0.3167,16.3109,B4,E2,10
357.1105,1.8623,0.0145,0.0635,-3.311,-0.3167,16.3175,B4,E2,10
357.4438,1.85,0.0336,0.0574,-3.3109,-0.3167,16.3303,B4,E2,10
357.6924,1.8393,0.0424,0.0354,-3.3108,-0.3167,16.3414,B4,E2,10
358.0258,1.8252,0.0438,0.004,-3.3107,-0.3167,16.3561,B4,E2,10
358.3591,1.815,0.0342,0.0288,-3.3106,-0.3167,16.3667,B4,E2,10
358.519,1.8006,0.082,0.2991,-3.3104,-0.3167,16.3817,B4,E2,10
358.8524,1.8355,0.0709,0.4586,-3.3108,-0.3167,16.3453,B4,E2,10
359.1857,1.8552,0.0632,0.0231,-3.3109,-0.3167,16.3249,B4,E2,10
359.3405,1.8634,0.0569,0.0402,-3.311,-0.3167,16.3164,B4,E2,10
359.6021,1.8735,0.0434,0.0516,-3.3111,-0.3167,16.3059,B4,E2,10
359.8652,1.8781,0.0231,0.0773,-3.3111,-0.3167,16.3011,B4,E2,10
360.1041,1.877,0.0008,0.0932,-3.3111,-0.3167,16.3023,B4,E2,10
360.3518,1.8704,0.022,0.092,-3.3111,-0.3167,16.3091,B4,E2,10
360.6852,1.8534,0.0468,0.0745,-3.3109,-0.3167,16.3268,B4,E2,10
360.9459,1.8777,0.0681,0.4405,-3.3111,-0.3167,16.3015,B4,E2,10
361.2621,1.8713,0.0033,0.2256,-3.3111,-0.3167,16.3082,B4,E2,10
361.5757,1.8669,0.0123,0.029,-3.311,-0.3167,16.3128,B4,E2,10
361.8206,1.8595,0.0273,0.0612,-3.311,-0.3167,16.3204,B4,E2,10
362.073,1.849,0.0402,0.0509,-3.3109,-0.3167,16.3314,B4,E2,10
362.3186,1.8374,0.0472,0.0285,-3.3108,-0.3167,16.3434,B4,E2,10
362.6519,1.8224,0.0469,0.0009,-3.3106,-0.3167,16.359,B4,E2,10
362.8932,1.814,0.0383,0.0354,-3.3106,-0.3167,16.3677,B4,E2,10
363.2187,1.8093,0.0197,0.0571,-3.3105,-0.3167,16.3726,B4,E2,10
363.4786,1.7822,0.0908,0.2735,-3.3103,-0.3167,16.4008,B4,E2,10
363.7948,1.8054,0.0429,0.423,-3.3105,-0.3167,16.3767,B4,E2,10
364.1136,1.831,0.0755,0.102,-3.3107,-0.3167,16.35,B4,E2,10
364.3425,1.8506,0.086,0.0463,-3.3109,-0.3167,16.3297,B4,E2,10
364.6758,1.8762,0.0811,0.0147,-3.3111,-0.3167,16.3031,B4,E2,10
364.9184,1.8898,0.0626,0.0763,-3.3112,-0.3167,16.289,B4,E2,10
365.2517,1.8951,0.0258,0.1106,-3.3113,-0.3167,16.2835,B4,E2,10
365.5079,1.8905,0.0099,0.139,-3.3112,-0.3167,16.2883,B4,E2,10
365.7975,1.875,0.0462,0.1255,-3.3111,-0.3167,16.3043,B4,E2,10
366.0781,1.8923,0.0417,0.3133,-3.3112,-0.3167,16.2864,B4,E2,10
366.4115,1.8798,0.0227,0.1935,-3.3111,-0.3167,16.2994,B4,E2,10
366.7232,1.8588,0.0604,0.1208,-3.311,-0.3167,16.3212,B4,E2,10
366.9843,1.8382,0.0778,0.0664,-3.3108,-0.3167,16.3426,B4,E2,10
367.3177,1.8284,0.0401,0.113,-3.3107,-0.3167,16.3528,B4,E2,10
367.5683,1.8227,0.0267,0.0534,-3.3106,-0.3167,16.3587,B4,E2,10
367.8194,1.8197,0.0154,0.0452,-3.3106,-0.3167,16.3618,B4,E2,10
368.0677,1.8197,0.003,0.0497,-3.3106,-0.3167,16.3618,B4,E2,10
368.396,1.825,0.0128,0.0481,-3.3107,-0.3167,16.3563,B4,E2,10
368.7262,1.7877,0.0916,0.316,-3.3103,-0.3167,16.3952,B4,E2,10
369.034,1.7997,0.0142,0.3438,-3.3104,-0.3167,16.3826,B4,E2,10
369.3673,1.8202,0.0541,0.1197,-3.3106,-0.3167,16.3613,B4,E2,10
369.6248,1.8392,0.0723,0.0704,-3.3108,-0.3167,16.3415,B4,E2,10
369.8733,1.8577,0.0763,0.0161,-3.3109,-0.3167,16.3223,B4,E2,10
370.1038,1.8726,0.0689,0.0319,-3.3111,-0.3167,16.3068,B4,E2,10
370.3472,1.8837,0.0516,0.0712,-3.3112,-0.3167,16.2953,B4,E2,10
370.5945,1.8885,0.0265,0.1014,-3.3112,-0.3167,16.2903,B4,E2,10
370.8291,1.8867,0.0013,0.1184,-3.3112,-0.3167,16.2922,B4,E2,10
371.0719,1.8781,0.0295,0.1162,-3.3111,-0.3167,16.3011,B4,E2,10
371.4052,1.8836,0.0078,0.112,-3.3112,-0.3167,16.2954,B4,E2,10
371.6525,1.8813,0.0063,0.0571,-3.3111,-0.3167,16.2978,B4,E2,10
371.9147,1.872,0.0307,0.0934,-3.3111,-0.3167,16.3075,B4,E2,10
372.1765,1.8574,0.0524,0.0826,-3.3109,-0.3167,16.3226,B4,E2,10
372.5098,1.8342,0.0683,0.0477,-3.3107,-0.3167,16.3467,B4,E2,10
372.7441,1.8266,0.0407,0.1178,-3.3107,-0.3167,16.3546,B4,E2,10
373.0774,1.8194,0.0263,0.0433,-3.3106,-0.3167,16.3622,B4,E2,10
373.3399,1.8171,0.0125,0.0523,-3.3106,-0.3167,16.3646,B4,E2,10
373.6733,1.7884,0.0742,0.1849,-3.3103,-0.3167,16.3944,B4,E2,10
373.831,1.7803,0.0574,0.1065,-3.3103,-0.3167,16.4028,B4,E2,10
374.1538,1.7788,0.0155,0.1297,-3.3103,-0.3167,16.4044,B4,E2,10
374.4872,1.7935,0.0337,0.1476,-3.3104,-0.3167,16.3891,B4,E2,10
374.6409,1.8029,0.0578,0.1569,-3.3105,-0.3167,16.3793,B4,E2,10
374.8904,1.8238,0.0811,0.0933,-3.3106,-0.3167,16.3576,B4,E2,10
375.1412,1.8472,0.0939,0.0509,-3.3109,-0.3167,16.3332,B4,E2,10
375.3902,1.8694,0.0929,0.0041,-3.311,-0.3167,16.3102,B4,E2,10
375.6417,1.8874,0.0779,0.0593,-3.3112,-0.3167,16.2915,B4,E2,10
375.975,1.8699,0.0279,0.3176,-3.311,-0.3167,16.3097,B4,E2,10
376.3083,1.8617,0.0261,0.0056,-3.311,-0.3167,16.3182,B4,E2,10
376.6417,1.8477,0.0401,0.0422,-3.3109,-0.3167,16.3328,B4,E2,10
376.8397,1.8386,0.046,0.0295,-3.3108,-0.3167,16.3421,B4,E2,10
377.1051,1.8267,0.0464,0.0017,-3.3107,-0.3167,16.3545,B4,E2,10
377.4384,1.8154,0.0377,0.0263,-3.3106,-0.3167,16.3663,B4,E2,10
377.7718,1.8106,0.0195,0.0545,-3.3105,-0.3167,16.3713,B4,E2,10
377.945,1.8102,0.0057,0.0799,-3.3105,-0.3167,16.3717,B4,E2,10
378.251,1.8087,0.0053,0.0011,-3.3105,-0.3167,16.3733,B4,E2,10
378.5844,1.8153,0.0156,0.0629,-3.3106,-0.3167,16.3663,B4,E2,10
378.9177,1.8286,0.0363,0.0619,-3.3107,-0.3167,16.3525,B4,E2,10
379.1651,1.8401,0.046,0.0394,-3.3108,-0.3167,16.3406,B4,E2,10
379.4123,1.8517,0.0479,0.0076,-3.3109,-0.3167,16.3286,B4,E2,10
379.6721,1.8619,0.0422,0.0218,-3.311,-0.3167,16.318,B4,E2,10
380.0055,1.8691,0.0265,0.0471,-3.311,-0.3167,16.3105,B4,E2,10
380.3388,1.8181,0.122,0.4455,-3.3106,-0.3167,16.3635,B4,E2,10
380.5128,1.7907,0.1552,0.1906,-3.3104,-0.3167,16.392,B4,E2,10
380.8462,1.7861,0.0427,0.3373,-3.3103,-0.3167,16.3968,B4,E2,10
381.0759,1.7897,0.0045,0.2058,-3.3104,-0.3167,16.3931,B4,E2,10
381.4051,1.8079,0.0471,0.1293,-3.3105,-0.3167,16.3741,B4,E2,10
381.6461,1.8258,0.0711,0.0993,-3.3107,-0.3167,16.3555,B4,E2,10
381.8924,1.8461,0.0828,0.0478,-3.3108,-0.3167,16.3344,B4,E2,10
382.2257,1.872,0.0811,0.0051,-3.3111,-0.3167,16.3075,B4,E2,10
382.5591,1.8894,0.0595,0.0649,-3.3112,-0.3167,16.2894,B4,E2,10
382.8711,1.8511,0.09,0.4789,-3.3109,-0.3167,16.3292,B4,E2,10
383.1808,1.845,0.0343,0.1797,-3.3108,-0.3167,16.3355,B4,E2,10
383.5141,1.8442,0.0088,0.0766,-3.3108,-0.3167,16.3363,B4,E2,10
383.8466,1.8423,0.0065,0.0069,-3.3108,-0.3167,16.3383,B4,E2,10
384.1799,1.8398,0.0076,0.0033,-3.3108,-0.3167,16.3409,B4,E2,10
384.3444,1.8386,0.0078,0.0009,-3.3108,-0.3167,16.3422,B4,E2,10
384.5926,1.8369,0.0071,0.0027,-3.3108,-0.3167,16.3439,B4,E2,10
384.9259,1.8355,0.0049,0.0065,-3.3108,-0.3167,16.3454,B4,E2,10
385.2593,1.8353,0.0015,0.0102,-3.3108,-0.3167,16.3456,B4,E2,10
385.5926,1.787,0.121,0.3584,-3.3103,-0.3167,16.3958,B4,E2,10
385.7639,1.7639,0.1365,0.0907,-3.3101,-0.3167,16.4199,B4,E2,10
386.0854,1.77,0.0116,0.3887,-3.3102,-0.3167,16.4136,B4,E2,10
386.3416,1.7858,0.0493,0.2375,-3.3103,-0.3167,16.3971,B4,E2,10
386.6747,1.8209,0.0974,0.1444,-3.3106,-0.3167,16.3606,B4,E2,10
386.9238,1.8499,0.1165,0.0767,-3.3109,-0.3167,16.3304,B4,E2,10
387.1776,1.8688,0.085,0.1241,-3.311,-0.3167,16.3108,B4,E2,10
387.4229,1.8828,0.0646,0.0831,-3.3112,-0.3167,16.2962,B4,E2,10
387.6629,1.8907,0.04,0.1025,-3.3112,-0.3167,16.2881,B4,E2,10
387.9919,1.8631,0.0616,0.3086,-3.311,-0.3167,16.3167,B4,E2,10
388.3253,1.845,0.0573,0.0127,-3.3108,-0.3167,16.3355,B4,E2,10
388.6586,1.8256,0.0598,0.0075,-3.3107,-0.3167,16.3556,B4,E2,10
388.8161,1.8173,0.0558,0.0255,-3.3106,-0.3167,16.3643,B4,E2,10
389.0819,1.8072,0.043,0.0483,-3.3105,-0.3167,16.3748,B4,E2,10
389.3326,1.8025,0.024,0.0759,-3.3105,-0.3167,16.3797,B4,E2,10
389.5764,1.8034,0.0019,0.0905,-3.3105,-0.3167,16.3788,B4,E2,10
389.9098,1.7883,0.038,0.1083,-3.3103,-0.3167,16.3944,B4,E2,10
390.2431,1.7871,0.0108,0.0816,-3.3103,-0.3167,16.3958,B4,E2,10
390.4845,1.7935,0.0202,0.1284,-3.3104,-0.3167,16.389,B4,E2,10
390.8179,1.8149,0.0573,0.1114,-3.3106,-0.3167,16.3668,B4,E2,10
391.0724,1.8351,0.0775,0.0793,-3.3107,-0.3167,16.3458,B4,E2,10
391.4057,1.8629,0.0848,0.0219,-3.311,-0.3167,16.3169,B4,E2,10
391.739,1.8846,0.0711,0.0413,-3.3112,-0.3167,16.2944,B4,E2,10
392.0724,1.8944,0.0386,0.0974,-3.3113,-0.3167,16.2842,B4,E2,10
392.238,1.8837,0.0459,0.5101,-3.3112,-0.3167,16.2953,B4,E2,10
392.5713,1.9056,0.0452,0.2733,-3.3114,-0.3167,16.2727,B4,E2,10
392.8976,1.8951,0.0175,0.1923,-3.3113,-0.3167,16.2835,B4,E2,10
393.212,1.8719,0.0647,0.15,-3.3111,-0.3167,16.3075,B4,E2,10
393.5453,1.8549,0.0555,0.0277,-3.3109,-0.3167,16.3253,B4,E2,10
393.7937,1.84,0.061,0.0223,-3.3108,-0.3167,16.3407,B4,E2,10
394.127,1.82,0.0621,0.0033,-3.3106,-0.3167,16.3615,B4,E2,10
394.382,1.8078,0.0521,0.0391,-3.3105,-0.3167,16.3742,B4,E2,10
394.6612,1.8005,0.0321,0.0715,-3.3104,-0.3167,16.3817,B4,E2,10
394.9893,1.7681,0.0888,0.1727,-3.3102,-0.3167,16.4155,B4,E2,10
395.3227,1.7811,0.0148,0.3109,-3.3103,-0.3167,16.402,B4,E2,10
395.4902,1.7916,0.0552,0.2413,-3.3104,-0.3167,16.391,B4,E2,10
395.7575,1.8167,0.0891,0.1266,-3.3106,-0.3167,16.3649,B4,E2,10
395.9871,1.8412,0.1065,0.0759,-3.3108,-0.3167,16.3395,B4,E2,10
396.2395,1.8679,0.1094,0.0115,-3.311,-0.3167,16.3117,B4,E2,10
396.4795,1.8896,0.0967,0.0532,-3.3112,-0.3167,16.2893,B4,E2,10
396.718,1.9043,0.0705,0.1096,-3.3113,-0.3167,16.274,B4,E2,10
397.0513,1.9077,0.0225,0.1441,-3.3114,-0.3167,16.2705,B4,E2,10
397.367,1.9387,0.086,0.2013,-3.3116,-0.3167,16.2383,B4,E2,10
397.6855,1.9176,0.0377,0.3885,-3.3115,-0.3167,16.2602,B4,E2,10
398.0189,1.8968,0.0592,0.0646,-3.3113,-0.3167,16.2817,B4,E2,10
398.1779,1.8834,0.0816,0.1403,-3.3112,-0.3167,16.2956,B4,E2,10
398.4407,1.8641,0.0774,0.016,-3.311,-0.3167,16.3157,B4,E2,10
398.6931,1.8511,0.0584,0.0749,-3.3109,-0.3167,16.3292,B4,E2,10
398.9463,1.8363,0.0603,0.0071,-3.3108,-0.3167,16.3446,B4,E2,10
399.2639,1.8186,0.0583,0.0063,-3.3106,-0.3167,16.3629,B4,E2,10
399.5676,1.8065,0.0449,0.044,-3.3105,-0.3167,16.3755,B4,E2,10
399.7948,1.8211,0.0446,0.3938,-3.3106,-0.3167,16.3603,B4,E2,10
400.0345,1.825,0.0223,0.0928,-3.3107,-0.3167,16.3563,B4,E2,10
400.3678,1.8267,0.0087,0.0409,-3.3107,-0.3167,16.3545,B4,E2,10
400.6105,1.8298,0.0125,0.0154,-3.3107,-0.3167,16.3513,B4,E2,10
400.9438,1.8368,0.02,0.0226,-3.3108,-0.3167,16.344,B4,E2,10
401.1913,1.8425,0.0231,0.0124,-3.3108,-0.3167,16.3381,B4,E2,10
401.4494,1.848,0.0224,0.0026,-3.3109,-0.3167,16.3324,B4,E2,10
401.7179,1.8524,0.0179,0.0166,-3.3109,-0.3167,16.3278,B4,E2,10
402.0512,1.8545,0.0088,0.0274,-3.3109,-0.3167,16.3257,B4,E2,10
402.3012,1.826,0.0929,0.4068,-3.3107,-0.3167,16.3552,B4,E2,10
402.5662,1.8157,0.051,0.158,-3.3106,-0.3167,16.366,B4,E2,10
402.874,1.823,0.0095,0.1965,-3.3106,-0.3167,16.3584,B4,E2,10
403.2073,1.8354,0.0329,0.0704,-3.3108,-0.3167,16.3455,B4,E2,10
403.5406,1.8491,0.0407,0.0232,-3.3109,-0.3167,16.3313,B4,E2,10
403.7059,1.8553,0.0392,0.0087,-3.3109,-0.3167,16.3248,B4,E2,10
403.971,1.8626,0.0309,0.0316,-3.311,-0.3167,16.3172,B4,E2,10
404.3044,1.8658,0.0141,0.0503,-3.311,-0.3167,16.3139,B4,E2,10
404.6377,1.8621,0.0064,0.0616,-3.311,-0.3167,16.3178,B4,E2,10
404.8049,1.8711,0.0434,0.2983,-3.3111,-0.3167,16.3084,B4,E2,10
405.1382,1.841,0.0662,0.3289,-3.3108,-0.3167,16.3396,B4,E2,10
405.4496,1.8413,0.0124,0.1727,-3.3108,-0.3167,16.3393,B4,E2,10
405.6808,1.8414,0.0023,0.0438,-3.3108,-0.3167,16.3393,B4,E2,10
405.9228,1.8413,0.0009,0.0056,-3.3108,-0.3167,16.3394,B4,E2,10
406.1587,1.8409,0.0013,0.0014,-3.3108,-0.3167,16.3397,B4,E2,10
406.3894,1.8405,0.0018,0.0022,-3.3108,-0.3167,16.3402,B4,E2,10
406.7227,1.8398,0.0022,0.0013,-3.3108,-0.3167,16.3409,B4,E2,10
407.0561,1.8391,0.0022,0.0002,-3.3108,-0.3167,16.3416,B4,E2,10
407.2127,1.8388,0.0019,0.0019,-3.3108,-0.3167,16.3419,B4,E2,10
407.5461,1.8436,0.0115,0.0402,-3.3108,-0.3167,16.337,B4,E2,10
407.8767,1.8474,0.0118,0.0009,-3.3109,-0.3167,16.333,B4,E2,10
408.1863,1.8492,0.0073,0.0146,-3.3109,-0.3167,16.3311,B4,E2,10
408.4737,1.8491,0.0011,0.0217,-3.3109,-0.3167,16.3312,B4,E2,10
408.7584,1.8472,0.0053,0.0226,-3.3109,-0.3167,16.3332,B4,E2,10
409.0065,1.8445,0.0102,0.0196,-3.3108,-0.3167,16.336,B4,E2,10
409.3109,1.865,0.0538,0.2102,-3.311,-0.3167,16.3148,B4,E2,10
409.6258,1.8757,0.039,0.047,-3.3111,-0.3167,16.3037,B4,E2,10
409.9516,1.8776,0.0128,0.0804,-3.3111,-0.3167,16.3016,B4,E2,10
410.1923,1.8738,0.0105,0.097,-3.3111,-0.3167,16.3056,B4,E2,10
410.5218,1.8598,0.0375,0.0818,-3.311,-0.3167,16.3201,B4,E2,10
410.7573,1.8471,0.0522,0.0624,-3.3109,-0.3167,16.3333,B4,E2,10
411.0139,1.8322,0.0588,0.0257,-3.3107,-0.3167,16.3488,B4,E2,10
411.2526,1.8194,0.0564,0.0101,-3.3106,-0.3167,16.3621,B4,E2,10
411.586,1.8491,0.0628,0.3575,-3.3109,-0.3167,16.3313,B4,E2,10
411.8269,1.8693,0.0823,0.0808,-3.311,-0.3167,16.3103,B4,E2,10
412.1602,1.8895,0.0667,0.0467,-3.3112,-0.3167,16.2894,B4,E2,10
412.4852,1.8966,0.0314,0.1084,-3.3113,-0.3167,16.282,B4,E2,10
412.7375,1.8934,0.0042,0.141,-3.3113,-0.3167,16.2853,B4,E2,10
413.0709,1.8749,0.0468,0.1281,-3.3111,-0.3167,16.3045,B4,E2,10
413.4023,1.8473,0.0785,0.0954,-3.3109,-0.3167,16.3331,B4,E2,10
413.6516,1.8345,0.0586,0.0797,-3.3107,-0.3167,16.3465,B4,E2,10
413.9849,1.8636,0.0609,0.3586,-3.311,-0.3167,16.3162,B4,E2,10
414.2256,1.8806,0.0708,0.0408,-3.3111,-0.3167,16.2986,B4,E2,10
414.4822,1.8923,0.0519,0.0734,-3.3112,-0.3167,16.2864,B4,E2,10
414.7297,1.8958,0.0223,0.1197,-3.3113,-0.3167,16.2828,B4,E2,10
414.9675,1.8916,0.0102,0.1366,-3.3112,-0.3167,16.2871,B4,E2,10
415.1906,1.8815,0.0397,0.1324,-3.3111,-0.3167,16.2976,B4,E2,10
415.4316,1.8648,0.0656,0.1074,-3.311,-0.3167,16.315,B4,E2,10
415.6634,1.8532,0.0545,0.048,-3.3109,-0.3167,16.327,B4,E2,10
415.9098,1.839,0.0587,0.0174,-3.3108,-0.3167,16.3417,B4,E2,10
416.2238,1.86,0.0438,0.3267,-3.311,-0.3167,16.3199,B4,E2,10
416.5283,1.8746,0.0485,0.0154,-3.3111,-0.3167,16.3048,B4,E2,10
416.8443,1.8814,0.0276,0.0662,-3.3111,-0.3167,16.2977,B4,E2,10
417.0752,1.8811,0.0043,0.101,-3.3111,-0.3167,16.2981,B4,E2,10
417.3222,1.8747,0.0207,0.101,-3.3111,-0.3167,16.3047,B4,E2,10
417.5748,1.8628,0.0432,0.0891,-3.311,-0.3167,16.317,B4,E2,10
417.83,1.8472,0.0593,0.0631,-3.3109,-0.3167,16.3332,B4,E2,10
418.1634,1.8716,0.0488,0.3242,-3.3111,-0.3167,16.3079,B4,E2,10
418.3296,1.8815,0.0596,0.0654,-3.3112,-0.3167,16.2976,B4,E2,10
418.6584,1.8905,0.0345,0.0764,-3.3112,-0.3167,16.2883,B4,E2,10
418.9917,1.886,0.0042,0.1161,-3.3112,-0.3167,16.2929,B4,E2,10
419.1389,1.8817,0.0255,0.1446,-3.3112,-0.3167,16.2974,B4,E2,10
419.3785,1.8688,0.0497,0.1011,-3.311,-0.3167,16.3108,B4,E2,10
419.7071,1.8437,0.0734,0.0722,-3.3108,-0.3167,16.3369,B4,E2,10
419.9288,1.8334,0.0532,0.0909,-3.3107,-0.3167,16.3475,B4,E2,10
420.189,1.8354,0.0044,0.1877,-3.3108,-0.3167,16.3455,B4,E2,10
420.5202,1.8391,0.0084,0.0388,-3.3108,-0.3167,16.3417,B4,E2,10
420.83,1.8427,0.0116,0.0102,-3.3108,-0.3167,16.3379,B4,E2,10
421.1634,1.846,0.0104,0.0036,-3.3108,-0.3167,16.3345,B4,E2,10
421.3188,1.8471,0.0083,0.0135,-3.3109,-0.3167,16.3333,B4,E2,10
421.5722,1.8479,0.0042,0.0159,-3.3109,-0.3167,16.3325,B4,E2,10
421.8098,1.8476,0.0003,0.0192,-3.3109,-0.3167,16.3328,B4,E2,10
422.1432,1.8202,0.0684,0.2043,-3.3106,-0.3167,16.3613,B4,E2,10
422.4403,1.8127,0.0347,0.1136,-3.3106,-0.3167,16.3691,B4,E2,10
422.6665,1.8103,0.0156,0.0845,-3.3105,-0.3167,16.3716,B4,E2,10
422.9876,1.8143,0.0073,0.0713,-3.3106,-0.3167,16.3674,B4,E2,10
423.2205,1.8206,0.0238,0.071,-3.3106,-0.3167,16.3609,B4,E2,10
423.5538,1.8347,0.0401,0.0487,-3.3107,-0.3167,16.3462,B4,E2,10
423.8011,1.846,0.0459,0.0237,-3.3108,-0.3167,16.3345,B4,E2,10
424.1344,1.8596,0.0431,0.0085,-3.311,-0.3167,16.3203,B4,E2,10
424.4677,1.8194,0.0915,0.4039,-3.3106,-0.3167,16.3621,B4,E2,10
424.8011,1.8301,0.0083,0.2995,-3.3107,-0.3167,16.351,B4,E2,10
425.1344,1.8407,0.0281,0.0594,-3.3108,-0.3167,16.34,B4,E2,10
425.3004,1.8459,0.0318,0.0225,-3.3108,-0.3167,16.3345,B4,E2,10
425.5521,1.853,0.0296,0.0089,-3.3109,-0.3167,16.3272,B4,E2,10
425.8854,1.8588,0.0205,0.0273,-3.311,-0.3167,16.3212,B4,E2,10
426.2188,1.8596,0.0061,0.0431,-3.311,-0.3167,16.3203,B4,E2,10
426.3899,1.8587,0.0035,0.056,-3.311,-0.3167,16.3213,B4,E2,10
426.6588,1.8539,0.0154,0.0445,-3.3109,-0.3167,16.3263,B4,E2,10
426.9101,1.8666,0.0389,0.2161,-3.311,-0.3167,16.3131,B4,E2,10
427.2434,1.8615,0.0048,0.1311,-3.311,-0.3167,16.3184,B4,E2,10
427.5768,1.8507,0.0279,0.0692,-3.3109,-0.3167,16.3296,B4,E2,10
427.8339,1.8407,0.038,0.0393,-3.3108,-0.3167,16.34,B4,E2,10
428.1672,1.8275,0.0405,0.0074,-3.3107,-0.3167,16.3537,B4,E2,10
428.416,1.8195,0.0348,0.023,-3.3106,-0.3167,16.362,B4,E2,10
428.6657,1.8146,0.0234,0.0456,-3.3106,-0.3167,16.3671,B4,E2,10
428.9138,1.8134,0.0085,0.06,-3.3106,-0.3167,16.3683,B4,E2,10
429.246,1.7914,0.0568,0.1456,-3.3104,-0.3167,16.3912,B4,E2,10
429.565,1.7969,0.003,0.1874,-3.3104,-0.3167,16.3855,B4,E2,10
429.8906,1.8135,0.0429,0.1228,-3.3106,-0.3167,16.3683,B4,E2,10
430.1367,1.8299,0.064,0.0854,-3.3107,-0.3167,16.3512,B4,E2,10
430.3933,1.8486,0.0734,0.0366,-3.3109,-0.3167,16.3318,B4,E2,10
430.6534,1.8661,0.0708,0.0098,-3.311,-0.3167,16.3136,B4,E2,10
430.9294,1.88,0.0559,0.054,-3.3111,-0.3167,16.2992,B4,E2,10
431.2628,1.8861,0.0263,0.0889,-3.3112,-0.3167,16.2929,B4,E2,10
431.5961,1.831,0.132,0.4748,-3.3107,-0.3167,16.3501,B4,E2,10
431.7508,1.803,0.177,0.2907,-3.3105,-0.3167,16.3792,B4,E2,10
432.0718,1.7849,0.0824,0.2948,-3.3103,-0.3167,16.398,B4,E2,10
432.3987,1.7806,0.0274,0.168,-3.3103,-0.3167,16.4025,B4,E2,10
432.6406,1.7857,0.0123,0.1643,-3.3103,-0.3167,16.3972,B4,E2,10
432.974,1.8073,0.0564,0.1322,-3.3105,-0.3167,16.3747,B4,E2,10
433.2224,1.8282,0.0814,0.1007,-3.3107,-0.3167,16.3529,B4,E2,10
433.5557,1.8595,0.0942,0.0384,-3.311,-0.3167,16.3205,B4,E2,10
433.8094,1.8803,0.0869,0.0287,-3.3111,-0.3167,16.2989,B4,E2,10
434.1427,1.8969,0.0586,0.0847,-3.3113,-0.3167,16.2817,B4,E2,10
434.476,1.8492,0.1069,0.4965,-3.3109,-0.3167,16.3311,B4,E2,10
434.8094,1.8442,0.0341,0.2184,-3.3108,-0.3167,16.3364,B4,E2,10
434.9703,1.8423,0.0165,0.1091,-3.3108,-0.3167,16.3383,B4,E2,10
435.2227,1.839,0.0141,0.0094,-3.3108,-0.3167,16.3418,B4,E2,10
435.4734,1.8359,0.0132,0.0039,-3.3108,-0.3167,16.345,B4,E2,10
435.7122,1.8335,0.011,0.0091,-3.3107,-0.3167,16.3475,B4,E2,10
435.9658,1.8319,0.0073,0.0148,-3.3107,-0.3167,16.3491,B4,E2,10
436.2144,1.8316,0.0025,0.0191,-3.3107,-0.3167,16.3494,B4,E2,10
436.5478,1.8334,0.004,0.0196,-3.3107,-0.3167,16.3475,B4,E2,10
436.8014,1.8358,0.0087,0.0183,-3.3108,-0.3167,16.345,B4,E2,10
437.1305,1.8116,0.0595,0.2072,-3.3105,-0.3167,16.3702,B4,E2,10
437.4638,1.813,0.0085,0.1532,-3.3106,-0.3167,16.3688,B4,E2,10
437.7671,1.8202,0.0181,0.0877,-3.3106,-0.3167,16.3613,B4,E2,10
438.1005,1.8334,0.0366,0.0555,-3.3107,-0.3167,16.3475,B4,E2,10
438.3422,1.844,0.0435,0.0284,-3.3108,-0.3167,16.3366,B4,E2,10
438.5991,1.8545,0.0428,0.0026,-3.3109,-0.3167,16.3256,B4,E2,10
438.8527,1.8627,0.0353,0.0295,-3.311,-0.3167,16.3171,B4,E2,10
439.1861,1.8384,0.0535,0.2665,-3.3108,-0.3167,16.3424,B4,E2,10
439.4263,1.8303,0.0387,0.0615,-3.3107,-0.3167,16.3508,B4,E2,10
439.7596,1.8217,0.0293,0.0283,-3.3106,-0.3167,16.3598,B4,E2,10
440.034,1.8179,0.0174,0.0436,-3.3106,-0.3167,16.3637,B4,E2,10
440.3673,1.8192,0.0002,0.0514,-3.3106,-0.3167,16.3624,B4,E2,10
440.6029,1.8229,0.013,0.0562,-3.3106,-0.3167,16.3585,B4,E2,10
440.9362,1.8327,0.0271,0.0422,-3.3107,-0.3167,16.3483,B4,E2,10
441.1818,1.841,0.0335,0.026,-3.3108,-0.3167,16.3397,B4,E2,10
441.5151,1.8245,0.0345,0.2041,-3.3107,-0.3167,16.3569,B4,E2,10
441.8403,1.8123,0.038,0.0108,-3.3106,-0.3167,16.3695,B4,E2,10
442.1736,1.8072,0.0203,0.0533,-3.3105,-0.3167,16.3748,B4,E2,10
442.4154,1.8081,0.0009,0.0803,-3.3105,-0.3167,16.3738,B4,E2,10
442.7488,1.8179,0.0243,0.0754,-3.3106,-0.3167,16.3637,B4,E2,10
443.006,1.829,0.0406,0.0636,-3.3107,-0.3167,16.3521,B4,E2,10
443.2689,1.8421,0.0497,0.0344,-3.3108,-0.3167,16.3385,B4,E2,10
443.5969,1.858,0.0501,0.0013,-3.3109,-0.3167,16.322,B4,E2,10
443.9248,1.8238,0.0766,0.3863,-3.3107,-0.3167,16.3575,B4,E2,10
444.1755,1.8139,0.0482,0.1131,-3.3106,-0.3167,16.3678,B4,E2,10
444.4234,1.8116,0.0173,0.1246,-3.3105,-0.3167,16.3702,B4,E2,10
444.7567,1.8161,0.0078,0.0753,-3.3106,-0.3167,16.3655,B4,E2,10
445.0037,1.823,0.0246,0.0681,-3.3106,-0.3167,16.3584,B4,E2,10
445.337,1.8367,0.0393,0.0441,-3.3108,-0.3167,16.3441,B4,E2,10
445.5839,1.8474,0.0438,0.0184,-3.3109,-0.3167,16.333,B4,E2,10
445.8341,1.8571,0.041,0.0112,-3.3109,-0.3167,16.3229,B4,E2,10
446.1085,1.8647,0.0311,0.0363,-3.311,-0.3167,16.3151,B4,E2,10
446.4418,1.8332,0.0723,0.3103,-3.3107,-0.3167,16.3478,B4,E2,10
446.7728,1.8282,0.027,0.1372,-3.3107,-0.3167,16.353,B4,E2,10
447.0927,1.8263,0.0103,0.0519,-3.3107,-0.3167,16.3549,B4,E2,10
447.3443,1.8269,0.0001,0.0406,-3.3107,-0.3167,16.3543,B4,E2,10
447.6598,1.8308,0.0102,0.0327,-3.3107,-0.3167,16.3503,B4,E2,10
447.9062,1.8351,0.0168,0.0268,-3.3107,-0.3167,16.3458,B4,E2,10
448.1642,1.8405,0.0206,0.0148,-3.3108,-0.3167,16.3402,B4,E2,10
448.4976,1.8473,0.0211,0.0013,-3.3109,-0.3167,16.3331,B4,E2,10
448.7488,1.8233,0.0753,0.3837,-3.3106,-0.3167,16.3581,B4,E2,10
449.0821,1.8468,0.0437,0.357,-3.3108,-0.3167,16.3336,B4,E2,10
449.3708,1.8577,0.0402,0.0121,-3.3109,-0.3167,16.3223,B4,E2,10
449.602,1.8642,0.0313,0.0385,-3.311,-0.3167,16.3156,B4,E2,10
449.8492,1.8675,0.0175,0.0556,-3.311,-0.3167,16.3121,B4,E2,10
450.1036,1.8667,0.0008,0.0659,-3.311,-0.3167,16.313,B4,E2,10
450.4369,1.8585,0.0204,0.0634,-3.311,-0.3167,16.3215,B4,E2,10
450.691,1.8493,0.034,0.0536,-3.3109,-0.3167,16.331,B4,E2,10
450.9588,1.8381,0.0417,0.0288,-3.3108,-0.3167,16.3427,B4,E2,10
451.2897,1.857,0.0392,0.2444,-3.3109,-0.3167,16.3231,B4,E2,10
451.6064,1.8644,0.0274,0.0373,-3.311,-0.3167,16.3153,B4,E2,10
451.9306,1.8659,0.0092,0.0561,-3.311,-0.3167,16.3138,B4,E2,10
452.1746,1.8632,0.0071,0.0667,-3.311,-0.3167,16.3166,B4,E2,10
452.508,1.8534,0.0259,0.0562,-3.3109,-0.3167,16.3267,B4,E2,10
452.7674,1.8436,0.0366,0.0413,-3.3108,-0.3167,16.3369,B4,E2,10
453.0138,1.8338,0.0405,0.0159,-3.3107,-0.3167,16.3472,B4,E2,10
453.2493,1.8252,0.0384,0.009,-3.3107,-0.3167,16.3561,B4,E2,10
453.5826,1.8421,0.0344,0.2183,-3.3108,-0.3167,16.3385,B4,E2,10
453.8434,1.8549,0.0478,0.0517,-3.3109,-0.3167,16.3252,B4,E2,10
454.1619,1.867,0.041,0.0214,-3.311,-0.3167,16.3127,B4,E2,10
454.4952,1.8724,0.0217,0.0581,-3.3111,-0.3167,16.307,B4,E2,10
454.7422,1.8717,0.0018,0.0805,-3.3111,-0.3167,16.3078,B4,E2,10
454.9988,1.8659,0.0184,0.0788,-3.311,-0.3167,16.3139,B4,E2,10
455.3321,1.8514,0.0397,0.0638,-3.3109,-0.3167,16.3289,B4,E2,10
455.5817,1.8664,0.0421,0.3277,-3.311,-0.3167,16.3133,B4,E2,10
455.8425,1.8591,0.0148,0.2181,-3.311,-0.3167,16.3208,B4,E2,10
456.153,1.8597,0.0014,0.0431,-3.311,-0.3167,16.3202,B4,E2,10
456.4126,1.857,0.009,0.0291,-3.3109,-0.3167,16.323,B4,E2,10
456.6703,1.8516,0.0193,0.0399,-3.3109,-0.3167,16.3287,B4,E2,10
457.0036,1.8415,0.029,0.0293,-3.3108,-0.3167,16.3392,B4,E2,10
457.2526,1.8337,0.0317,0.0109,-3.3107,-0.3167,16.3472,B4,E2,10
457.5859,1.825,0.0281,0.0109,-3.3107,-0.3167,16.3563,B4,E2,10
457.8368,1.8207,0.0198,0.0329,-3.3106,-0.3167,16.3607,B4,E2,10
458.1659,1.7925,0.0754,0.169,-3.3104,-0.3167,16.3901,B4,E2,10
458.4992,1.7938,0.0119,0.1907,-3.3104,-0.3167,16.3888,B4,E2,10
458.8286,1.8071,0.0313,0.131,-3.3105,-0.3167,16.3749,B4,E2,10
459.1176,1.8254,0.0589,0.0956,-3.3107,-0.3167,16.3559,B4,E2,10
459.4086,1.8468,0.0729,0.0482,-3.3108,-0.3167,16.3337,B4,E2,10
459.6418,1.863,0.0726,0.0014,-3.311,-0.3167,16.3168,B4,E2,10
459.8988,1.8774,0.0607,0.0463,-3.3111,-0.3167,16.3019,B4,E2,10
460.1748,1.8859,0.0377,0.0832,-3.3112,-0.3167,16.2931,B4,E2,10
460.4135,1.8691,0.0507,0.3704,-3.311,-0.3167,16.3105,B4,E2,10
460.718,1.8687,0.0112,0.1295,-3.311,-0.3167,16.3109,B4,E2,10
461.0482,1.8607,0.0223,0.0335,-3.311,-0.3167,16.3192,B4,E2,10
461.305,1.8512,0.0352,0.0501,-3.3109,-0.3167,16.329,B4,E2,10
461.5562,1.8403,0.0434,0.0327,-3.3108,-0.3167,16.3404,B4,E2,10
461.8896,1.8256,0.0452,0.0054,-3.3107,-0.3167,16.3557,B4,E2,10
462.1271,1.8171,0.0387,0.0272,-3.3106,-0.3167,16.3645,B4,E2,10
462.3896,1.8116,0.0254,0.0506,-3.3105,-0.3167,16.3703,B4,E2,10
462.723,1.8121,0.0038,0.0649,-3.3105,-0.3167,16.3698,B4,E2,10
463.0563,1.7715,0.1022,0.2951,-3.3102,-0.3167,16.412,B4,E2,10
463.383,1.7924,0.033,0.4139,-3.3104,-0.3167,16.3902,B4,E2,10
463.7163,1.8226,0.082,0.1469,-3.3106,-0.3167,16.3588,B4,E2,10
463.8786,1.8384,0.0974,0.0949,-3.3108,-0.3167,16.3423,B4,E2,10
464.1519,1.8654,0.1013,0.0144,-3.311,-0.3167,16.3144,B4,E2,10
464.4037,1.8863,0.0894,0.0474,-3.3112,-0.3167,16.2926,B4,E2,10
464.7325,1.9017,0.0566,0.0997,-3.3113,-0.3167,16.2767,B4,E2,10
464.9843,1.904,0.019,0.1494,-3.3113,-0.3167,16.2743,B4,E2,10
465.3177,1.89,0.0312,0.1506,-3.3112,-0.3167,16.2888,B4,E2,10
465.5794,1.9016,0.0306,0.2363,-3.3113,-0.3167,16.2768,B4,E2,10
465.9019,1.8673,0.0821,0.3497,-3.311,-0.3167,16.3124,B4,E2,10
466.1402,1.8524,0.0682,0.0586,-3.3109,-0.3167,16.3278,B4,E2,10
466.4736,1.8444,0.0337,0.1034,-3.3108,-0.3167,16.3361,B4,E2,10
466.7266,1.8376,0.029,0.0184,-3.3108,-0.3167,16.3432,B4,E2,10
466.9878,1.831,0.0268,0.0084,-3.3107,-0.3167,16.3501,B4,E2,10
467.3211,1.825,0.0204,0.0193,-3.3107,-0.3167,16.3563,B4,E2,10
467.6527,1.8229,0.0092,0.0339,-3.3106,-0.3167,16.3584,B4,E2,10
467.9861,1.8255,0.0045,0.0409,-3.3107,-0.3167,16.3558,B4,E2,10
468.3194,1.8319,0.0169,0.0372,-3.3107,-0.3167,16.3491,B4,E2,10
468.6527,1.7917,0.097,0.3416,-3.3104,-0.3167,16.391,B4,E2,10
468.827,1.7732,0.1079,0.0628,-3.3102,-0.3167,16.4102,B4,E2,10
469.1472,1.7849,0.0088,0.3646,-3.3103,-0.3167,16.3981,B4,E2,10
469.3949,1.802,0.0595,0.2043,-3.3105,-0.3167,16.3802,B4,E2,10
469.6486,1.8255,0.0888,0.1156,-3.3107,-0.3167,16.3558,B4,E2,10
469.8937,1.8502,0.1017,0.0529,-3.3109,-0.3167,16.3301,B4,E2,10
470.1602,1.8754,0.0989,0.0106,-3.3111,-0.3167,16.3039,B4,E2,10
470.4333,1.8949,0.0791,0.0727,-3.3113,-0.3167,16.2837,B4,E2,10
470.6935,1.9046,0.0465,0.125,-3.3113,-0.3167,16.2737,B4,E2,10
470.9657,1.8826,0.0577,0.3829,-3.3112,-0.3167,16.2965,B4,E2,10
471.299,1.8695,0.0442,0.0406,-3.311,-0.3167,16.3101,B4,E2,10
471.5358,1.8562,0.0554,0.0475,-3.3109,-0.3167,16.3239,B4,E2,10
471.8692,1.8332,0.0684,0.039,-3.3107,-0.3167,16.3478,B4,E2,10
472.1389,1.8263,0.035,0.1238,-3.3107,-0.3167,16.355,B4,E2,10
472.4723,1.8214,0.0192,0.0475,-3.3106,-0.3167,16.3601,B4,E2,10
472.8056,1.8215,0.0036,0.0468,-3.3106,-0.3167,16.36,B4,E2,10
473.006,1.8233,0.0069,0.0527,-3.3106,-0.3167,16.3581,B4,E2,10
473.2746,1.8181,0.0146,0.0802,-3.3106,-0.3167,16.3634,B4,E2,10
473.5987,1.8174,0.0047,0.0304,-3.3106,-0.3167,16.3642,B4,E2,10
473.8573,1.8205,0.0089,0.0527,-3.3106,-0.3167,16.361,B4,E2,10
474.1906,1.8297,0.0246,0.0472,-3.3107,-0.3167,16.3515,B4,E2,10
474.4179,1.8372,0.0325,0.0346,-3.3108,-0.3167,16.3436,B4,E2,10
474.7409,1.8486,0.0359,0.0105,-3.3109,-0.3167,16.3318,B4,E2,10
474.9751,1.8557,0.0325,0.0143,-3.3109,-0.3167,16.3244,B4,E2,10
475.2823,1.8405,0.0347,0.2187,-3.3108,-0.3167,16.3402,B4,E2,10
475.4984,1.8298,0.0483,0.0633,-3.3107,-0.3167,16.3514,B4,E2,10
475.7413,1.8191,0.0461,0.0092,-3.3106,-0.3167,16.3624,B4,E2,10
476.0723,1.8101,0.0318,0.0431,-3.3105,-0.3167,16.3718,B4,E2,10
476.2848,1.8076,0.0163,0.0732,-3.3105,-0.3167,16.3744,B4,E2,10
476.5285,1.8093,0.0026,0.0776,-3.3105,-0.3167,16.3726,B4,E2,10
476.8565,1.8196,0.0265,0.0729,-3.3106,-0.3167,16.362,B4,E2,10
477.1127,1.8308,0.0418,0.0595,-3.3107,-0.3167,16.3503,B4,E2,10
477.3617,1.8262,0.0071,0.1963,-3.3107,-0.3167,16.3551,B4,E2,10
477.5975,1.8288,0.008,0.064,-3.3107,-0.3167,16.3523,B4,E2,10
477.9289,1.8355,0.0184,0.0314,-3.3108,-0.3167,16.3453,B4,E2,10
478.2623,1.8435,0.0235,0.0151,-3.3108,-0.3167,16.3371,B4,E2,10
478.5128,1.8489,0.0227,0.0029,-3.3109,-0.3167,16.3314,B4,E2,10
478.7699,1.8531,0.018,0.0184,-3.3109,-0.3167,16.3271,B4,E2,10
479.028,1.8552,0.0103,0.0298,-3.3109,-0.3167,16.325,B4,E2,10
479.2965,1.8547,0.0006,0.0361,-3.3109,-0.3167,16.3254,B4,E2,10
479.6298,1.8174,0.093,0.281,-3.3106,-0.3167,16.3642,B4,E2,10
479.9632,1.8092,0.039,0.1621,-3.3105,-0.3167,16.3728,B4,E2,10
480.1367,1.8072,0.0175,0.1239,-3.3105,-0.3167,16.3749,B4,E2,10
480.3845,1.8091,0.0031,0.0831,-3.3105,-0.3167,16.3728,B4,E2,10
480.6317,1.8156,0.0224,0.0784,-3.3106,-0.3167,16.3661,B4,E2,10
480.8627,1.8248,0.0376,0.0655,-3.3107,-0.3167,16.3565,B4,E2,10
481.113,1.837,0.0482,0.0425,-3.3108,-0.3167,16.3438,B4,E2,10
481.3631,1.8497,0.0518,0.0144,-3.3109,-0.3167,16.3306,B4,E2,10
481.6252,1.8614,0.0475,0.0167,-3.311,-0.3167,16.3184,B4,E2,10
481.9358,1.8426,0.0409,0.2846,-3.3108,-0.3167,16.338,B4,E2,10
482.2466,1.8437,0.0053,0.1148,-3.3108,-0.3167,16.3369,B4,E2,10
482.4727,1.844,0.0002,0.0242,-3.3108,-0.3167,16.3365,B4,E2,10
482.8061,1.8435,0.0014,0.0048,-3.3108,-0.3167,16.3371,B4,E2,10
483.1311,1.842,0.0039,0.0079,-3.3108,-0.3167,16.3386,B4,E2,10
483.3702,1.8407,0.0054,0.0062,-3.3108,-0.3167,16.34,B4,E2,10
483.7036,1.8386,0.0062,0.0023,-3.3108,-0.3167,16.3421,B4,E2,10
483.9533,1.8373,0.0057,0.0021,-3.3108,-0.3167,16.3435,B4,E2,10
484.2187,1.8183,0.0608,0.2079,-3.3106,-0.3167,16.3633,B4,E2,10
484.5451,1.8222,0.0022,0.1796,-3.3106,-0.3167,16.3592,B4,E2,10
484.8737,1.8308,0.0212,0.0713,-3.3107,-0.3167,16.3503,B4,E2,10
485.1966,1.8415,0.0319,0.033,-3.3108,-0.3167,16.3392,B4,E2,10
485.5299,1.8522,0.033,0.0034,-3.3109,-0.3167,16.3281,B4,E2,10
485.6932,1.8566,0.0293,0.0229,-3.3109,-0.3167,16.3234,B4,E2,10
485.951,1.861,0.02,0.0362,-3.311,-0.3167,16.3189,B4,E2,10
486.1797,1.8623,0.0085,0.0502,-3.311,-0.3167,16.3176,B4,E2,10
486.513,1.8345,0.0674,0.2278,-3.3107,-0.3167,16.3464,B4,E2,10
486.8279,1.8239,0.0415,0.0825,-3.3107,-0.3167,16.3574,B4,E2,10
487.132,1.8173,0.0265,0.0492,-3.3106,-0.3167,16.3643,B4,E2,10
487.4654,1.8161,0.0083,0.0544,-3.3106,-0.3167,16.3656,B4,E2,10
487.7093,1.8186,0.007,0.0628,-3.3106,-0.3167,16.363,B4,E2,10
487.9618,1.8245,0.0208,0.055,-3.3107,-0.3167,16.3568,B4,E2,10
488.2212,1.8331,0.0317,0.0417,-3.3107,-0.3167,16.3479,B4,E2,10
488.5443,1.8169,0.0353,0.2072,-3.3106,-0.3167,16.3647,B4,E2,10
488.7817,1.8105,0.0295,0.0241,-3.3105,-0.3167,16.3714,B4,E2,10
489.0237,1.8081,0.0141,0.0637,-3.3105,-0.3167,16.3739,B4,E2,10
489.3466,1.8129,0.0096,0.0734,-3.3106,-0.3167,16.3689,B4,E2,10
489.575,1.8197,0.0267,0.0749,-3.3106,-0.3167,16.3618,B4,E2,10
489.8123,1.8295,0.0397,0.055,-3.3107,-0.3167,16.3516,B4,E2,10
490.1338,1.8454,0.0491,0.0291,-3.3108,-0.3167,16.3351,B4,E2,10
490.3842,1.857,0.0482,0.0033,-3.3109,-0.3167,16.3231,B4,E2,10
490.7176,1.8395,0.034,0.2466,-3.3108,-0.3167,16.3412,B4,E2,10
490.9591,1.8357,0.0198,0.0588,-3.3108,-0.3167,16.3451,B4,E2,10
491.2837,1.8318,0.0141,0.0173,-3.3107,-0.3167,16.3493,B4,E2,10
491.5297,1.8299,0.009,0.0211,-3.3107,-0.3167,16.3512,B4,E2,10
491.8631,1.8302,0.0012,0.0232,-3.3107,-0.3167,16.3509,B4,E2,10
492.0945,1.8316,0.0049,0.0263,-3.3107,-0.3167,16.3494,B4,E2,10
492.3526,1.8345,0.0104,0.0215,-3.3107,-0.3167,16.3464,B4,E2,10
492.5908,1.838,0.0141,0.0156,-3.3108,-0.3167,16.3428,B4,E2,10
492.9241,1.8176,0.0481,0.1868,-3.3106,-0.3167,16.364,B4,E2,10
493.0822,1.8128,0.0345,0.086,-3.3106,-0.3167,16.3689,B4,E2,10
493.3959,1.8099,0.0148,0.063,-3.3105,-0.3167,16.372,B4,E2,10
493.7292,1.8148,0.0093,0.0721,-3.3106,-0.3167,16.3669,B4,E2,10
493.8864,1.8186,0.022,0.0811,-3.3106,-0.3167,16.363,B4,E2,10
494.123,1.8272,0.0347,0.0536,-3.3107,-0.3167,16.354,B4,E2,10
494.3543,1.8373,0.0432,0.0366,-3.3108,-0.3167,16.3436,B4,E2,10
494.5906,1.8479,0.0461,0.0126,-3.3109,-0.3167,16.3325,B4,E2,10
494.8247,1.8574,0.043,0.0133,-3.3109,-0.3167,16.3226,B4,E2,10
495.1559,1.8421,0.0299,0.2203,-3.3108,-0.3167,16.3385,B4,E2,10
495.4697,1.8271,0.0458,0.0507,-3.3107,-0.3167,16.3542,B4,E2,10
495.7182,1.8171,0.0426,0.013,-3.3106,-0.3167,16.3645,B4,E2,10
496.0515,1.8098,0.0267,0.0477,-3.3105,-0.3167,16.3721,B4,E2,10
496.2873,1.8087,0.0092,0.0739,-3.3105,-0.3167,16.3732,B4,E2,10
496.541,1.8124,0.0101,0.0763,-3.3106,-0.3167,16.3694,B4,E2,10
496.81,1.821,0.0288,0.0697,-3.3106,-0.3167,16.3604,B4,E2,10
497.1433,1.8368,0.0452,0.0492,-3.3108,-0.3167,16.344,B4,E2,10
497.4766,1.805,0.0705,0.3472,-3.3105,-0.3167,16.3771,B4,E2,10
497.6288,1.7906,0.0925,0.1444,-3.3104,-0.3167,16.392,B4,E2,10
497.9592,1.805,0.0178,0.3339,-3.3105,-0.3167,16.3771,B4,E2,10
498.2925,1.8289,0.0631,0.1359,-3.3107,-0.3167,16.3522,B4,E2,10
498.4384,1.8399,0.0754,0.0843,-3.3108,-0.3167,16.3408,B4,E2,10
498.6907,1.859,0.0779,0.0099,-3.311,-0.3167,16.321,B4,E2,10
499.0175,1.8788,0.066,0.0364,-3.3111,-0.3167,16.3004,B4,E2,10
499.2633,1.8881,0.0446,0.0872,-3.3112,-0.3167,16.2907,B4,E2,10
499.5966,1.8879,0.0082,0.1091,-3.3112,-0.3167,16.291,B4,E2,10
499.8493,1.8803,0.0233,0.1245,-3.3111,-0.3167,16.2989,B4,E2,10
500.1696,1.8875,0.0141,0.1165,-3.3112,-0.3167,16.2914,B4,E2,10
500.4765,1.8814,0.0137,0.0904,-3.3111,-0.3167,16.2977,B4,E2,10
500.8098,1.8637,0.0468,0.0994,-3.311,-0.3167,16.3161,B4,E2,10
501.0744,1.8457,0.066,0.0723,-3.3108,-0.3167,16.3348,B4,E2,10
501.3512,1.8368,0.0397,0.0947,-3.3108,-0.3167,16.344,B4,E2,10
501.5847,1.8298,0.033,0.0288,-3.3107,-0.3167,16.3513,B4,E2,10
501.8474,1.8236,0.0263,0.0256,-3.3106,-0.3167,16.3578,B4,E2,10
502.1807,1.8201,0.014,0.0369,-3.3106,-0.3167,16.3614,B4,E2,10
502.4208,1.7946,0.0912,0.3215,-3.3104,-0.3167,16.388,B4,E2,10
502.7541,1.8214,0.0489,0.4204,-3.3106,-0.3167,16.36,B4,E2,10
503.051,1.8394,0.0601,0.0378,-3.3108,-0.3167,16.3413,B4,E2,10
503.3048,1.8549,0.0627,0.01,-3.3109,-0.3167,16.3252,B4,E2,10
503.634,1.8711,0.0534,0.0282,-3.3111,-0.3167,16.3084,B4,E2,10
503.864,1.8784,0.0373,0.0702,-3.3111,-0.3167,16.3008,B4,E2,10
504.0944,1.8809,0.0163,0.0909,-3.3111,-0.3167,16.2982,B4,E2,10
504.4123,1.8743,0.0139,0.095,-3.3111,-0.3167,16.305,B4,E2,10
504.6399,1.8654,0.0355,0.0952,-3.311,-0.3167,16.3144,B4,E2,10
504.8734,1.864,0.0119,0.1011,-3.311,-0.3167,16.3158,B4,E2,10
505.108,1.8604,0.0152,0.0139,-3.311,-0.3167,16.3195,B4,E2,10
505.432,1.8502,0.029,0.0428,-3.3109,-0.3167,16.3301,B4,E2,10
505.6684,1.8415,0.0367,0.0322,-3.3108,-0.3167,16.3392,B4,E2,10
505.9894,1.8292,0.0391,0.0077,-3.3107,-0.3167,16.3519,B4,E2,10
506.2318,1.8215,0.0344,0.0195,-3.3106,-0.3167,16.36,B4,E2,10
506.469,1.8164,0.0246,0.0411,-3.3106,-0.3167,16.3653,B4,E2,10
506.8023,1.8156,0.007,0.0531,-3.3106,-0.3167,16.3661,B4,E2,10
507.1357,1.772,0.1103,0.3101,-3.3102,-0.3167,16.4115,B4,E2,10
507.469,1.792,0.028,0.4151,-3.3104,-0.3167,16.3906,B4,E2,10
507.8023,1.8201,0.0758,0.1432,-3.3106,-0.3167,16.3614,B4,E2,10
507.9719,1.8358,0.092,0.0959,-3.3108,-0.3167,16.3451,B4,E2,10
508.2294,1.8603,0.0974,0.021,-3.311,-0.3167,16.3196,B4,E2,10
508.4612,1.8797,0.0892,0.0357,-3.3111,-0.3167,16.2995,B4,E2,10
508.7273,1.8953,0.0664,0.0855,-3.3113,-0.3167,16.2833,B4,E2,10
508.9796,1.9016,0.034,0.1285,-3.3113,-0.3167,16.2768,B4,E2,10
509.2233,1.8989,0.0025,0.1498,-3.3113,-0.3167,16.2796,B4,E2,10
509.5567,1.9069,0.0194,0.0657,-3.3114,-0.3167,16.2713,B4,E2,10
509.89,1.8969,0.0208,0.1206,-3.3113,-0.3167,16.2816,B4,E2,10
510.0526,1.8885,0.0474,0.1633,-3.3112,-0.3167,16.2904,B4,E2,10
510.3006,1.8684,0.0767,0.1181,-3.311,-0.3167,16.3112,B4,E2,10
510.634,1.8499,0.0615,0.0455,-3.3109,-0.3167,16.3305,B4,E2,10
510.8818,1.8346,0.0633,0.0075,-3.3107,-0.3167,16.3463,B4,E2,10
511.1458,1.8193,0.0609,0.0093,-3.3106,-0.3167,16.3622,B4,E2,10
511.4791,1.8055,0.0466,0.0427,-3.3105,-0.3167,16.3765,B4,E2,10
511.7997,1.845,0.093,0.4355,-3.3108,-0.3167,16.3355,B4,E2,10
512.1277,1.8398,0.0054,0.267,-3.3108,-0.3167,16.3409,B4,E2,10
512.4611,1.8381,0.0031,0.0256,-3.3108,-0.3167,16.3427,B4,E2,10
512.6102,1.8375,0.0042,0.0076,-3.3108,-0.3167,16.3433,B4,E2,10
512.8651,1.8368,0.0031,0.0042,-3.3108,-0.3167,16.3441,B4,E2,10
513.1984,1.8367,0.0008,0.0071,-3.3108,-0.3167,16.3441,B4,E2,10
513.4249,1.8371,0.0012,0.0088,-3.3108,-0.3167,16.3438,B4,E2,10
513.684,1.838,0.0031,0.0074,-3.3108,-0.3167,16.3428,B4,E2,10
513.9407,1.8392,0.0045,0.0056,-3.3108,-0.3167,16.3416,B4,E2,10
514.2741,1.8101,0.0716,0.2285,-3.3105,-0.3167,16.3718,B4,E2,10
514.6074,1.8094,0.0162,0.1662,-3.3105,-0.3167,16.3726,B4,E2,10
514.7634,1.8108,0.0044,0.1323,-3.3105,-0.3167,16.3711,B4,E2,10
515.0968,1.8217,0.028,0.0708,-3.3106,-0.3167,16.3598,B4,E2,10
515.2616,1.8282,0.0388,0.0653,-3.3107,-0.3167,16.3529,B4,E2,10
515.5947,1.8447,0.0488,0.03,-3.3108,-0.3167,16.3359,B4,E2,10
515.8516,1.8566,0.0484,0.0016,-3.3109,-0.3167,16.3235,B4,E2,10
516.1737,1.8674,0.0376,0.0334,-3.311,-0.3167,16.3122,B4,E2,10
516.4189,1.8461,0.0647,0.4169,-3.3108,-0.3167,16.3343,B4,E2,10
516.6814,1.8416,0.0271,0.143,-3.3108,-0.3167,16.339,B4,E2,10
516.9361,1.8444,0.0036,0.1205,-3.3108,-0.3167,16.3361,B4,E2,10
517.1872,1.8464,0.0075,0.0157,-3.3108,-0.3167,16.334,B4,E2,10
517.4307,1.8475,0.0051,0.0097,-3.3109,-0.3167,16.3329,B4,E2,10
517.764,1.847,0.0003,0.0165,-3.3109,-0.3167,16.3335,B4,E2,10
517.998,1.8457,0.0047,0.0186,-3.3108,-0.3167,16.3348,B4,E2,10
518.2475,1.8434,0.0084,0.0148,-3.3108,-0.3167,16.3371,B4,E2,10
518.5176,1.8404,0.011,0.0096,-3.3108,-0.3167,16.3403,B4,E2,10
518.8509,1.8366,0.0118,0.0024,-3.3108,-0.3167,16.3443,B4,E2,10
519.1843,1.785,0.1312,0.3583,-3.3103,-0.3167,16.398,B4,E2,10
519.3387,1.7614,0.1534,0.1435,-3.3101,-0.3167,16.4225,B4,E2,10
519.5966,1.7543,0.0536,0.387,-3.31,-0.3167,16.4299,B4,E2,10
519.8594,1.7613,0.0114,0.2472,-3.3101,-0.3167,16.4226,B4,E2,10
520.1927,1.7911,0.0768,0.196,-3.3104,-0.3167,16.3916,B4,E2,10
520.4256,1.8183,0.1125,0.1534,-3.3106,-0.3167,16.3633,B4,E2,10
520.7458,1.8463,0.0953,0.0538,-3.3108,-0.3167,16.3342,B4,E2,10
520.9681,1.865,0.089,0.028,-3.311,-0.3167,16.3147,B4,E2,10
521.2945,1.8861,0.0715,0.0537,-3.3112,-0.3167,16.2928,B4,E2,10
521.5283,1.8952,0.0465,0.1071,-3.3113,-0.3167,16.2834,B4,E2,10
521.7634,1.8851,0.0263,0.3095,-3.3112,-0.3167,16.2939,B4,E2,10
522.0914,1.8623,0.0629,0.1115,-3.311,-0.3167,16.3175,B4,E2,10
522.4248,1.8493,0.0451,0.0533,-3.3109,-0.3167,16.3311,B4,E2,10
522.5831,1.8425,0.0445,0.0039,-3.3108,-0.3167,16.3381,B4,E2,10
522.8521,1.8306,0.0457,0.0046,-3.3107,-0.3167,16.3505,B4,E2,10
523.1473,1.8195,0.0404,0.018,-3.3106,-0.3167,16.362,B4,E2,10
523.4052,1.8131,0.0288,0.0451,-3.3106,-0.3167,16.3687,B4,E2,10
523.663,1.8295,0.0474,0.2956,-3.3107,-0.3167,16.3516,B4,E2,10
523.9963,1.8428,0.0426,0.0145,-3.3108,-0.3167,16.3378,B4,E2,10
524.3297,1.8553,0.0397,0.0085,-3.3109,-0.3167,16.3248,B4,E2,10
524.5434,1.8617,0.0326,0.0332,-3.311,-0.3167,16.3182,B4,E2,10
524.7974,1.8659,0.0202,0.049,-3.311,-0.3167,16.3139,B4,E2,10
525.0638,1.8658,0.0039,0.061,-3.311,-0.3167,16.3139,B4,E2,10
525.32,1.8617,0.0126,0.0644,-3.311,-0.3167,16.3182,B4,E2,10
525.5778,1.8541,0.027,0.0562,-3.3109,-0.3167,16.3261,B4,E2,10
525.8231,1.8448,0.0368,0.0399,-3.3108,-0.3167,16.3357,B4,E2,10
526.0804,1.8506,0.0112,0.1868,-3.3109,-0.3167,16.3297,B4,E2,10
526.3494,1.851,0.0037,0.0279,-3.3109,-0.3167,16.3292,B4,E2,10
526.6827,1.8487,0.0051,0.0266,-3.3109,-0.3167,16.3317,B4,E2,10
526.925,1.8457,0.0111,0.0247,-3.3108,-0.3167,16.3347,B4,E2,10
527.2584,1.8402,0.0161,0.0151,-3.3108,-0.3167,16.3405,B4,E2,10
527.4903,1.8363,0.0172,0.0046,-3.3108,-0.3167,16.3446,B4,E2,10
527.8237,1.8316,0.0149,0.0068,-3.3107,-0.3167,16.3494,B4,E2,10
528.0749,1.8294,0.0103,0.0185,-3.3107,-0.3167,16.3517,B4,E2,10
528.404,1.8014,0.0731,0.1908,-3.3105,-0.3167,16.3809,B4,E2,10
528.7191,1.7994,0.0197,0.1693,-3.3104,-0.3167,16.3829,B4,E2,10
528.9501,1.8032,0.0097,0.1273,-3.3105,-0.3167,16.379,B4,E2,10
529.1941,1.8125,0.0335,0.0977,-3.3106,-0.3167,16.3693,B4,E2,10
529.4346,1.8254,0.0515,0.0748,-3.3107,-0.3167,16.3559,B4,E2,10
529.7611,1.8468,0.0646,0.0401,-3.3108,-0.3167,16.3337,B4,E2,10
530.0521,1.8644,0.0633,0.0045,-3.311,-0.3167,16.3154,B4,E2,10
530.3854,1.8386,0.0518,0.3453,-3.3108,-0.3167,16.3422,B4,E2,10
530.6589,1.8395,0.0074,0.1621,-3.3108,-0.3167,16.3412,B4,E2,10
530.9922,1.8408,0.0018,0.0276,-3.3108,-0.3167,16.3399,B4,E2,10
531.2466,1.8417,0.0032,0.0056,-3.3108,-0.3167,16.339,B4,E2,10
531.58,1.8424,0.0023,0.0025,-3.3108,-0.3167,16.3382,B4,E2,10
531.8091,1.8425,0.0011,0.0055,-3.3108,-0.3167,16.3381,B4,E2,10
532.064,1.8423,0.0005,0.006,-3.3108,-0.3167,16.3383,B4,E2,10
532.3973,1.8414,0.0023,0.0056,-3.3108,-0.3167,16.3392,B4,E2,10
532.7285,1.8402,0.0036,0.004,-3.3108,-0.3167,16.3405,B4,E2,10
532.8668,1.832,0.0502,0.3365,-3.3107,-0.3167,16.3491,B4,E2,10
533.2001,1.8707,0.0865,0.4099,-3.3111,-0.3167,16.3089,B4,E2,10
533.4388,1.8892,0.0819,0.0191,-3.3112,-0.3167,16.2896,B4,E2,10
533.6786,1.9011,0.0574,0.102,-3.3113,-0.3167,16.2773,B4,E2,10
533.9567,1.9035,0.0185,0.1398,-3.3113,-0.3167,16.2748,B4,E2,10
534.2048,1.8962,0.0207,0.1583,-3.3113,-0.3167,16.2824,B4,E2,10
534.4705,1.8788,0.0584,0.1417,-3.3111,-0.3167,16.3004,B4,E2,10
534.8038,1.8467,0.0917,0.0999,-3.3108,-0.3167,16.3338,B4,E2,10
535.0402,1.8311,0.0732,0.0781,-3.3107,-0.3167,16.35,B4,E2,10
535.3735,1.8115,0.0636,0.0289,-3.3105,-0.3167,16.3704,B4,E2,10
535.5582,1.8195,0.0235,0.4713,-3.3106,-0.3167,16.362,B4,E2,10
535.8915,1.7998,0.0445,0.2038,-3.3104,-0.3167,16.3825,B4,E2,10
536.171,1.8139,0.0331,0.2777,-3.3106,-0.3167,16.3678,B4,E2,10
536.4117,1.8297,0.0612,0.1166,-3.3107,-0.3167,16.3514,B4,E2,10
536.7451,1.8543,0.0736,0.0374,-3.3109,-0.3167,16.3258,B4,E2,10
536.9839,1.87,0.0693,0.0181,-3.3111,-0.3167,16.3095,B4,E2,10
537.2384,1.8821,0.0532,0.0633,-3.3112,-0.3167,16.297,B4,E2,10
537.4962,1.8876,0.0283,0.0966,-3.3112,-0.3167,16.2913,B4,E2,10
537.8295,1.8819,0.0084,0.1101,-3.3112,-0.3167,16.2972,B4,E2,10
538.076,1.8984,0.0538,0.2524,-3.3113,-0.3167,16.2801,B4,E2,10
538.4094,1.8701,0.0596,0.3401,-3.3111,-0.3167,16.3094,B4,E2,10
538.7427,1.8601,0.037,0.0676,-3.311,-0.3167,16.3199,B4,E2,10
538.9602,1.8512,0.0413,0.0194,-3.3109,-0.3167,16.3291,B4,E2,10
539.2091,1.8394,0.0477,0.0257,-3.3108,-0.3167,16.3413,B4,E2,10
539.5197,1.8248,0.0486,0.0029,-3.3107,-0.3167,16.3565,B4,E2,10
539.8091,1.8143,0.04,0.0297,-3.3106,-0.3167,16.3674,B4,E2,10
